State,Date,Total
Alabama,2019-01-13,109574036.0
Alabama,2019-01-20,109864599.08888888
Alabama,2019-01-27,110155162.17777778
Alabama,2019-02-03,110445725.26666667
Alabama,2019-02-10,110736288.35555555
Alabama,2019-02-17,111026851.44444445
Alabama,2019-02-24,111317414.53333333
Alabama,2019-03-03,111607977.62222221
Alabama,2019-03-10,111898540.71111111
Alabama,2019-03-17,112189103.8
Alabama,2019-03-24,113490459.6923077
Alabama,2019-03-31,114791815.58461538
Alabama,2019-04-07,116093171.47692308
Alabama,2019-04-14,117394527.36923076
Alabama,2019-04-21,118695883.26153846
Alabama,2019-04-28,119997239.15384616
Alabama,2019-05-05,121298595.04615384
Alabama,2019-05-12,122599950.93846154
Alabama,2019-05-19,123901306.83076924
Alabama,2019-05-26,125202662.72307692
Alabama,2019-06-02,126504018.61538462
Alabama,2019-06-09,127805374.5076923
Alabama,2019-06-16,129106730.4
Alabama,2019-06-23,126770840.77777778
Alabama,2019-06-30,124434951.15555556
Alabama,2019-07-07,122099061.53333333
Alabama,2019-07-14,119763171.91111112
Alabama,2019-07-21,117427282.28888889
Alabama,2019-07-28,115091392.66666667
Alabama,2019-08-04,112755503.04444444
Alabama,2019-08-11,110419613.42222223
Alabama,2019-08-18,108083723.8
Alabama,2019-08-25,123912658.14999999
Alabama,2019-09-01,139741592.5
Alabama,2019-09-08,155570526.85
Alabama,2019-09-15,171399461.2
Alabama,2019-09-22,187228395.55
Alabama,2019-09-29,203057329.89999998
Alabama,2019-10-06,218886264.25
Alabama,2019-10-13,234715198.6
Alabama,2019-10-20,116218908.89999999
Alabama,2019-10-27,109968010.6
Alabama,2019-11-03,109664143.73333333
Alabama,2019-11-10,109360276.86666666
Alabama,2019-11-17,109056410.0
Alabama,2019-11-24,113040422.1
Alabama,2019-12-01,111536433.53333333
Alabama,2019-12-08,110032444.96666667
Alabama,2019-12-15,108528456.4
Alabama,2019-12-22,116541575.0
Alabama,2019-12-29,106949922.2
Alabama,2020-01-05,116651493.0
Alabama,2020-01-12,120522113.9
Alabama,2020-01-19,105904865.60000001
Alabama,2020-01-26,106265736.60000001
Alabama,2020-02-02,108358279.6
Alabama,2020-02-09,131945461.10000001
Alabama,2020-02-16,107397612.3
Alabama,2020-02-23,107801054.30000001
Alabama,2020-03-01,117933592.6
Alabama,2020-03-08,128066130.89999999
Alabama,2020-03-15,132632134.0
Alabama,2020-03-22,127145065.2
Alabama,2020-03-29,116657084.0
Alabama,2020-04-05,125185357.0
Alabama,2020-04-12,133713630.0
Alabama,2020-04-19,117742073.2
Alabama,2020-04-26,118114595.0
Alabama,2020-05-03,104239954.19999999
Alabama,2020-05-10,261674212.40000004
Alabama,2020-05-17,130340051.0
Alabama,2020-05-24,134708618.7
Alabama,2020-05-31,129887876.9
Alabama,2020-06-07,257650038.8
Alabama,2020-06-14,385412200.7
Alabama,2020-06-21,133712552.30000001
Alabama,2020-06-28,132320128.4
Alabama,2020-07-05,132312334.60000001
Alabama,2020-07-12,132304540.80000001
Alabama,2020-07-19,133548791.3
Alabama,2020-07-26,132657648.5
Alabama,2020-08-02,126049741.45
Alabama,2020-08-09,119441834.4
Alabama,2020-08-16,258783177.5
Alabama,2020-08-23,131642694.8
Alabama,2020-08-30,128713002.0
Alabama,2020-09-06,109022481.6
Alabama,2020-09-13,272214323.0
Alabama,2020-09-20,129079259.8
Alabama,2020-09-27,127614100.1
Alabama,2020-10-04,127760093.55
Alabama,2020-10-11,127906087.0
Alabama,2020-10-18,122464549.6
Alabama,2020-10-25,121301024.5
Alabama,2020-11-01,162920025.73333332
Alabama,2020-11-08,204539026.96666664
Alabama,2020-11-15,246158028.2
Alabama,2020-11-22,124645965.39999999
Alabama,2020-11-29,118491656.0
Alabama,2020-12-06,226223807.29999998
Alabama,2020-12-13,246302484.10000002
Alabama,2020-12-20,122244235.89999999
Alabama,2020-12-27,115522663.3
Alabama,2021-01-03,130809380.5
Alabama,2021-01-10,146096097.7
Alabama,2021-01-17,115816663.9
Alabama,2021-01-24,113870547.8
Alabama,2021-01-31,115802737.5
Alabama,2021-02-07,134697460.0
Alabama,2021-02-14,115644582.39999999
Alabama,2021-02-21,112186374.5
Alabama,2021-02-28,124158003.39999999
Alabama,2021-03-07,115331048.0
Alabama,2021-03-14,347176075.29999995
Alabama,2021-03-21,138119750.0
Alabama,2021-03-28,124801755.5
Alabama,2021-04-04,131843894.8
Alabama,2021-04-11,150209238.5
Alabama,2021-04-18,126192681.60000001
Alabama,2021-04-25,127348327.7
Alabama,2021-05-02,138120530.65
Alabama,2021-05-09,148892733.6
Alabama,2021-05-16,316063089.1
Alabama,2021-05-23,140446890.20000002
Alabama,2021-05-30,139935910.6
Alabama,2021-06-06,140893518.3
Alabama,2021-06-13,137083191.8
Alabama,2021-06-20,144489981.4
Alabama,2021-06-27,140720825.5
Alabama,2021-07-04,243751207.0
Alabama,2021-07-11,184678476.5
Alabama,2021-07-18,143840884.1
Alabama,2021-07-25,143718288.10000002
Alabama,2021-08-01,147757455.35000002
Alabama,2021-08-08,151796622.6
Alabama,2021-08-15,149096387.5
Alabama,2021-08-22,142623393.4
Alabama,2021-08-29,140962322.6
Alabama,2021-09-05,136554063.70000002
Alabama,2021-09-12,135175990.35000002
Alabama,2021-09-19,133797917.0
Alabama,2021-09-26,133378009.3
Alabama,2021-10-03,117780959.3
Alabama,2021-10-10,198855812.3
Alabama,2021-10-17,195850754.5
Alabama,2021-10-24,189687421.9
Alabama,2021-10-31,189048084.9
Alabama,2021-11-07,263789755.2
Alabama,2021-11-14,184911321.39999998
Alabama,2021-11-21,190608740.7
Alabama,2021-11-28,177133617.3
Alabama,2021-12-05,250598852.1
Alabama,2021-12-12,324064086.9
Alabama,2021-12-19,189045386.7
Alabama,2021-12-26,183210806.39999998
Alabama,2022-01-02,195593454.64999998
Alabama,2022-01-09,207976102.9
Alabama,2022-01-16,180918293.4
Alabama,2022-01-23,177754218.7
Alabama,2022-01-30,179630072.6
Alabama,2022-02-06,179002838.5
Alabama,2022-02-13,399817589.1
Alabama,2022-02-20,178404182.10000002
Alabama,2022-02-27,192108734.99999997
Alabama,2022-03-06,200427369.5
Alabama,2022-03-13,421024034.59999996
Alabama,2022-03-20,194303302.9
Alabama,2022-03-27,195635388.89999998
Alabama,2022-04-03,211697500.0
Alabama,2022-04-10,227759611.10000002
Alabama,2022-04-17,391833516.1
Alabama,2022-04-24,197876829.3
Alabama,2022-05-01,203794005.45
Alabama,2022-05-08,209711181.6
Alabama,2022-05-15,208193476.8
Alabama,2022-05-22,219547509.4
Alabama,2022-05-29,212449962.2
Alabama,2022-06-05,382887752.8
Alabama,2022-06-12,197814663.39999998
Alabama,2022-06-19,220358695.29999998
Alabama,2022-06-26,220100178.99999997
Alabama,2022-07-03,223454856.75
Alabama,2022-07-10,226809534.5
Alabama,2022-07-17,212769922.8
Alabama,2022-07-24,215436685.6
Alabama,2022-07-31,221654891.4
Alabama,2022-08-07,207537233.1
Alabama,2022-08-14,224323609.89999998
Alabama,2022-08-21,215153556.3
Alabama,2022-08-28,215670829.20000002
Alabama,2022-09-04,178676923.60000002
Alabama,2022-09-11,211016006.4
Alabama,2022-09-18,213270227.9
Alabama,2022-09-25,215556915.6
Alabama,2022-10-02,315439428.05
Alabama,2022-10-09,415321940.5
Alabama,2022-10-16,204418180.9
Alabama,2022-10-23,198480434.59999996
Alabama,2022-10-30,194245501.60000002
Alabama,2022-11-06,398958941.15000004
Alabama,2022-11-13,603672380.7
Alabama,2022-11-20,197053090.0
Alabama,2022-11-27,192420636.6
Alabama,2022-12-04,201129562.05
Alabama,2022-12-11,209838487.5
Alabama,2022-12-18,200415284.1
Alabama,2022-12-25,200741723.89999998
Alabama,2023-01-01,184497797.3
Alabama,2023-01-08,185021290.8
Alabama,2023-01-15,185544784.3
Alabama,2023-01-22,182246124.7
Alabama,2023-01-29,183105937.6
Alabama,2023-02-05,205535418.60000002
Alabama,2023-02-12,198489558.4
Alabama,2023-02-19,191443698.2
Alabama,2023-02-26,199003415.99999997
Alabama,2023-03-05,202957799.56666663
Alabama,2023-03-12,206912183.13333333
Alabama,2023-03-19,210866566.7
Alabama,2023-03-26,202214026.20000002
Alabama,2023-04-02,202520030.96666667
Alabama,2023-04-09,202826035.73333335
Alabama,2023-04-16,203132040.5
Alabama,2023-04-23,206852538.60000002
Alabama,2023-04-30,211451722.70000002
Alabama,2023-05-07,401783926.40000004
Alabama,2023-05-14,381538298.72222227
Alabama,2023-05-21,361292671.04444444
Alabama,2023-05-28,341047043.3666667
Alabama,2023-06-04,320801415.6888889
Alabama,2023-06-11,300555788.01111114
Alabama,2023-06-18,280310160.3333334
Alabama,2023-06-25,260064532.65555555
Alabama,2023-07-02,239818904.97777778
Alabama,2023-07-09,219573277.3
Alabama,2023-07-16,211302494.875
Alabama,2023-07-23,203031712.45
Alabama,2023-07-30,194760930.025
Alabama,2023-08-06,186490147.6
Alabama,2023-08-13,189661264.46
Alabama,2023-08-20,192832381.32
Alabama,2023-08-27,196003498.18
Alabama,2023-09-03,199174615.04
Alabama,2023-09-10,202345731.9
Alabama,2023-09-17,219725713.15
Alabama,2023-09-24,237105694.4
Alabama,2023-10-01,254485675.65000004
Alabama,2023-10-08,271865656.90000004
Alabama,2023-10-15,289245638.15000004
Alabama,2023-10-22,306625619.40000004
Alabama,2023-10-29,324005600.65000004
Alabama,2023-11-05,341385581.90000004
Alabama,2023-11-12,358765563.15000004
Alabama,2023-11-19,376145544.40000004
Alabama,2023-11-26,393525525.65000004
Alabama,2023-12-03,410905506.90000004
Arizona,2019-01-13,109101594.60000001
Arizona,2019-01-20,109804101.72222222
Arizona,2019-01-27,110506608.84444445
Arizona,2019-02-03,111209115.96666667
Arizona,2019-02-10,111911623.0888889
Arizona,2019-02-17,112614130.21111111
Arizona,2019-02-24,113316637.33333334
Arizona,2019-03-03,114019144.45555556
Arizona,2019-03-10,114721651.57777779
Arizona,2019-03-17,115424158.7
Arizona,2019-03-24,115766745.66923077
Arizona,2019-03-31,116109332.63846155
Arizona,2019-04-07,116451919.60769232
Arizona,2019-04-14,116794506.57692307
Arizona,2019-04-21,117137093.54615384
Arizona,2019-04-28,117479680.51538461
Arizona,2019-05-05,117822267.48461539
Arizona,2019-05-12,118164854.45384616
Arizona,2019-05-19,118507441.42307693
Arizona,2019-05-26,118850028.39230768
Arizona,2019-06-02,119192615.36153845
Arizona,2019-06-09,119535202.33076923
Arizona,2019-06-16,119877789.3
Arizona,2019-06-23,118825270.16666666
Arizona,2019-06-30,117772751.03333333
Arizona,2019-07-07,116720231.89999999
Arizona,2019-07-14,115667712.76666667
Arizona,2019-07-21,114615193.63333333
Arizona,2019-07-28,113562674.5
Arizona,2019-08-04,112510155.36666666
Arizona,2019-08-11,111457636.23333332
Arizona,2019-08-18,110405117.1
Arizona,2019-08-25,126342976.7875
Arizona,2019-09-01,142280836.475
Arizona,2019-09-08,158218696.1625
Arizona,2019-09-15,174156555.85
Arizona,2019-09-22,190094415.5375
Arizona,2019-09-29,206032275.225
Arizona,2019-10-06,221970134.9125
Arizona,2019-10-13,237907994.6
Arizona,2019-10-20,116127753.8
Arizona,2019-10-27,115216831.39999999
Arizona,2019-11-03,115641546.6
Arizona,2019-11-10,116066261.8
Arizona,2019-11-17,116490977.0
Arizona,2019-11-24,114640798.30000001
Arizona,2019-12-01,113225639.06666668
Arizona,2019-12-08,111810479.83333333
Arizona,2019-12-15,110395320.6
Arizona,2019-12-22,117291973.5
Arizona,2019-12-29,108536780.4
Arizona,2020-01-05,118349205.6
Arizona,2020-01-12,123994824.2
Arizona,2020-01-19,110294021.9
Arizona,2020-01-26,109185129.2
Arizona,2020-02-02,115328264.30000001
Arizona,2020-02-09,135907143.5
Arizona,2020-02-16,110562941.7
Arizona,2020-02-23,110993229.1
Arizona,2020-03-01,122929012.85
Arizona,2020-03-08,134864796.6
Arizona,2020-03-15,139557887.4
Arizona,2020-03-22,135979843.39999998
Arizona,2020-03-29,119847336.0
Arizona,2020-04-05,126176636.65
Arizona,2020-04-12,132505937.30000001
Arizona,2020-04-19,125902822.2
Arizona,2020-04-26,127294783.0
Arizona,2020-05-03,109641290.89999999
Arizona,2020-05-10,270116093.2
Arizona,2020-05-17,130942704.6
Arizona,2020-05-24,131535234.89999999
Arizona,2020-05-31,131413795.10000001
Arizona,2020-06-07,264768805.35000002
Arizona,2020-06-14,398123815.6
Arizona,2020-06-21,134529099.4
Arizona,2020-06-28,135096231.10000002
Arizona,2020-07-05,136727796.95000002
Arizona,2020-07-12,138359362.8
Arizona,2020-07-19,135991552.6
Arizona,2020-07-26,132190420.9
Arizona,2020-08-02,130087932.55000001
Arizona,2020-08-09,127985444.2
Arizona,2020-08-16,270271800.1
Arizona,2020-08-23,135396922.10000002
Arizona,2020-08-30,135895402.9
Arizona,2020-09-06,111821589.7
Arizona,2020-09-13,272143295.2
Arizona,2020-09-20,130208124.9
Arizona,2020-09-27,127220753.8
Arizona,2020-10-04,131624639.15
Arizona,2020-10-11,136028524.5
Arizona,2020-10-18,130530705.5
Arizona,2020-10-25,125675791.7
Arizona,2020-11-01,169413309.36666667
Arizona,2020-11-08,213150827.03333333
Arizona,2020-11-15,256888344.7
Arizona,2020-11-22,126324974.6
Arizona,2020-11-29,119295867.89999999
Arizona,2020-12-06,234075069.6
Arizona,2020-12-13,256763994.39999998
Arizona,2020-12-20,123308775.5
Arizona,2020-12-27,117662825.2
Arizona,2021-01-03,131162678.35
Arizona,2021-01-10,144662531.5
Arizona,2021-01-17,123411182.9
Arizona,2021-01-24,118460351.10000001
Arizona,2021-01-31,119030150.7
Arizona,2021-02-07,144090338.5
Arizona,2021-02-14,123255297.4
Arizona,2021-02-21,122351716.69999999
Arizona,2021-02-28,124760493.7
Arizona,2021-03-07,119728725.19999999
Arizona,2021-03-14,351183330.8
Arizona,2021-03-21,144705320.5
Arizona,2021-03-28,125617567.8
Arizona,2021-04-04,140912771.70000002
Arizona,2021-04-11,155493045.0
Arizona,2021-04-18,134735709.4
Arizona,2021-04-25,139157806.0
Arizona,2021-05-02,147261983.1
Arizona,2021-05-09,155366160.2
Arizona,2021-05-16,334133435.6
Arizona,2021-05-23,146832910.9
Arizona,2021-05-30,149964412.1
Arizona,2021-06-06,153270396.0
Arizona,2021-06-13,152816610.70000002
Arizona,2021-06-20,154949376.2
Arizona,2021-06-27,147305127.3
Arizona,2021-07-04,263072289.3
Arizona,2021-07-11,201120666.9
Arizona,2021-07-18,146199273.8
Arizona,2021-07-25,140495761.29999998
Arizona,2021-08-01,147421388.2
Arizona,2021-08-08,154347015.1
Arizona,2021-08-15,149953473.10000002
Arizona,2021-08-22,146414999.70000002
Arizona,2021-08-29,147911738.1
Arizona,2021-09-05,152933490.9
Arizona,2021-09-12,150725268.7
Arizona,2021-09-19,148517046.5
Arizona,2021-09-26,143876041.6
Arizona,2021-10-03,121976001.2
Arizona,2021-10-10,201963815.2
Arizona,2021-10-17,197141586.79999998
Arizona,2021-10-24,195856139.9
Arizona,2021-10-31,194283831.3
Arizona,2021-11-07,288813442.2
Arizona,2021-11-14,196009266.2
Arizona,2021-11-21,199577574.0
Arizona,2021-11-28,184063173.8
Arizona,2021-12-05,261011712.04999998
Arizona,2021-12-12,337960250.29999995
Arizona,2021-12-19,191792531.8
Arizona,2021-12-26,187019454.4
Arizona,2022-01-02,198682995.6
Arizona,2022-01-09,210346536.79999998
Arizona,2022-01-16,190506027.8
Arizona,2022-01-23,184460686.79999998
Arizona,2022-01-30,184840307.1
Arizona,2022-02-06,182124830.9
Arizona,2022-02-13,407891589.9
Arizona,2022-02-20,186140485.6
Arizona,2022-02-27,191804855.70000002
Arizona,2022-03-06,216587578.0
Arizona,2022-03-13,429620124.1
Arizona,2022-03-20,203135958.2
Arizona,2022-03-27,204330836.5
Arizona,2022-04-03,218644661.89999998
Arizona,2022-04-10,232958487.29999998
Arizona,2022-04-17,413519253.8
Arizona,2022-04-24,207194455.8
Arizona,2022-05-01,214330458.9
Arizona,2022-05-08,221466462.0
Arizona,2022-05-15,215137302.1
Arizona,2022-05-22,215304100.4
Arizona,2022-05-29,219462134.1
Arizona,2022-06-05,396158808.79999995
Arizona,2022-06-12,212352076.00000003
Arizona,2022-06-19,224705587.29999998
Arizona,2022-06-26,215666630.00000003
Arizona,2022-07-03,220813832.70000002
Arizona,2022-07-10,225961035.4
Arizona,2022-07-17,218623208.29999998
Arizona,2022-07-24,213178650.3
Arizona,2022-07-31,211959850.9
Arizona,2022-08-07,219329549.1
Arizona,2022-08-14,220700930.1
Arizona,2022-08-21,215522849.1
Arizona,2022-08-28,222686060.39999998
Arizona,2022-09-04,187226998.1
Arizona,2022-09-11,218976018.5
Arizona,2022-09-18,218387231.4
Arizona,2022-09-25,211204050.2
Arizona,2022-10-02,325459390.29999995
Arizona,2022-10-09,439714730.4
Arizona,2022-10-16,211117837.39999998
Arizona,2022-10-23,206019098.1
Arizona,2022-10-30,203716151.29999998
Arizona,2022-11-06,419811204.1
Arizona,2022-11-13,635906256.9
Arizona,2022-11-20,206468807.0
Arizona,2022-11-27,200179529.7
Arizona,2022-12-04,214569833.5
Arizona,2022-12-11,228960137.29999998
Arizona,2022-12-18,204225386.70000002
Arizona,2022-12-25,206642209.69999996
Arizona,2023-01-01,188408489.6
Arizona,2023-01-08,193858505.1
Arizona,2023-01-15,199308520.6
Arizona,2023-01-22,191351463.50000003
Arizona,2023-01-29,193432651.5
Arizona,2023-02-05,215603137.5
Arizona,2023-02-12,207885912.45
Arizona,2023-02-19,200168687.4
Arizona,2023-02-26,201565059.0
Arizona,2023-03-05,210298711.8
Arizona,2023-03-12,219032364.6
Arizona,2023-03-19,227766017.4
Arizona,2023-03-26,207113291.6
Arizona,2023-04-02,212415973.53333333
Arizona,2023-04-09,217718655.4666667
Arizona,2023-04-16,223021337.40000004
Arizona,2023-04-23,220557322.8
Arizona,2023-04-30,231156458.4
Arizona,2023-05-07,419911917.70000005
Arizona,2023-05-14,399977866.88888896
Arizona,2023-05-21,380043816.0777778
Arizona,2023-05-28,360109765.2666667
Arizona,2023-06-04,340175714.45555556
Arizona,2023-06-11,320241663.64444447
Arizona,2023-06-18,300307612.8333334
Arizona,2023-06-25,280373562.0222223
Arizona,2023-07-02,260439511.21111113
Arizona,2023-07-09,240505460.4
Arizona,2023-07-16,229036367.925
Arizona,2023-07-23,217567275.45
Arizona,2023-07-30,206098182.97499996
Arizona,2023-08-06,194629090.49999997
Arizona,2023-08-13,201573759.33999997
Arizona,2023-08-20,208518428.17999998
Arizona,2023-08-27,215463097.01999998
Arizona,2023-09-03,222407765.86
Arizona,2023-09-10,229352434.70000002
Arizona,2023-09-17,247462804.50833336
Arizona,2023-09-24,265573174.31666666
Arizona,2023-10-01,283683544.125
Arizona,2023-10-08,301793913.93333334
Arizona,2023-10-15,319904283.7416667
Arizona,2023-10-22,338014653.55
Arizona,2023-10-29,356125023.35833335
Arizona,2023-11-05,374235393.1666666
Arizona,2023-11-12,392345762.975
Arizona,2023-11-19,410456132.7833333
Arizona,2023-11-26,428566502.59166664
Arizona,2023-12-03,446676872.4
Arkansas,2019-01-13,58049432.2
Arkansas,2019-01-20,58105169.344444446
Arkansas,2019-01-27,58160906.48888889
Arkansas,2019-02-03,58216643.63333333
Arkansas,2019-02-10,58272380.777777776
Arkansas,2019-02-17,58328117.92222223
Arkansas,2019-02-24,58383855.06666667
Arkansas,2019-03-03,58439592.21111111
Arkansas,2019-03-10,58495329.35555556
Arkansas,2019-03-17,58551066.5
Arkansas,2019-03-24,59227893.307692304
Arkansas,2019-03-31,59904720.115384616
Arkansas,2019-04-07,60581546.92307692
Arkansas,2019-04-14,61258373.73076923
Arkansas,2019-04-21,61935200.538461536
Arkansas,2019-04-28,62612027.34615385
Arkansas,2019-05-05,63288854.15384615
Arkansas,2019-05-12,63965680.961538464
Arkansas,2019-05-19,64642507.76923077
Arkansas,2019-05-26,65319334.57692308
Arkansas,2019-06-02,65996161.384615384
Arkansas,2019-06-09,66672988.192307696
Arkansas,2019-06-16,67349815.0
Arkansas,2019-06-23,66433309.48888889
Arkansas,2019-06-30,65516803.97777778
Arkansas,2019-07-07,64600298.46666667
Arkansas,2019-07-14,63683792.95555556
Arkansas,2019-07-21,62767287.44444445
Arkansas,2019-07-28,61850781.93333333
Arkansas,2019-08-04,60934276.42222222
Arkansas,2019-08-11,60017770.91111111
Arkansas,2019-08-18,59101265.4
Arkansas,2019-08-25,67110368.5625
Arkansas,2019-09-01,75119471.725
Arkansas,2019-09-08,83128574.8875
Arkansas,2019-09-15,91137678.05
Arkansas,2019-09-22,99146781.2125
Arkansas,2019-09-29,107155884.375
Arkansas,2019-10-06,115164987.5375
Arkansas,2019-10-13,123174090.7
Arkansas,2019-10-20,59248420.7
Arkansas,2019-10-27,57654429.7
Arkansas,2019-11-03,57858039.333333336
Arkansas,2019-11-10,58061648.96666667
Arkansas,2019-11-17,58265258.6
Arkansas,2019-11-24,59690104.199999996
Arkansas,2019-12-01,59138711.86666666
Arkansas,2019-12-08,58587319.53333333
Arkansas,2019-12-15,58035927.199999996
Arkansas,2019-12-22,61147230.4
Arkansas,2019-12-29,58290655.300000004
Arkansas,2020-01-05,61187919.900000006
Arkansas,2020-01-12,61173664.6
Arkansas,2020-01-19,56718755.8
Arkansas,2020-01-26,55036033.800000004
Arkansas,2020-02-02,58093735.4
Arkansas,2020-02-09,70280652.3
Arkansas,2020-02-16,56891695.800000004
Arkansas,2020-02-23,55979415.7
Arkansas,2020-03-01,60849158.75
Arkansas,2020-03-08,65718901.800000004
Arkansas,2020-03-15,69299261.8
Arkansas,2020-03-22,66672577.7
Arkansas,2020-03-29,59930918.1
Arkansas,2020-04-05,63890628.2
Arkansas,2020-04-12,67850338.3
Arkansas,2020-04-19,62510706.4
Arkansas,2020-04-26,63303777.0
Arkansas,2020-05-03,56942259.1
Arkansas,2020-05-10,140201998.1
Arkansas,2020-05-17,67059258.8
Arkansas,2020-05-24,69534675.3
Arkansas,2020-05-31,67420352.5
Arkansas,2020-06-07,134602031.1
Arkansas,2020-06-14,201783709.7
Arkansas,2020-06-21,70943346.3
Arkansas,2020-06-28,69082980.10000001
Arkansas,2020-07-05,69982932.6
Arkansas,2020-07-12,70882885.1
Arkansas,2020-07-19,71755452.19999999
Arkansas,2020-07-26,70313070.5
Arkansas,2020-08-02,66956260.150000006
Arkansas,2020-08-09,63599449.800000004
Arkansas,2020-08-16,136413841.39999998
Arkansas,2020-08-23,70270226.89999999
Arkansas,2020-08-30,69321236.8
Arkansas,2020-09-06,58021179.800000004
Arkansas,2020-09-13,142222137.1
Arkansas,2020-09-20,68622671.7
Arkansas,2020-09-27,64905092.0
Arkansas,2020-10-04,65815414.150000006
Arkansas,2020-10-11,66725736.300000004
Arkansas,2020-10-18,64996749.3
Arkansas,2020-10-25,62410736.4
Arkansas,2020-11-01,85202475.73333333
Arkansas,2020-11-08,107994215.06666666
Arkansas,2020-11-15,130785954.39999999
Arkansas,2020-11-22,64469134.6
Arkansas,2020-11-29,62518777.7
Arkansas,2020-12-06,121382622.7
Arkansas,2020-12-13,133977932.80000001
Arkansas,2020-12-20,63362784.599999994
Arkansas,2020-12-27,63040187.6
Arkansas,2021-01-03,69801878.55
Arkansas,2021-01-10,76563569.5
Arkansas,2021-01-17,61751788.5
Arkansas,2021-01-24,59692624.3
Arkansas,2021-01-31,60629838.0
Arkansas,2021-02-07,70271403.1
Arkansas,2021-02-14,63052100.0
Arkansas,2021-02-21,56331935.5
Arkansas,2021-02-28,65438139.6
Arkansas,2021-03-07,61067744.9
Arkansas,2021-03-14,178917305.8
Arkansas,2021-03-21,71996986.8
Arkansas,2021-03-28,64565241.0
Arkansas,2021-04-04,68515096.7
Arkansas,2021-04-11,80327966.2
Arkansas,2021-04-18,67525813.3
Arkansas,2021-04-25,67632913.5
Arkansas,2021-05-02,72403112.25
Arkansas,2021-05-09,77173311.0
Arkansas,2021-05-16,165249477.4
Arkansas,2021-05-23,71888897.9
Arkansas,2021-05-30,72688735.7
Arkansas,2021-06-06,73746656.1
Arkansas,2021-06-13,75043823.1
Arkansas,2021-06-20,78781472.0
Arkansas,2021-06-27,74788922.2
Arkansas,2021-07-04,130200256.4
Arkansas,2021-07-11,98227444.3
Arkansas,2021-07-18,77954785.8
Arkansas,2021-07-25,76727707.1
Arkansas,2021-08-01,76758103.3
Arkansas,2021-08-08,76788499.5
Arkansas,2021-08-15,78200291.60000001
Arkansas,2021-08-22,75360901.6
Arkansas,2021-08-29,76041638.5
Arkansas,2021-09-05,71602055.80000001
Arkansas,2021-09-12,73132061.80000001
Arkansas,2021-09-19,74662067.8
Arkansas,2021-09-26,70631842.19999999
Arkansas,2021-10-03,62054714.199999996
Arkansas,2021-10-10,104309748.19999999
Arkansas,2021-10-17,101130187.6
Arkansas,2021-10-24,98315875.9
Arkansas,2021-10-31,96518729.50000001
Arkansas,2021-11-07,145091076.79999998
Arkansas,2021-11-14,99626518.50000001
Arkansas,2021-11-21,100440189.2
Arkansas,2021-11-28,95547889.20000002
Arkansas,2021-12-05,134672518.7
Arkansas,2021-12-12,173797148.2
Arkansas,2021-12-19,99984093.69999999
Arkansas,2021-12-26,99759952.19999999
Arkansas,2022-01-02,101782523.04999998
Arkansas,2022-01-09,103805093.89999999
Arkansas,2022-01-16,98948579.5
Arkansas,2022-01-23,92112220.2
Arkansas,2022-01-30,94644193.20000002
Arkansas,2022-02-06,93380356.69999999
Arkansas,2022-02-13,209838069.1
Arkansas,2022-02-20,90819494.30000001
Arkansas,2022-02-27,99037114.9
Arkansas,2022-03-06,103811547.80000001
Arkansas,2022-03-13,222146007.9
Arkansas,2022-03-20,102381503.10000001
Arkansas,2022-03-27,99464637.10000001
Arkansas,2022-04-03,109203606.19999999
Arkansas,2022-04-10,118942575.29999998
Arkansas,2022-04-17,203854447.29999998
Arkansas,2022-04-24,100996169.10000001
Arkansas,2022-05-01,105026916.35000001
Arkansas,2022-05-08,109057663.60000001
Arkansas,2022-05-15,110749148.4
Arkansas,2022-05-22,110460401.70000002
Arkansas,2022-05-29,109863858.89999999
Arkansas,2022-06-05,199711726.90000004
Arkansas,2022-06-12,104366456.9
Arkansas,2022-06-19,117770997.19999999
Arkansas,2022-06-26,114411031.9
Arkansas,2022-07-03,115279995.60000001
Arkansas,2022-07-10,116148959.30000001
Arkansas,2022-07-17,114762338.9
Arkansas,2022-07-24,114581651.4
Arkansas,2022-07-31,114979801.60000001
Arkansas,2022-08-07,105764202.7
Arkansas,2022-08-14,118150218.69999999
Arkansas,2022-08-21,112180743.0
Arkansas,2022-08-28,113832343.8
Arkansas,2022-09-04,94532466.60000001
Arkansas,2022-09-11,112645109.0
Arkansas,2022-09-18,113416519.2
Arkansas,2022-09-25,110869551.89999999
Arkansas,2022-10-02,166678386.04999998
Arkansas,2022-10-09,222487220.2
Arkansas,2022-10-16,109648626.3
Arkansas,2022-10-23,105598574.80000001
Arkansas,2022-10-30,102518257.5
Arkansas,2022-11-06,213308242.64999998
Arkansas,2022-11-13,324098227.79999995
Arkansas,2022-11-20,104002356.5
Arkansas,2022-11-27,103751416.3
Arkansas,2022-12-04,107057475.65
Arkansas,2022-12-11,110363535.0
Arkansas,2022-12-18,104855819.60000001
Arkansas,2022-12-25,110014384.19999999
Arkansas,2023-01-01,96531611.8
Arkansas,2023-01-08,99009736.65
Arkansas,2023-01-15,101487861.5
Arkansas,2023-01-22,96226247.7
Arkansas,2023-01-29,98786791.39999999
Arkansas,2023-02-05,109455464.5
Arkansas,2023-02-12,105147756.35
Arkansas,2023-02-19,100840048.19999999
Arkansas,2023-02-26,102483062.80000001
Arkansas,2023-03-05,105583571.00000001
Arkansas,2023-03-12,108684079.2
Arkansas,2023-03-19,111784587.4
Arkansas,2023-03-26,102395451.1
Arkansas,2023-04-02,105372813.23333333
Arkansas,2023-04-09,108350175.36666666
Arkansas,2023-04-16,111327537.5
Arkansas,2023-04-23,110406153.0
Arkansas,2023-04-30,111996706.0
Arkansas,2023-05-07,211959772.8
Arkansas,2023-05-14,201348139.4888889
Arkansas,2023-05-21,190736506.1777778
Arkansas,2023-05-28,180124872.86666667
Arkansas,2023-06-04,169513239.55555558
Arkansas,2023-06-11,158901606.24444446
Arkansas,2023-06-18,148289972.93333334
Arkansas,2023-06-25,137678339.62222224
Arkansas,2023-07-02,127066706.31111112
Arkansas,2023-07-09,116455073.00000001
Arkansas,2023-07-16,112094478.12500001
Arkansas,2023-07-23,107733883.25000001
Arkansas,2023-07-30,103373288.37500001
Arkansas,2023-08-06,99012693.50000001
Arkansas,2023-08-13,101758271.06000002
Arkansas,2023-08-20,104503848.62000002
Arkansas,2023-08-27,107249426.18
Arkansas,2023-09-03,109995003.74000001
Arkansas,2023-09-10,112740581.30000001
Arkansas,2023-09-17,121629709.26666668
Arkansas,2023-09-24,130518837.23333333
Arkansas,2023-10-01,139407965.2
Arkansas,2023-10-08,148297093.16666666
Arkansas,2023-10-15,157186221.13333333
Arkansas,2023-10-22,166075349.1
Arkansas,2023-10-29,174964477.06666666
Arkansas,2023-11-05,183853605.0333333
Arkansas,2023-11-12,192742733.0
Arkansas,2023-11-19,201631860.96666664
Arkansas,2023-11-26,210520988.9333333
Arkansas,2023-12-03,219410116.89999998
California,2019-01-13,444766890.59999996
California,2019-01-20,450081358.24444443
California,2019-01-27,455395825.88888884
California,2019-02-03,460710293.5333333
California,2019-02-10,466024761.17777777
California,2019-02-17,471339228.8222222
California,2019-02-24,476653696.46666664
California,2019-03-03,481968164.1111111
California,2019-03-10,487282631.7555555
California,2019-03-17,492597099.4
California,2019-03-24,493673301.29999995
California,2019-03-31,494749503.2
California,2019-04-07,495825705.09999996
California,2019-04-14,496901907.0
California,2019-04-21,497978108.9
California,2019-04-28,499054310.8
California,2019-05-05,500130512.7
California,2019-05-12,501206714.6
California,2019-05-19,502282916.5
California,2019-05-26,503359118.40000004
California,2019-06-02,504435320.3
California,2019-06-09,505511522.20000005
California,2019-06-16,506587724.1
California,2019-06-23,500285235.2444445
California,2019-06-30,493982746.3888889
California,2019-07-07,487680257.53333336
California,2019-07-14,481377768.6777778
California,2019-07-21,475075279.82222223
California,2019-07-28,468772790.9666667
California,2019-08-04,462470302.11111116
California,2019-08-11,456167813.25555557
California,2019-08-18,449865324.40000004
California,2019-08-25,518805023.52500004
California,2019-09-01,587744722.6500001
California,2019-09-08,656684421.7750001
California,2019-09-15,725624120.9000001
California,2019-09-22,794563820.0250001
California,2019-09-29,863503519.1500001
California,2019-10-06,932443218.2750001
California,2019-10-13,1001382917.4
California,2019-10-20,491957816.8
California,2019-10-27,505768871.6
California,2019-11-03,499444033.90000004
California,2019-11-10,493119196.2
California,2019-11-17,486794358.5
California,2019-11-24,477240954.9
California,2019-12-01,471981138.43333334
California,2019-12-08,466721321.96666664
California,2019-12-15,461461505.5
California,2019-12-22,491464690.1
California,2019-12-29,446846318.6
California,2020-01-05,488089629.5
California,2020-01-12,517917262.5
California,2020-01-19,439475031.59999996
California,2020-01-26,450336277.4
California,2020-02-02,467920812.5
California,2020-02-09,571725103.4
California,2020-02-16,446287373.4
California,2020-02-23,454404243.0
California,2020-03-01,488928920.8
California,2020-03-08,523453598.6
California,2020-03-15,594467896.6999999
California,2020-03-22,514100498.90000004
California,2020-03-29,465090389.20000005
California,2020-04-05,510010943.0500001
California,2020-04-12,554931496.9000001
California,2020-04-19,499937571.79999995
California,2020-04-26,511961312.5
California,2020-05-03,450124199.0
California,2020-05-10,1075361072.6
California,2020-05-17,506672447.79999995
California,2020-05-24,528426454.4
California,2020-05-31,525499508.9
California,2020-06-07,1083969276.1999998
California,2020-06-14,1642439043.5
California,2020-06-21,539820647.4
California,2020-06-28,550818407.0
California,2020-07-05,553673642.2
California,2020-07-12,556528877.4
California,2020-07-19,566344439.3000001
California,2020-07-26,563610656.6999999
California,2020-08-02,534068037.54999995
California,2020-08-09,504525418.40000004
California,2020-08-16,1104196523.1
California,2020-08-23,586280791.9
California,2020-08-30,577902644.1
California,2020-09-06,446322188.5
California,2020-09-13,1127565351.5
California,2020-09-20,546802449.0
California,2020-09-27,536372040.3
California,2020-10-04,534569084.05
California,2020-10-11,532766127.8
California,2020-10-18,535362222.1
California,2020-10-25,529163244.1
California,2020-11-01,699870584.4666667
California,2020-11-08,870577924.8333334
California,2020-11-15,1041285265.2
California,2020-11-22,521507021.7
California,2020-11-29,471884848.7
California,2020-12-06,933781077.4
California,2020-12-13,1059956561.0
California,2020-12-20,505770196.2
California,2020-12-27,474551685.6
California,2021-01-03,538775538.6
California,2021-01-10,602999391.6
California,2021-01-17,488099008.09999996
California,2021-01-24,475172742.7
California,2021-01-31,476419789.8
California,2021-02-07,552679134.7
California,2021-02-14,485051220.6
California,2021-02-21,482836202.2
California,2021-02-28,514375628.90000004
California,2021-03-07,479823371.0
California,2021-03-14,1459309233.1999998
California,2021-03-21,535505288.4
California,2021-03-28,488584341.90000004
California,2021-04-04,536621575.4
California,2021-04-11,622923227.6
California,2021-04-18,515453323.29999995
California,2021-04-25,532877585.70000005
California,2021-05-02,579258988.8
California,2021-05-09,625640391.9
California,2021-05-16,1300378097.1999998
California,2021-05-23,564105034.3
California,2021-05-30,580968751.4
California,2021-06-06,578471229.1999999
California,2021-06-13,589885974.1
California,2021-06-20,602011587.0
California,2021-06-27,585311316.3
California,2021-07-04,1033115579.1
California,2021-07-11,783320345.9000001
California,2021-07-18,608751470.5
California,2021-07-25,598589158.0
California,2021-08-01,604976933.55
California,2021-08-08,611364709.1
California,2021-08-15,638156863.5
California,2021-08-22,617148867.9
California,2021-08-29,595262791.2
California,2021-09-05,576813822.5
California,2021-09-12,581558319.3
California,2021-09-19,586302816.1
California,2021-09-26,580649015.4
California,2021-10-03,478632113.0
California,2021-10-10,815989723.9
California,2021-10-17,818621940.4
California,2021-10-24,782324756.1999999
California,2021-10-31,801781952.4
California,2021-11-07,1121298640.4
California,2021-11-14,792175855.0000001
California,2021-11-21,804762761.8000002
California,2021-11-28,738558959.5
California,2021-12-05,1048469377.4
California,2021-12-12,1358379795.3
California,2021-12-19,774968961.5
California,2021-12-26,749275823.4000001
California,2022-01-02,785851442.8000001
California,2022-01-09,822427062.2
California,2022-01-16,755673420.5
California,2022-01-23,750604359.6
California,2022-01-30,732224035.4000001
California,2022-02-06,729386633.3000001
California,2022-02-13,1619141976.0
California,2022-02-20,739917837.5999999
California,2022-02-27,757884374.0
California,2022-03-06,819513915.0
California,2022-03-13,1714599430.6
California,2022-03-20,773456532.8000001
California,2022-03-27,798854527.9999999
California,2022-04-03,876042616.5
California,2022-04-10,953230705.0
California,2022-04-17,1586995282.7
California,2022-04-24,798871465.4
California,2022-05-01,833117181.3499999
California,2022-05-08,867362897.3
California,2022-05-15,812869873.9
California,2022-05-22,823723310.0
California,2022-05-29,854870957.3
California,2022-06-05,1521555446.3
California,2022-06-12,813144569.1
California,2022-06-19,886160929.0
California,2022-06-26,888243244.7
California,2022-07-03,906802626.3000001
California,2022-07-10,925362007.9000001
California,2022-07-17,896695789.9
California,2022-07-24,921542953.5
California,2022-07-31,903223651.4000001
California,2022-08-07,837782910.0
California,2022-08-14,938316356.1
California,2022-08-21,900851966.6999998
California,2022-08-28,909390978.8000001
California,2022-09-04,736430206.7
California,2022-09-11,866381839.0
California,2022-09-18,867638860.1
California,2022-09-25,855686656.1
California,2022-10-02,1289933312.0
California,2022-10-09,1724179967.9
California,2022-10-16,826542797.3
California,2022-10-23,836400783.5
California,2022-10-30,821263498.8000001
California,2022-11-06,1677341929.1999998
California,2022-11-13,2533420359.6
California,2022-11-20,832806518.2
California,2022-11-27,792984859.5999999
California,2022-12-04,843697439.75
California,2022-12-11,894410019.9
California,2022-12-18,802540094.2
California,2022-12-25,815368628.4000001
California,2023-01-01,756579579.1
California,2023-01-08,761789297.95
California,2023-01-15,766999016.8
California,2023-01-22,764986978.7
California,2023-01-29,778317434.5999999
California,2023-02-05,813344182.4
California,2023-02-12,799771800.6499999
California,2023-02-19,786199418.8999999
California,2023-02-26,786344636.4
California,2023-03-05,804666037.9666667
California,2023-03-12,822987439.5333333
California,2023-03-19,841308841.1
California,2023-03-26,789656125.1
California,2023-04-02,804845112.1333333
California,2023-04-09,820034099.1666666
California,2023-04-16,835223086.1999999
California,2023-04-23,850571753.5000001
California,2023-04-30,874642690.5
California,2023-05-07,1626944764.2000003
California,2023-05-14,1544312469.9444447
California,2023-05-21,1461680175.688889
California,2023-05-28,1379047881.4333334
California,2023-06-04,1296415587.177778
California,2023-06-11,1213783292.9222224
California,2023-06-18,1131150998.6666667
California,2023-06-25,1048518704.4111112
California,2023-07-02,965886410.1555556
California,2023-07-09,883254115.9
California,2023-07-16,851596701.975
California,2023-07-23,819939288.05
California,2023-07-30,788281874.125
California,2023-08-06,756624460.2
California,2023-08-13,777364190.12
California,2023-08-20,798103920.04
California,2023-08-27,818843649.96
California,2023-09-03,839583379.88
California,2023-09-10,860323109.8
California,2023-09-17,935928341.9666666
California,2023-09-24,1011533574.1333333
California,2023-10-01,1087138806.3
California,2023-10-08,1162744038.4666667
California,2023-10-15,1238349270.6333332
California,2023-10-22,1313954502.8
California,2023-10-29,1389559734.9666667
California,2023-11-05,1465164967.1333332
California,2023-11-12,1540770199.3
California,2023-11-19,1616375431.4666667
California,2023-11-26,1691980663.6333332
California,2023-12-03,1767585895.8
Colorado,2019-01-13,89816716.3
Colorado,2019-01-20,90080895.48888889
Colorado,2019-01-27,90345074.67777778
Colorado,2019-02-03,90609253.86666666
Colorado,2019-02-10,90873433.05555555
Colorado,2019-02-17,91137612.24444444
Colorado,2019-02-24,91401791.43333334
Colorado,2019-03-03,91665970.62222221
Colorado,2019-03-10,91930149.81111111
Colorado,2019-03-17,92194329.0
Colorado,2019-03-24,92827304.91538462
Colorado,2019-03-31,93460280.83076923
Colorado,2019-04-07,94093256.74615385
Colorado,2019-04-14,94726232.66153847
Colorado,2019-04-21,95359208.57692307
Colorado,2019-04-28,95992184.4923077
Colorado,2019-05-05,96625160.40769231
Colorado,2019-05-12,97258136.32307693
Colorado,2019-05-19,97891112.23846154
Colorado,2019-05-26,98524088.15384616
Colorado,2019-06-02,99157064.06923078
Colorado,2019-06-09,99790039.98461539
Colorado,2019-06-16,100423015.9
Colorado,2019-06-23,99594630.23333333
Colorado,2019-06-30,98766244.56666666
Colorado,2019-07-07,97937858.9
Colorado,2019-07-14,97109473.23333333
Colorado,2019-07-21,96281087.56666666
Colorado,2019-07-28,95452701.89999999
Colorado,2019-08-04,94624316.23333332
Colorado,2019-08-11,93795930.56666666
Colorado,2019-08-18,92967544.89999999
Colorado,2019-08-25,105269147.2875
Colorado,2019-09-01,117570749.675
Colorado,2019-09-08,129872352.0625
Colorado,2019-09-15,142173954.45
Colorado,2019-09-22,154475556.8375
Colorado,2019-09-29,166777159.225
Colorado,2019-10-06,179078761.6125
Colorado,2019-10-13,191380364.0
Colorado,2019-10-20,96070971.2
Colorado,2019-10-27,97471702.1
Colorado,2019-11-03,96640454.96666667
Colorado,2019-11-10,95809207.83333333
Colorado,2019-11-17,94977960.7
Colorado,2019-11-24,95674566.19999999
Colorado,2019-12-01,96371698.56666666
Colorado,2019-12-08,97068830.93333334
Colorado,2019-12-15,97765963.30000001
Colorado,2019-12-22,102108204.1
Colorado,2019-12-29,91828009.4
Colorado,2020-01-05,98316102.4
Colorado,2020-01-12,97188915.5
Colorado,2020-01-19,93556020.80000001
Colorado,2020-01-26,91933086.7
Colorado,2020-02-02,96637421.6
Colorado,2020-02-09,116777703.5
Colorado,2020-02-16,93183876.7
Colorado,2020-02-23,92341806.10000001
Colorado,2020-03-01,98879226.65
Colorado,2020-03-08,105416647.2
Colorado,2020-03-15,117149278.4
Colorado,2020-03-22,104354542.8
Colorado,2020-03-29,94075698.0
Colorado,2020-04-05,100219985.0
Colorado,2020-04-12,106364272.0
Colorado,2020-04-19,99657929.5
Colorado,2020-04-26,100031056.1
Colorado,2020-05-03,93858490.4
Colorado,2020-05-10,220546518.90000004
Colorado,2020-05-17,106926595.6
Colorado,2020-05-24,110779344.0
Colorado,2020-05-31,106394738.1
Colorado,2020-06-07,217379472.64999998
Colorado,2020-06-14,328364207.2
Colorado,2020-06-21,111039373.0
Colorado,2020-06-28,116567564.6
Colorado,2020-07-05,115792981.55
Colorado,2020-07-12,115018398.5
Colorado,2020-07-19,119223162.4
Colorado,2020-07-26,115636419.7
Colorado,2020-08-02,109492570.5
Colorado,2020-08-09,103348721.3
Colorado,2020-08-16,222918883.10000002
Colorado,2020-08-23,116517360.6
Colorado,2020-08-30,114589945.6
Colorado,2020-09-06,91717704.80000001
Colorado,2020-09-13,226868219.10000002
Colorado,2020-09-20,109526976.69999999
Colorado,2020-09-27,107762178.2
Colorado,2020-10-04,106438630.8
Colorado,2020-10-11,105115083.39999999
Colorado,2020-10-18,103854517.7
Colorado,2020-10-25,101886131.2
Colorado,2020-11-01,137271667.56666666
Colorado,2020-11-08,172657203.93333334
Colorado,2020-11-15,208042740.3
Colorado,2020-11-22,104943496.6
Colorado,2020-11-29,94796795.6
Colorado,2020-12-06,194820314.39999998
Colorado,2020-12-13,221409222.6
Colorado,2020-12-20,104443757.6
Colorado,2020-12-27,99610493.8
Colorado,2021-01-03,111504182.05
Colorado,2021-01-10,123397870.3
Colorado,2021-01-17,100352533.3
Colorado,2021-01-24,98388621.1
Colorado,2021-01-31,99306859.8
Colorado,2021-02-07,113113760.39999999
Colorado,2021-02-14,98307861.0
Colorado,2021-02-21,97443598.9
Colorado,2021-02-28,101868949.8
Colorado,2021-03-07,99516019.1
Colorado,2021-03-14,293038602.1
Colorado,2021-03-21,105019246.8
Colorado,2021-03-28,99085283.39999999
Colorado,2021-04-04,104844288.5
Colorado,2021-04-11,129578193.69999999
Colorado,2021-04-18,99335213.10000001
Colorado,2021-04-25,104244477.0
Colorado,2021-05-02,114724346.69999999
Colorado,2021-05-09,125204216.39999999
Colorado,2021-05-16,261669920.7
Colorado,2021-05-23,117625052.5
Colorado,2021-05-30,116957171.10000001
Colorado,2021-06-06,121425334.3
Colorado,2021-06-13,125933476.30000001
Colorado,2021-06-20,127783969.3
Colorado,2021-06-27,120337963.8
Colorado,2021-07-04,211141224.4
Colorado,2021-07-11,156696702.40000004
Colorado,2021-07-18,124870675.9
Colorado,2021-07-25,124809030.39999999
Colorado,2021-08-01,125544160.44999999
Colorado,2021-08-08,126279290.5
Colorado,2021-08-15,127856916.8
Colorado,2021-08-22,124153755.6
Colorado,2021-08-29,120426229.1
Colorado,2021-09-05,112816690.89999999
Colorado,2021-09-12,115582001.55
Colorado,2021-09-19,118347312.2
Colorado,2021-09-26,116470674.8
Colorado,2021-10-03,99984580.5
Colorado,2021-10-10,163295548.0
Colorado,2021-10-17,158171904.69999996
Colorado,2021-10-24,157175507.0
Colorado,2021-10-31,155305035.70000005
Colorado,2021-11-07,234587944.10000002
Colorado,2021-11-14,156901319.00000003
Colorado,2021-11-21,160371574.7
Colorado,2021-11-28,147374438.29999998
Colorado,2021-12-05,211825638.25
Colorado,2021-12-12,276276838.2
Colorado,2021-12-19,163200758.70000005
Colorado,2021-12-26,156967757.4
Colorado,2022-01-02,161816410.0
Colorado,2022-01-09,166665062.60000002
Colorado,2022-01-16,156254016.4
Colorado,2022-01-23,150034320.4
Colorado,2022-01-30,152646637.4
Colorado,2022-02-06,151947526.0
Colorado,2022-02-13,326157785.6
Colorado,2022-02-20,151291673.4
Colorado,2022-02-27,155238168.39999998
Colorado,2022-03-06,166188104.2
Colorado,2022-03-13,358334640.5
Colorado,2022-03-20,154499195.1
Colorado,2022-03-27,156865111.2
Colorado,2022-04-03,173893956.1
Colorado,2022-04-10,190922801.0
Colorado,2022-04-17,324755114.9
Colorado,2022-04-24,160943181.9
Colorado,2022-05-01,168932782.64999998
Colorado,2022-05-08,176922383.39999998
Colorado,2022-05-15,172753761.9
Colorado,2022-05-22,170755924.79999998
Colorado,2022-05-29,175164905.2
Colorado,2022-06-05,316037036.40000004
Colorado,2022-06-12,163509209.70000002
Colorado,2022-06-19,188954673.1
Colorado,2022-06-26,183110600.79999998
Colorado,2022-07-03,187132846.5
Colorado,2022-07-10,191155092.2
Colorado,2022-07-17,191510122.1
Colorado,2022-07-24,190447519.1
Colorado,2022-07-31,187086252.10000002
Colorado,2022-08-07,168274038.0
Colorado,2022-08-14,194019812.60000002
Colorado,2022-08-21,185820295.7
Colorado,2022-08-28,184995506.50000003
Colorado,2022-09-04,153105242.59999996
Colorado,2022-09-11,171131406.6
Colorado,2022-09-18,178738199.3
Colorado,2022-09-25,173668948.4
Colorado,2022-10-02,263253732.7
Colorado,2022-10-09,352838517.0
Colorado,2022-10-16,168565630.3
Colorado,2022-10-23,165083337.9
Colorado,2022-10-30,159706081.7
Colorado,2022-11-06,337612659.45000005
Colorado,2022-11-13,515519237.20000005
Colorado,2022-11-20,166380492.10000002
Colorado,2022-11-27,159140608.9
Colorado,2022-12-04,174201221.8
Colorado,2022-12-11,189261834.7
Colorado,2022-12-18,172438878.20000002
Colorado,2022-12-25,174350868.5
Colorado,2023-01-01,157223681.6
Colorado,2023-01-08,160679883.15
Colorado,2023-01-15,164136084.70000002
Colorado,2023-01-22,157271987.79999998
Colorado,2023-01-29,159977860.39999998
Colorado,2023-02-05,164277029.20000002
Colorado,2023-02-12,163096685.8
Colorado,2023-02-19,161916342.4
Colorado,2023-02-26,162974536.39999998
Colorado,2023-03-05,167306470.99999997
Colorado,2023-03-12,171638405.6
Colorado,2023-03-19,175970340.2
Colorado,2023-03-26,162208710.6
Colorado,2023-04-02,165230922.4
Colorado,2023-04-09,168253134.2
Colorado,2023-04-16,171275346.0
Colorado,2023-04-23,171663317.7
Colorado,2023-04-30,176581203.7
Colorado,2023-05-07,336634109.90000004
Colorado,2023-05-14,319704955.31111115
Colorado,2023-05-21,302775800.72222227
Colorado,2023-05-28,285846646.1333333
Colorado,2023-06-04,268917491.54444444
Colorado,2023-06-11,251988336.95555556
Colorado,2023-06-18,235059182.36666667
Colorado,2023-06-25,218130027.7777778
Colorado,2023-07-02,201200873.18888888
Colorado,2023-07-09,184271718.6
Colorado,2023-07-16,178009391.85
Colorado,2023-07-23,171747065.10000002
Colorado,2023-07-30,165484738.35000002
Colorado,2023-08-06,159222411.60000002
Colorado,2023-08-13,162596074.42000002
Colorado,2023-08-20,165969737.24
Colorado,2023-08-27,169343400.06000003
Colorado,2023-09-03,172717062.88000003
Colorado,2023-09-10,176090725.70000002
Colorado,2023-09-17,191000555.57500002
Colorado,2023-09-24,205910385.45000002
Colorado,2023-10-01,220820215.32500002
Colorado,2023-10-08,235730045.20000002
Colorado,2023-10-15,250639875.07500005
Colorado,2023-10-22,265549704.95000005
Colorado,2023-10-29,280459534.82500005
Colorado,2023-11-05,295369364.70000005
Colorado,2023-11-12,310279194.57500005
Colorado,2023-11-19,325189024.45000005
Colorado,2023-11-26,340098854.32500005
Colorado,2023-12-03,355008684.20000005
Connecticut,2019-01-13,49715400.0
Connecticut,2019-01-20,49580963.61111111
Connecticut,2019-01-27,49446527.222222224
Connecticut,2019-02-03,49312090.833333336
Connecticut,2019-02-10,49177654.44444445
Connecticut,2019-02-17,49043218.05555555
Connecticut,2019-02-24,48908781.666666664
Connecticut,2019-03-03,48774345.277777776
Connecticut,2019-03-10,48639908.88888889
Connecticut,2019-03-17,48505472.5
Connecticut,2019-03-24,48918844.29230769
Connecticut,2019-03-31,49332216.08461539
Connecticut,2019-04-07,49745587.87692308
Connecticut,2019-04-14,50158959.669230774
Connecticut,2019-04-21,50572331.461538464
Connecticut,2019-04-28,50985703.25384615
Connecticut,2019-05-05,51399075.04615385
Connecticut,2019-05-12,51812446.83846154
Connecticut,2019-05-19,52225818.63076923
Connecticut,2019-05-26,52639190.42307693
Connecticut,2019-06-02,53052562.21538462
Connecticut,2019-06-09,53465934.007692315
Connecticut,2019-06-16,53879305.800000004
Connecticut,2019-06-23,53496558.844444446
Connecticut,2019-06-30,53113811.888888896
Connecticut,2019-07-07,52731064.93333334
Connecticut,2019-07-14,52348317.97777778
Connecticut,2019-07-21,51965571.02222223
Connecticut,2019-07-28,51582824.06666667
Connecticut,2019-08-04,51200077.11111111
Connecticut,2019-08-11,50817330.15555556
Connecticut,2019-08-18,50434583.2
Connecticut,2019-08-25,56837295.612500004
Connecticut,2019-09-01,63240008.025000006
Connecticut,2019-09-08,69642720.4375
Connecticut,2019-09-15,76045432.85
Connecticut,2019-09-22,82448145.2625
Connecticut,2019-09-29,88850857.675
Connecticut,2019-10-06,95253570.0875
Connecticut,2019-10-13,101656282.5
Connecticut,2019-10-20,47666438.8
Connecticut,2019-10-27,48601957.300000004
Connecticut,2019-11-03,49001463.6
Connecticut,2019-11-10,49400969.900000006
Connecticut,2019-11-17,49800476.2
Connecticut,2019-11-24,51528057.900000006
Connecticut,2019-12-01,50997166.66666667
Connecticut,2019-12-08,50466275.43333333
Connecticut,2019-12-15,49935384.199999996
Connecticut,2019-12-22,52849555.1
Connecticut,2019-12-29,51807783.800000004
Connecticut,2020-01-05,49149288.9
Connecticut,2020-01-12,49676493.300000004
Connecticut,2020-01-19,49862781.1
Connecticut,2020-01-26,45722598.3
Connecticut,2020-02-02,47694238.800000004
Connecticut,2020-02-09,61118340.7
Connecticut,2020-02-16,45861184.4
Connecticut,2020-02-23,47425737.0
Connecticut,2020-03-01,50200268.65
Connecticut,2020-03-08,52974800.3
Connecticut,2020-03-15,59045572.400000006
Connecticut,2020-03-22,57791337.2
Connecticut,2020-03-29,49852833.0
Connecticut,2020-04-05,52497094.55
Connecticut,2020-04-12,55141356.099999994
Connecticut,2020-04-19,50759622.7
Connecticut,2020-04-26,48865178.300000004
Connecticut,2020-05-03,51480724.699999996
Connecticut,2020-05-10,118253298.5
Connecticut,2020-05-17,53808717.8
Connecticut,2020-05-24,58935642.5
Connecticut,2020-05-31,56522796.2
Connecticut,2020-06-07,111463263.35
Connecticut,2020-06-14,166403730.5
Connecticut,2020-06-21,57546803.199999996
Connecticut,2020-06-28,61324731.699999996
Connecticut,2020-07-05,60210785.449999996
Connecticut,2020-07-12,59096839.199999996
Connecticut,2020-07-19,60398186.5
Connecticut,2020-07-26,58895237.300000004
Connecticut,2020-08-02,56488765.55
Connecticut,2020-08-09,54082293.8
Connecticut,2020-08-16,113187771.8
Connecticut,2020-08-23,56648743.7
Connecticut,2020-08-30,56701167.7
Connecticut,2020-09-06,49722500.2
Connecticut,2020-09-13,115313932.2
Connecticut,2020-09-20,52199488.199999996
Connecticut,2020-09-27,52925030.1
Connecticut,2020-10-04,53739128.15
Connecticut,2020-10-11,54553226.199999996
Connecticut,2020-10-18,50287285.400000006
Connecticut,2020-10-25,51161592.7
Connecticut,2020-11-01,68743147.96666667
Connecticut,2020-11-08,86324703.23333333
Connecticut,2020-11-15,103906258.5
Connecticut,2020-11-22,53017863.7
Connecticut,2020-11-29,53722581.4
Connecticut,2020-12-06,101846623.0
Connecticut,2020-12-13,110735912.1
Connecticut,2020-12-20,53144299.9
Connecticut,2020-12-27,54173404.1
Connecticut,2021-01-03,58292678.5
Connecticut,2021-01-10,62411952.9
Connecticut,2021-01-17,50424393.1
Connecticut,2021-01-24,48601548.0
Connecticut,2021-01-31,49340662.6
Connecticut,2021-02-07,56650298.9
Connecticut,2021-02-14,48445497.3
Connecticut,2021-02-21,48419982.3
Connecticut,2021-02-28,50433783.699999996
Connecticut,2021-03-07,51177327.8
Connecticut,2021-03-14,147073952.2
Connecticut,2021-03-21,59840727.699999996
Connecticut,2021-03-28,53057117.3
Connecticut,2021-04-04,55135293.199999996
Connecticut,2021-04-11,65723602.4
Connecticut,2021-04-18,53130379.300000004
Connecticut,2021-04-25,54592899.6
Connecticut,2021-05-02,58075594.7
Connecticut,2021-05-09,61558289.800000004
Connecticut,2021-05-16,136598457.8
Connecticut,2021-05-23,62710961.8
Connecticut,2021-05-30,61165551.0
Connecticut,2021-06-06,60103151.5
Connecticut,2021-06-13,64410423.9
Connecticut,2021-06-20,62381124.0
Connecticut,2021-06-27,62839851.2
Connecticut,2021-07-04,108574977.4
Connecticut,2021-07-11,81651391.19999999
Connecticut,2021-07-18,60635362.5
Connecticut,2021-07-25,62040830.6
Connecticut,2021-08-01,63328009.05
Connecticut,2021-08-08,64615187.5
Connecticut,2021-08-15,64943054.9
Connecticut,2021-08-22,63753983.7
Connecticut,2021-08-29,61636785.5
Connecticut,2021-09-05,58135893.199999996
Connecticut,2021-09-12,57469474.5
Connecticut,2021-09-19,56803055.8
Connecticut,2021-09-26,57388238.5
Connecticut,2021-10-03,50935533.5
Connecticut,2021-10-10,83490393.99999999
Connecticut,2021-10-17,79115418.4
Connecticut,2021-10-24,79963453.49999999
Connecticut,2021-10-31,77952094.9
Connecticut,2021-11-07,114985485.0
Connecticut,2021-11-14,81330192.8
Connecticut,2021-11-21,84134165.89999999
Connecticut,2021-11-28,79050121.80000001
Connecticut,2021-12-05,109183877.5
Connecticut,2021-12-12,139317633.2
Connecticut,2021-12-19,84685485.7
Connecticut,2021-12-26,84664547.69999999
Connecticut,2022-01-02,84615107.3
Connecticut,2022-01-09,84565666.9
Connecticut,2022-01-16,79998410.3
Connecticut,2022-01-23,75730959.9
Connecticut,2022-01-30,79225631.39999999
Connecticut,2022-02-06,78707959.6
Connecticut,2022-02-13,165890924.6
Connecticut,2022-02-20,75044847.5
Connecticut,2022-02-27,78074991.60000001
Connecticut,2022-03-06,83539947.4
Connecticut,2022-03-13,181047881.9
Connecticut,2022-03-20,79850855.30000001
Connecticut,2022-03-27,80412221.39999999
Connecticut,2022-04-03,87166615.1
Connecticut,2022-04-10,93921008.80000001
Connecticut,2022-04-17,165347086.10000002
Connecticut,2022-04-24,78705229.1
Connecticut,2022-05-01,85803474.5
Connecticut,2022-05-08,92901719.9
Connecticut,2022-05-15,86752612.39999999
Connecticut,2022-05-22,95588771.2
Connecticut,2022-05-29,92648750.60000001
Connecticut,2022-06-05,160112586.7
Connecticut,2022-06-12,88105835.19999999
Connecticut,2022-06-19,91475328.9
Connecticut,2022-06-26,93202712.30000001
Connecticut,2022-07-03,94475401.75
Connecticut,2022-07-10,95748091.19999999
Connecticut,2022-07-17,93692698.70000002
Connecticut,2022-07-24,93947415.8
Connecticut,2022-07-31,94252643.60000001
Connecticut,2022-08-07,87613823.0
Connecticut,2022-08-14,93238518.4
Connecticut,2022-08-21,94701139.4
Connecticut,2022-08-28,93541953.7
Connecticut,2022-09-04,79982309.39999999
Connecticut,2022-09-11,88062177.4
Connecticut,2022-09-18,86482696.30000001
Connecticut,2022-09-25,87625521.70000002
Connecticut,2022-10-02,133389099.25000001
Connecticut,2022-10-09,179152676.8
Connecticut,2022-10-16,83598256.39999999
Connecticut,2022-10-23,84847909.19999999
Connecticut,2022-10-30,82234259.10000001
Connecticut,2022-11-06,170151347.39999998
Connecticut,2022-11-13,258068435.7
Connecticut,2022-11-20,87584795.80000001
Connecticut,2022-11-27,89099386.0
Connecticut,2022-12-04,91721270.0
Connecticut,2022-12-11,94343154.0
Connecticut,2022-12-18,87927075.00000001
Connecticut,2022-12-25,94160701.8
Connecticut,2023-01-01,81444065.5
Connecticut,2023-01-08,81391472.0
Connecticut,2023-01-15,81338878.49999999
Connecticut,2023-01-22,80180535.60000001
Connecticut,2023-01-29,81503817.9
Connecticut,2023-02-05,86141282.2
Connecticut,2023-02-12,83741472.85
Connecticut,2023-02-19,81341663.5
Connecticut,2023-02-26,82172856.8
Connecticut,2023-03-05,85187729.56666666
Connecticut,2023-03-12,88202602.33333333
Connecticut,2023-03-19,91217475.1
Connecticut,2023-03-26,83520434.0
Connecticut,2023-04-02,85563429.23333333
Connecticut,2023-04-09,87606424.46666667
Connecticut,2023-04-16,89649419.7
Connecticut,2023-04-23,87752373.19999999
Connecticut,2023-04-30,88123968.3
Connecticut,2023-05-07,170650562.29999998
Connecticut,2023-05-14,162023558.8333333
Connecticut,2023-05-21,153396555.36666664
Connecticut,2023-05-28,144769551.89999998
Connecticut,2023-06-04,136142548.43333334
Connecticut,2023-06-11,127515544.96666665
Connecticut,2023-06-18,118888541.5
Connecticut,2023-06-25,110261538.03333333
Connecticut,2023-07-02,101634534.56666666
Connecticut,2023-07-09,93007531.1
Connecticut,2023-07-16,90946110.875
Connecticut,2023-07-23,88884690.65
Connecticut,2023-07-30,86823270.425
Connecticut,2023-08-06,84761850.2
Connecticut,2023-08-13,86127617.88000001
Connecticut,2023-08-20,87493385.56
Connecticut,2023-08-27,88859153.24000001
Connecticut,2023-09-03,90224920.92
Connecticut,2023-09-10,91590688.60000001
Connecticut,2023-09-17,98758290.025
Connecticut,2023-09-24,105925891.45
Connecticut,2023-10-01,113093492.875
Connecticut,2023-10-08,120261094.3
Connecticut,2023-10-15,127428695.725
Connecticut,2023-10-22,134596297.15
Connecticut,2023-10-29,141763898.575
Connecticut,2023-11-05,148931500.0
Connecticut,2023-11-12,156099101.42499998
Connecticut,2023-11-19,163266702.85
Connecticut,2023-11-26,170434304.27499998
Connecticut,2023-12-03,177601905.7
Florida,2019-01-13,358112985.7
Florida,2019-01-20,361626694.0222222
Florida,2019-01-27,365140402.34444445
Florida,2019-02-03,368654110.6666667
Florida,2019-02-10,372167818.9888889
Florida,2019-02-17,375681527.3111111
Florida,2019-02-24,379195235.6333333
Florida,2019-03-03,382708943.95555556
Florida,2019-03-10,386222652.2777778
Florida,2019-03-17,389736360.6
Florida,2019-03-24,390357583.91538465
Florida,2019-03-31,390978807.2307693
Florida,2019-04-07,391600030.54615384
Florida,2019-04-14,392221253.86153847
Florida,2019-04-21,392842477.1769231
Florida,2019-04-28,393463700.4923077
Florida,2019-05-05,394084923.8076923
Florida,2019-05-12,394706147.1230769
Florida,2019-05-19,395327370.43846154
Florida,2019-05-26,395948593.75384617
Florida,2019-06-02,396569817.06923074
Florida,2019-06-09,397191040.38461536
Florida,2019-06-16,397812263.7
Florida,2019-06-23,394678062.67777777
Florida,2019-06-30,391543861.65555555
Florida,2019-07-07,388409660.6333333
Florida,2019-07-14,385275459.6111111
Florida,2019-07-21,382141258.5888889
Florida,2019-07-28,379007057.56666666
Florida,2019-08-04,375872856.54444444
Florida,2019-08-11,372738655.5222222
Florida,2019-08-18,369604454.5
Florida,2019-08-25,420684942.8625
Florida,2019-09-01,471765431.225
Florida,2019-09-08,522845919.58750004
Florida,2019-09-15,573926407.95
Florida,2019-09-22,625006896.3125
Florida,2019-09-29,676087384.6750001
Florida,2019-10-06,727167873.0375001
Florida,2019-10-13,778248361.4000001
Florida,2019-10-20,386318006.0
Florida,2019-10-27,383741451.2
Florida,2019-11-03,385466971.1
Florida,2019-11-10,387192491.0
Florida,2019-11-17,388918010.90000004
Florida,2019-11-24,382545143.8
Florida,2019-12-01,378570915.1666667
Florida,2019-12-08,374596686.53333336
Florida,2019-12-15,370622457.90000004
Florida,2019-12-22,392523627.2
Florida,2019-12-29,383971631.40000004
Florida,2020-01-05,418283543.5
Florida,2020-01-12,418301136.4
Florida,2020-01-19,379065263.20000005
Florida,2020-01-26,368781893.7
Florida,2020-02-02,384924916.40000004
Florida,2020-02-09,430782299.59999996
Florida,2020-02-16,394220223.2
Florida,2020-02-23,399232704.2
Florida,2020-03-01,407345560.35
Florida,2020-03-08,415458416.5
Florida,2020-03-15,501395271.90000004
Florida,2020-03-22,456728427.6
Florida,2020-03-29,415475921.7
Florida,2020-04-05,410305675.2
Florida,2020-04-12,405135428.7
Florida,2020-04-19,406314240.9
Florida,2020-04-26,403638588.4
Florida,2020-05-03,384552790.5
Florida,2020-05-10,862788261.5999999
Florida,2020-05-17,418764433.3
Florida,2020-05-24,433358492.9
Florida,2020-05-31,425634982.7
Florida,2020-06-07,810743483.8999999
Florida,2020-06-14,1195851985.1
Florida,2020-06-21,430682945.8
Florida,2020-06-28,455034694.70000005
Florida,2020-07-05,436790262.65000004
Florida,2020-07-12,418545830.6
Florida,2020-07-19,428211673.7
Florida,2020-07-26,417570225.3
Florida,2020-08-02,424630290.5
Florida,2020-08-09,431690355.7
Florida,2020-08-16,822714813.1
Florida,2020-08-23,432183858.90000004
Florida,2020-08-30,498199308.5
Florida,2020-09-06,385408868.9
Florida,2020-09-13,805783393.8
Florida,2020-09-20,401149841.8
Florida,2020-09-27,402325924.5
Florida,2020-10-04,408576628.1
Florida,2020-10-11,414827331.70000005
Florida,2020-10-18,408146193.20000005
Florida,2020-10-25,404464567.2
Florida,2020-11-01,536918191.4666667
Florida,2020-11-08,669371815.7333333
Florida,2020-11-15,801825440.0
Florida,2020-11-22,428095160.3
Florida,2020-11-29,373685633.3
Florida,2020-12-06,785749421.1
Florida,2020-12-13,803526637.0
Florida,2020-12-20,418158146.90000004
Florida,2020-12-27,396895270.59999996
Florida,2021-01-03,435927792.79999995
Florida,2021-01-10,474960315.0
Florida,2021-01-17,404563342.0
Florida,2021-01-24,396317574.3
Florida,2021-01-31,407009773.40000004
Florida,2021-02-07,456177067.5
Florida,2021-02-14,417646269.8
Florida,2021-02-21,416763943.5
Florida,2021-02-28,437229448.3
Florida,2021-03-07,407668716.9
Florida,2021-03-14,1178342670.5
Florida,2021-03-21,500049042.4
Florida,2021-03-28,458062674.6
Florida,2021-04-04,452821844.2
Florida,2021-04-11,495492035.2
Florida,2021-04-18,439545090.6
Florida,2021-04-25,437757559.79999995
Florida,2021-05-02,450497858.79999995
Florida,2021-05-09,463238157.8
Florida,2021-05-16,1068724137.1
Florida,2021-05-23,461793037.3
Florida,2021-05-30,468613673.09999996
Florida,2021-06-06,453226022.3
Florida,2021-06-13,468182254.59999996
Florida,2021-06-20,463942370.3
Florida,2021-06-27,471658231.20000005
Florida,2021-07-04,860130779.9
Florida,2021-07-11,626921178.5
Florida,2021-07-18,461906089.2
Florida,2021-07-25,464260466.3
Florida,2021-08-01,462136671.5
Florida,2021-08-08,460012876.7
Florida,2021-08-15,465739560.8
Florida,2021-08-22,462049706.20000005
Florida,2021-08-29,451769857.0
Florida,2021-09-05,463060774.29999995
Florida,2021-09-12,452057854.2
Florida,2021-09-19,441054934.1
Florida,2021-09-26,443549009.09999996
Florida,2021-10-03,402837256.09999996
Florida,2021-10-10,658073955.6
Florida,2021-10-17,649087749.0
Florida,2021-10-24,636492809.7
Florida,2021-10-31,639670899.0999999
Florida,2021-11-07,877386949.4000001
Florida,2021-11-14,641627351.9999999
Florida,2021-11-21,647095618.3
Florida,2021-11-28,580412387.6
Florida,2021-12-05,818363650.4000001
Florida,2021-12-12,1056314913.2
Florida,2021-12-19,657419273.2
Florida,2021-12-26,637666451.5
Florida,2022-01-02,669856243.4
Florida,2022-01-09,702046035.3
Florida,2022-01-16,632875897.6999999
Florida,2022-01-23,621955678.9
Florida,2022-01-30,628041475.9000001
Florida,2022-02-06,646500603.6999999
Florida,2022-02-13,1338138983.0
Florida,2022-02-20,659433678.3
Florida,2022-02-27,689853278.4
Florida,2022-03-06,700061265.4
Florida,2022-03-13,1425569711.8000002
Florida,2022-03-20,689715125.8000001
Florida,2022-03-27,705833671.7
Florida,2022-04-03,693479487.6500001
Florida,2022-04-10,681125303.6
Florida,2022-04-17,1372513992.4
Florida,2022-04-24,691133574.2
Florida,2022-05-01,694084295.05
Florida,2022-05-08,697035015.9
Florida,2022-05-15,699768169.7
Florida,2022-05-22,717341218.4000001
Florida,2022-05-29,729620556.1999999
Florida,2022-06-05,1327734589.6
Florida,2022-06-12,699055504.2
Florida,2022-06-19,707407753.4
Florida,2022-06-26,711378457.5
Florida,2022-07-03,714084040.8999999
Florida,2022-07-10,716789624.2999998
Florida,2022-07-17,705424400.4
Florida,2022-07-24,707109542.3000001
Florida,2022-07-31,711378169.6999999
Florida,2022-08-07,715244615.1
Florida,2022-08-14,706877465.6999999
Florida,2022-08-21,725848243.8
Florida,2022-08-28,782741439.9999999
Florida,2022-09-04,629065724.6999999
Florida,2022-09-11,688756402.9
Florida,2022-09-18,670728453.3999999
Florida,2022-09-25,755860884.3000001
Florida,2022-10-02,1073093295.1000001
Florida,2022-10-09,1390325705.9
Florida,2022-10-16,700430109.6999999
Florida,2022-10-23,687631033.3
Florida,2022-10-30,693609730.9000001
Florida,2022-11-06,1360322484.9
Florida,2022-11-13,2027035238.9
Florida,2022-11-20,714995052.5
Florida,2022-11-27,627978196.3000001
Florida,2022-12-04,662547016.3000001
Florida,2022-12-11,697115836.3000001
Florida,2022-12-18,710659033.4000001
Florida,2022-12-25,705162943.0999999
Florida,2023-01-01,684937805.6
Florida,2023-01-08,683844021.3
Florida,2023-01-15,682750236.9999999
Florida,2023-01-22,669250018.4000001
Florida,2023-01-29,674965744.6999999
Florida,2023-02-05,758696511.7
Florida,2023-02-12,735903259.95
Florida,2023-02-19,713110008.2
Florida,2023-02-26,742464645.7
Florida,2023-03-05,758213764.2333333
Florida,2023-03-12,773962882.7666667
Florida,2023-03-19,789712001.3
Florida,2023-03-26,744549563.8
Florida,2023-04-02,740826404.5
Florida,2023-04-09,737103245.1999999
Florida,2023-04-16,733380085.9
Florida,2023-04-23,732692297.5999999
Florida,2023-04-30,740510455.3
Florida,2023-05-07,1468830851.3
Florida,2023-05-14,1389661559.4555554
Florida,2023-05-21,1310492267.6111112
Florida,2023-05-28,1231322975.7666667
Florida,2023-06-04,1152153683.9222221
Florida,2023-06-11,1072984392.0777776
Florida,2023-06-18,993815100.2333332
Florida,2023-06-25,914645808.3888888
Florida,2023-07-02,835476516.5444443
Florida,2023-07-09,756307224.6999999
Florida,2023-07-16,737486743.15
Florida,2023-07-23,718666261.6
Florida,2023-07-30,699845780.0500001
Florida,2023-08-06,681025298.5000001
Florida,2023-08-13,693470709.6200001
Florida,2023-08-20,705916120.7400001
Florida,2023-08-27,718361531.86
Florida,2023-09-03,730806942.98
Florida,2023-09-10,743252354.1
Florida,2023-09-17,809402492.5500001
Florida,2023-09-24,875552631.0
Florida,2023-10-01,941702769.45
Florida,2023-10-08,1007852907.9
Florida,2023-10-15,1074003046.35
Florida,2023-10-22,1140153184.8
Florida,2023-10-29,1206303323.25
Florida,2023-11-05,1272453461.7
Florida,2023-11-12,1338603600.15
Florida,2023-11-19,1404753738.6
Florida,2023-11-26,1470903877.05
Florida,2023-12-03,1537054015.5
Georgia,2019-01-13,198967926.5
Georgia,2019-01-20,199621360.24444443
Georgia,2019-01-27,200274793.9888889
Georgia,2019-02-03,200928227.73333332
Georgia,2019-02-10,201581661.47777778
Georgia,2019-02-17,202235095.2222222
Georgia,2019-02-24,202888528.96666667
Georgia,2019-03-03,203541962.7111111
Georgia,2019-03-10,204195396.45555556
Georgia,2019-03-17,204848830.2
Georgia,2019-03-24,207106874.47692308
Georgia,2019-03-31,209364918.75384614
Georgia,2019-04-07,211622963.03076923
Georgia,2019-04-14,213881007.3076923
Georgia,2019-04-21,216139051.58461538
Georgia,2019-04-28,218397095.86153847
Georgia,2019-05-05,220655140.13846153
Georgia,2019-05-12,222913184.41538462
Georgia,2019-05-19,225171228.6923077
Georgia,2019-05-26,227429272.96923077
Georgia,2019-06-02,229687317.24615386
Georgia,2019-06-09,231945361.52307692
Georgia,2019-06-16,234203405.8
Georgia,2019-06-23,230419890.31111112
Georgia,2019-06-30,226636374.82222223
Georgia,2019-07-07,222852859.33333334
Georgia,2019-07-14,219069343.84444445
Georgia,2019-07-21,215285828.35555553
Georgia,2019-07-28,211502312.86666664
Georgia,2019-08-04,207718797.37777776
Georgia,2019-08-11,203935281.88888887
Georgia,2019-08-18,200151766.39999998
Georgia,2019-08-25,228176102.83749998
Georgia,2019-09-01,256200439.27499998
Georgia,2019-09-08,284224775.7125
Georgia,2019-09-15,312249112.15
Georgia,2019-09-22,340273448.5875
Georgia,2019-09-29,368297785.025
Georgia,2019-10-06,396322121.4625
Georgia,2019-10-13,424346457.9
Georgia,2019-10-20,212086739.8
Georgia,2019-10-27,203641241.0
Georgia,2019-11-03,202857558.2
Georgia,2019-11-10,202073875.4
Georgia,2019-11-17,201290192.6
Georgia,2019-11-24,208396413.5
Georgia,2019-12-01,205921863.9
Georgia,2019-12-08,203447314.3
Georgia,2019-12-15,200972764.70000002
Georgia,2019-12-22,216037052.2
Georgia,2019-12-29,198566369.5
Georgia,2020-01-05,210589114.6
Georgia,2020-01-12,222344498.5
Georgia,2020-01-19,199106822.2
Georgia,2020-01-26,193934424.7
Georgia,2020-02-02,200642375.6
Georgia,2020-02-09,248666926.3
Georgia,2020-02-16,196362471.10000002
Georgia,2020-02-23,194551781.8
Georgia,2020-03-01,213467168.65
Georgia,2020-03-08,232382555.5
Georgia,2020-03-15,248795257.3
Georgia,2020-03-22,232566669.9
Georgia,2020-03-29,214214934.0
Georgia,2020-04-05,225916413.0
Georgia,2020-04-12,237617892.0
Georgia,2020-04-19,218540152.1
Georgia,2020-04-26,218926836.5
Georgia,2020-05-03,193036456.1
Georgia,2020-05-10,477938853.1
Georgia,2020-05-17,239786256.29999998
Georgia,2020-05-24,248894329.89999998
Georgia,2020-05-31,235973653.8
Georgia,2020-06-07,464063643.75
Georgia,2020-06-14,692153633.7
Georgia,2020-06-21,239868510.7
Georgia,2020-06-28,244150499.89999998
Georgia,2020-07-05,239671686.29999998
Georgia,2020-07-12,235192872.7
Georgia,2020-07-19,251597266.5
Georgia,2020-07-26,248674782.1
Georgia,2020-08-02,232342949.39999998
Georgia,2020-08-09,216011116.7
Georgia,2020-08-16,476246092.8
Georgia,2020-08-23,245783094.5
Georgia,2020-08-30,243810935.5
Georgia,2020-09-06,201281094.7
Georgia,2020-09-13,496682944.6
Georgia,2020-09-20,235833613.29999998
Georgia,2020-09-27,235304027.20000002
Georgia,2020-10-04,234305042.4
Georgia,2020-10-11,233306057.6
Georgia,2020-10-18,223960845.9
Georgia,2020-10-25,224262382.70000002
Georgia,2020-11-01,298696352.9666667
Georgia,2020-11-08,373130323.23333335
Georgia,2020-11-15,447564293.5
Georgia,2020-11-22,229627656.29999998
Georgia,2020-11-29,216485518.0
Georgia,2020-12-06,414634533.79999995
Georgia,2020-12-13,454183462.9
Georgia,2020-12-20,226573996.89999998
Georgia,2020-12-27,214648293.70000002
Georgia,2021-01-03,243505746.75
Georgia,2021-01-10,272363199.8
Georgia,2021-01-17,214238532.3
Georgia,2021-01-24,208876209.79999998
Georgia,2021-01-31,212596582.6
Georgia,2021-02-07,247764853.1
Georgia,2021-02-14,210672516.6
Georgia,2021-02-21,206944928.10000002
Georgia,2021-02-28,225430197.6
Georgia,2021-03-07,208934978.8
Georgia,2021-03-14,637573145.3
Georgia,2021-03-21,252912762.6
Georgia,2021-03-28,232747665.8
Georgia,2021-04-04,242501063.5
Georgia,2021-04-11,274063879.0
Georgia,2021-04-18,237770628.8
Georgia,2021-04-25,234825958.4
Georgia,2021-05-02,253385886.10000002
Georgia,2021-05-09,271945813.8
Georgia,2021-05-16,578561739.2
Georgia,2021-05-23,258169301.1
Georgia,2021-05-30,259966082.5
Georgia,2021-06-06,255134239.0
Georgia,2021-06-13,253894710.2
Georgia,2021-06-20,258893196.0
Georgia,2021-06-27,253975877.1
Georgia,2021-07-04,443164553.70000005
Georgia,2021-07-11,336660308.7
Georgia,2021-07-18,266538613.8
Georgia,2021-07-25,265685591.39999998
Georgia,2021-08-01,267949022.85
Georgia,2021-08-08,270212454.3
Georgia,2021-08-15,272436319.3
Georgia,2021-08-22,260774672.8
Georgia,2021-08-29,261886848.4
Georgia,2021-09-05,249585216.6
Georgia,2021-09-12,248786297.85
Georgia,2021-09-19,247987379.1
Georgia,2021-09-26,244814211.5
Georgia,2021-10-03,214363911.5
Georgia,2021-10-10,356385300.9
Georgia,2021-10-17,358048744.40000004
Georgia,2021-10-24,348127397.20000005
Georgia,2021-10-31,346260582.09999996
Georgia,2021-11-07,483357964.3
Georgia,2021-11-14,344501414.29999995
Georgia,2021-11-21,354222036.4
Georgia,2021-11-28,328540754.40000004
Georgia,2021-12-05,458845521.0500001
Georgia,2021-12-12,589150287.7
Georgia,2021-12-19,352359919.0
Georgia,2021-12-26,337901544.6
Georgia,2022-01-02,362138218.55
Georgia,2022-01-09,386374892.5
Georgia,2022-01-16,347151522.7
Georgia,2022-01-23,327200418.40000004
Georgia,2022-01-30,336182789.3
Georgia,2022-02-06,328585373.9
Georgia,2022-02-13,734303583.9000001
Georgia,2022-02-20,328715272.2
Georgia,2022-02-27,352766122.8
Georgia,2022-03-06,363376986.6
Georgia,2022-03-13,763563232.5
Georgia,2022-03-20,359985779.09999996
Georgia,2022-03-27,364039432.9
Georgia,2022-04-03,385973593.79999995
Georgia,2022-04-10,407907754.7
Georgia,2022-04-17,724960523.1
Georgia,2022-04-24,367838163.1999999
Georgia,2022-05-01,374626362.8499999
Georgia,2022-05-08,381414562.49999994
Georgia,2022-05-15,383504530.59999996
Georgia,2022-05-22,410982914.59999996
Georgia,2022-05-29,401053272.1
Georgia,2022-06-05,695898554.1
Georgia,2022-06-12,361574736.0
Georgia,2022-06-19,402468012.9
Georgia,2022-06-26,395036684.90000004
Georgia,2022-07-03,400763176.6
Georgia,2022-07-10,406489668.29999995
Georgia,2022-07-17,390307593.0
Georgia,2022-07-24,388923197.6
Georgia,2022-07-31,403928381.5
Georgia,2022-08-07,385078069.3
Georgia,2022-08-14,411516993.00000006
Georgia,2022-08-21,397965156.5
Georgia,2022-08-28,402234121.8
Georgia,2022-09-04,329252569.3
Georgia,2022-09-11,376048075.8000001
Georgia,2022-09-18,391431160.99999994
Georgia,2022-09-25,395074476.5
Georgia,2022-10-02,571544974.65
Georgia,2022-10-09,748015472.8
Georgia,2022-10-16,376757118.20000005
Georgia,2022-10-23,368951982.1
Georgia,2022-10-30,363390718.4
Georgia,2022-11-06,735824718.2
Georgia,2022-11-13,1108258718.0
Georgia,2022-11-20,373185740.4
Georgia,2022-11-27,358143173.59999996
Georgia,2022-12-04,369762700.25
Georgia,2022-12-11,381382226.9
Georgia,2022-12-18,373390982.00000006
Georgia,2022-12-25,379725854.4
Georgia,2023-01-01,346758543.5
Georgia,2023-01-08,353312151.15
Georgia,2023-01-15,359865758.8
Georgia,2023-01-22,342184672.00000006
Georgia,2023-01-29,347824435.0
Georgia,2023-02-05,387840198.2
Georgia,2023-02-12,370144329.9
Georgia,2023-02-19,352448461.59999996
Georgia,2023-02-26,369505222.20000005
Georgia,2023-03-05,375309619.8333334
Georgia,2023-03-12,381114017.4666667
Georgia,2023-03-19,386918415.1
Georgia,2023-03-26,374538068.0
Georgia,2023-04-02,377116087.7
Georgia,2023-04-09,379694107.4
Georgia,2023-04-16,382272127.09999996
Georgia,2023-04-23,387642647.7
Georgia,2023-04-30,395601558.59999996
Georgia,2023-05-07,730816419.3
Georgia,2023-05-14,694515168.1888888
Georgia,2023-05-21,658213917.0777777
Georgia,2023-05-28,621912665.9666667
Georgia,2023-06-04,585611414.8555555
Georgia,2023-06-11,549310163.7444444
Georgia,2023-06-18,513008912.6333333
Georgia,2023-06-25,476707661.5222222
Georgia,2023-07-02,440406410.4111111
Georgia,2023-07-09,404105159.3
Georgia,2023-07-16,389792699.85
Georgia,2023-07-23,375480240.40000004
Georgia,2023-07-30,361167780.95000005
Georgia,2023-08-06,346855321.50000006
Georgia,2023-08-13,351071530.52000004
Georgia,2023-08-20,355287739.54
Georgia,2023-08-27,359503948.56000006
Georgia,2023-09-03,363720157.58000004
Georgia,2023-09-10,367936366.6
Georgia,2023-09-17,400829408.45000005
Georgia,2023-09-24,433722450.3
Georgia,2023-10-01,466615492.15
Georgia,2023-10-08,499508534.0
Georgia,2023-10-15,532401575.85
Georgia,2023-10-22,565294617.7
Georgia,2023-10-29,598187659.55
Georgia,2023-11-05,631080701.4
Georgia,2023-11-12,663973743.25
Georgia,2023-11-19,696866785.0999999
Georgia,2023-11-26,729759826.9499999
Georgia,2023-12-03,762652868.8
Illinois,2019-01-13,167913696.79999998
Illinois,2019-01-20,168112962.38888887
Illinois,2019-01-27,168312227.97777775
Illinois,2019-02-03,168511493.56666666
Illinois,2019-02-10,168710759.15555555
Illinois,2019-02-17,168910024.74444443
Illinois,2019-02-24,169109290.3333333
Illinois,2019-03-03,169308555.92222223
Illinois,2019-03-10,169507821.5111111
Illinois,2019-03-17,169707087.1
Illinois,2019-03-24,170582849.57692307
Illinois,2019-03-31,171458612.05384615
Illinois,2019-04-07,172334374.53076923
Illinois,2019-04-14,173210137.0076923
Illinois,2019-04-21,174085899.4846154
Illinois,2019-04-28,174961661.96153846
Illinois,2019-05-05,175837424.43846154
Illinois,2019-05-12,176713186.91538462
Illinois,2019-05-19,177588949.3923077
Illinois,2019-05-26,178464711.86923078
Illinois,2019-06-02,179340474.34615386
Illinois,2019-06-09,180216236.82307693
Illinois,2019-06-16,181091999.3
Illinois,2019-06-23,180211376.82222223
Illinois,2019-06-30,179330754.34444445
Illinois,2019-07-07,178450131.86666667
Illinois,2019-07-14,177569509.3888889
Illinois,2019-07-21,176688886.91111112
Illinois,2019-07-28,175808264.43333334
Illinois,2019-08-04,174927641.95555556
Illinois,2019-08-11,174047019.47777778
Illinois,2019-08-18,173166397.0
Illinois,2019-08-25,195501724.85
Illinois,2019-09-01,217837052.7
Illinois,2019-09-08,240172380.54999998
Illinois,2019-09-15,262507708.39999998
Illinois,2019-09-22,284843036.25
Illinois,2019-09-29,307178364.09999996
Illinois,2019-10-06,329513691.9499999
Illinois,2019-10-13,351849019.79999995
Illinois,2019-10-20,171747244.7
Illinois,2019-10-27,169394536.70000002
Illinois,2019-11-03,171337438.73333335
Illinois,2019-11-10,173280340.76666665
Illinois,2019-11-17,175223242.79999998
Illinois,2019-11-24,177531815.9
Illinois,2019-12-01,177636813.6
Illinois,2019-12-08,177741811.3
Illinois,2019-12-15,177846809.0
Illinois,2019-12-22,191928058.0
Illinois,2019-12-29,171748546.2
Illinois,2020-01-05,177994077.1
Illinois,2020-01-12,179673231.6
Illinois,2020-01-19,169757178.3
Illinois,2020-01-26,165295901.2
Illinois,2020-02-02,171263874.5
Illinois,2020-02-09,201691235.7
Illinois,2020-02-16,166798754.79999998
Illinois,2020-02-23,169047636.1
Illinois,2020-03-01,179251355.9
Illinois,2020-03-08,189455075.70000002
Illinois,2020-03-15,219442898.5
Illinois,2020-03-22,199431897.8
Illinois,2020-03-29,165303611.3
Illinois,2020-04-05,176075114.5
Illinois,2020-04-12,186846617.70000002
Illinois,2020-04-19,187133888.70000002
Illinois,2020-04-26,182357647.7
Illinois,2020-05-03,167140896.9
Illinois,2020-05-10,407260233.1
Illinois,2020-05-17,192199667.6
Illinois,2020-05-24,200253494.5
Illinois,2020-05-31,194605742.4
Illinois,2020-06-07,386733494.20000005
Illinois,2020-06-14,578861246.0
Illinois,2020-06-21,202414362.8
Illinois,2020-06-28,206700072.20000002
Illinois,2020-07-05,205646398.5
Illinois,2020-07-12,204592724.8
Illinois,2020-07-19,206801534.7
Illinois,2020-07-26,198012496.29999998
Illinois,2020-08-02,191737804.35
Illinois,2020-08-09,185463112.4
Illinois,2020-08-16,384710341.2
Illinois,2020-08-23,198010028.39999998
Illinois,2020-08-30,202292392.0
Illinois,2020-09-06,169341635.7
Illinois,2020-09-13,393639265.4
Illinois,2020-09-20,187393954.2
Illinois,2020-09-27,184003042.20000002
Illinois,2020-10-04,187990919.55
Illinois,2020-10-11,191978796.9
Illinois,2020-10-18,182486649.0
Illinois,2020-10-25,176608689.79999998
Illinois,2020-11-01,242511639.29999998
Illinois,2020-11-08,308414588.8
Illinois,2020-11-15,374317538.3
Illinois,2020-11-22,190376092.79999998
Illinois,2020-11-29,176420194.2
Illinois,2020-12-06,363236534.6
Illinois,2020-12-13,395027443.5
Illinois,2020-12-20,191245120.4
Illinois,2020-12-27,182005350.5
Illinois,2021-01-03,198948054.3
Illinois,2021-01-10,215890758.1
Illinois,2021-01-17,176009847.8
Illinois,2021-01-24,173498389.0
Illinois,2021-01-31,178906159.9
Illinois,2021-02-07,205547366.1
Illinois,2021-02-14,173567181.4
Illinois,2021-02-21,174743017.1
Illinois,2021-02-28,182399000.6
Illinois,2021-03-07,175411413.60000002
Illinois,2021-03-14,524333804.00000006
Illinois,2021-03-21,207344505.5
Illinois,2021-03-28,174024961.0
Illinois,2021-04-04,196802111.29999998
Illinois,2021-04-11,235170641.8
Illinois,2021-04-18,191078035.7
Illinois,2021-04-25,196608505.8
Illinois,2021-05-02,209271287.8
Illinois,2021-05-09,221934069.8
Illinois,2021-05-16,475942242.0
Illinois,2021-05-23,211622438.79999998
Illinois,2021-05-30,215845234.4
Illinois,2021-06-06,215831841.10000002
Illinois,2021-06-13,223371606.60000002
Illinois,2021-06-20,224377051.4
Illinois,2021-06-27,206643417.0
Illinois,2021-07-04,374632378.9
Illinois,2021-07-11,281852379.50000006
Illinois,2021-07-18,211555287.4
Illinois,2021-07-25,216729519.5
Illinois,2021-08-01,216091029.75
Illinois,2021-08-08,215452540.0
Illinois,2021-08-15,218662233.9
Illinois,2021-08-22,220926047.5
Illinois,2021-08-29,227183378.39999998
Illinois,2021-09-05,203636305.1
Illinois,2021-09-12,204677237.45
Illinois,2021-09-19,205718169.8
Illinois,2021-09-26,202708357.29999998
Illinois,2021-10-03,179843016.10000002
Illinois,2021-10-10,295098247.49999994
Illinois,2021-10-17,282872885.1
Illinois,2021-10-24,278433538.7
Illinois,2021-10-31,280869615.50000006
Illinois,2021-11-07,412646584.20000005
Illinois,2021-11-14,290798410.5
Illinois,2021-11-21,288337806.9
Illinois,2021-11-28,269485167.99999994
Illinois,2021-12-05,380198560.45
Illinois,2021-12-12,490911952.90000004
Illinois,2021-12-19,296964593.50000006
Illinois,2021-12-26,285742747.7
Illinois,2022-01-02,294904598.1
Illinois,2022-01-09,304066448.5
Illinois,2022-01-16,282114330.90000004
Illinois,2022-01-23,270482373.0
Illinois,2022-01-30,278716822.09999996
Illinois,2022-02-06,274788692.70000005
Illinois,2022-02-13,589024197.1000001
Illinois,2022-02-20,268026848.2
Illinois,2022-02-27,283594385.6
Illinois,2022-03-06,298511322.7
Illinois,2022-03-13,643445303.5
Illinois,2022-03-20,285403066.00000006
Illinois,2022-03-27,284209192.79999995
Illinois,2022-04-03,306770761.29999995
Illinois,2022-04-10,329332329.8
Illinois,2022-04-17,599713485.3000001
Illinois,2022-04-24,289583066.3
Illinois,2022-05-01,308153386.79999995
Illinois,2022-05-08,326723707.29999995
Illinois,2022-05-15,323031481.09999996
Illinois,2022-05-22,320361779.59999996
Illinois,2022-05-29,323720623.79999995
Illinois,2022-06-05,567073343.2
Illinois,2022-06-12,297530774.9
Illinois,2022-06-19,332607271.20000005
Illinois,2022-06-26,329321501.4
Illinois,2022-07-03,330481066.35
Illinois,2022-07-10,331640631.3
Illinois,2022-07-17,322944141.7
Illinois,2022-07-24,326426322.29999995
Illinois,2022-07-31,330043854.70000005
Illinois,2022-08-07,307796461.90000004
Illinois,2022-08-14,326737720.1999999
Illinois,2022-08-21,329101262.20000005
Illinois,2022-08-28,331581766.5
Illinois,2022-09-04,272958611.1
Illinois,2022-09-11,311670696.0
Illinois,2022-09-18,315605854.2
Illinois,2022-09-25,307020258.3000001
Illinois,2022-10-02,466447152.90000004
Illinois,2022-10-09,625874047.5
Illinois,2022-10-16,300046468.1
Illinois,2022-10-23,296777577.2
Illinois,2022-10-30,299171321.8
Illinois,2022-11-06,612240301.1499999
Illinois,2022-11-13,925309280.4999999
Illinois,2022-11-20,304754900.2
Illinois,2022-11-27,297964400.2
Illinois,2022-12-04,313633939.85
Illinois,2022-12-11,329303479.50000006
Illinois,2022-12-18,314639055.5
Illinois,2022-12-25,315346156.70000005
Illinois,2023-01-01,288821985.2
Illinois,2023-01-08,288556129.79999995
Illinois,2023-01-15,288290274.4
Illinois,2023-01-22,280675073.0
Illinois,2023-01-29,289687953.90000004
Illinois,2023-02-05,300303597.2
Illinois,2023-02-12,293855534.65
Illinois,2023-02-19,287407472.09999996
Illinois,2023-02-26,296223460.9
Illinois,2023-03-05,305676089.9
Illinois,2023-03-12,315128718.9
Illinois,2023-03-19,324581347.9
Illinois,2023-03-26,286576558.29999995
Illinois,2023-04-02,297843333.8666666
Illinois,2023-04-09,309110109.43333334
Illinois,2023-04-16,320376885.0
Illinois,2023-04-23,309761429.4
Illinois,2023-04-30,317674935.5
Illinois,2023-05-07,606922511.7
Illinois,2023-05-14,575900244.0777779
Illinois,2023-05-21,544877976.4555556
Illinois,2023-05-28,513855708.8333334
Illinois,2023-06-04,482833441.2111111
Illinois,2023-06-11,451811173.5888889
Illinois,2023-06-18,420788905.9666667
Illinois,2023-06-25,389766638.34444445
Illinois,2023-07-02,358744370.7222222
Illinois,2023-07-09,327722103.09999996
Illinois,2023-07-16,316390306.325
Illinois,2023-07-23,305058509.54999995
Illinois,2023-07-30,293726712.775
Illinois,2023-08-06,282394916.0
Illinois,2023-08-13,290869909.3
Illinois,2023-08-20,299344902.6
Illinois,2023-08-27,307819895.9
Illinois,2023-09-03,316294889.2
Illinois,2023-09-10,324769882.5
Illinois,2023-09-17,351862182.4916667
Illinois,2023-09-24,378954482.4833333
Illinois,2023-10-01,406046782.47499996
Illinois,2023-10-08,433139082.46666664
Illinois,2023-10-15,460231382.45833325
Illinois,2023-10-22,487323682.4499999
Illinois,2023-10-29,514415982.4416666
Illinois,2023-11-05,541508282.4333333
Illinois,2023-11-12,568600582.425
Illinois,2023-11-19,595692882.4166665
Illinois,2023-11-26,622785182.4083333
Illinois,2023-12-03,649877482.3999999
Indiana,2019-01-13,117489218.5
Indiana,2019-01-20,117481109.94444445
Indiana,2019-01-27,117473001.3888889
Indiana,2019-02-03,117464892.83333333
Indiana,2019-02-10,117456784.27777778
Indiana,2019-02-17,117448675.72222222
Indiana,2019-02-24,117440567.16666667
Indiana,2019-03-03,117432458.6111111
Indiana,2019-03-10,117424350.05555555
Indiana,2019-03-17,117416241.5
Indiana,2019-03-24,118218894.04615384
Indiana,2019-03-31,119021546.59230769
Indiana,2019-04-07,119824199.13846153
Indiana,2019-04-14,120626851.68461539
Indiana,2019-04-21,121429504.23076923
Indiana,2019-04-28,122232156.77692308
Indiana,2019-05-05,123034809.32307692
Indiana,2019-05-12,123837461.86923076
Indiana,2019-05-19,124640114.4153846
Indiana,2019-05-26,125442766.96153846
Indiana,2019-06-02,126245419.5076923
Indiana,2019-06-09,127048072.05384615
Indiana,2019-06-16,127850724.6
Indiana,2019-06-23,126573636.37777777
Indiana,2019-06-30,125296548.15555555
Indiana,2019-07-07,124019459.93333334
Indiana,2019-07-14,122742371.71111111
Indiana,2019-07-21,121465283.48888889
Indiana,2019-07-28,120188195.26666667
Indiana,2019-08-04,118911107.04444444
Indiana,2019-08-11,117634018.82222223
Indiana,2019-08-18,116356930.60000001
Indiana,2019-08-25,131976765.35000001
Indiana,2019-09-01,147596600.10000002
Indiana,2019-09-08,163216434.85000002
Indiana,2019-09-15,178836269.60000002
Indiana,2019-09-22,194456104.35000002
Indiana,2019-09-29,210075939.10000002
Indiana,2019-10-06,225695773.85000002
Indiana,2019-10-13,241315608.60000002
Indiana,2019-10-20,119459990.60000001
Indiana,2019-10-27,117871950.8
Indiana,2019-11-03,117983623.8
Indiana,2019-11-10,118095296.8
Indiana,2019-11-17,118206969.8
Indiana,2019-11-24,122410436.5
Indiana,2019-12-01,121690964.53333333
Indiana,2019-12-08,120971492.56666666
Indiana,2019-12-15,120252020.6
Indiana,2019-12-22,128150634.2
Indiana,2019-12-29,119937600.9
Indiana,2020-01-05,122128860.2
Indiana,2020-01-12,126201511.10000001
Indiana,2020-01-19,118935093.8
Indiana,2020-01-26,111034723.3
Indiana,2020-02-02,116658531.60000001
Indiana,2020-02-09,140146751.8
Indiana,2020-02-16,115526770.7
Indiana,2020-02-23,117564244.7
Indiana,2020-03-01,124510172.7
Indiana,2020-03-08,131456100.7
Indiana,2020-03-15,139416011.3
Indiana,2020-03-22,138751371.1
Indiana,2020-03-29,117694236.2
Indiana,2020-04-05,125100912.15
Indiana,2020-04-12,132507588.1
Indiana,2020-04-19,127241009.2
Indiana,2020-04-26,126769642.9
Indiana,2020-05-03,115775164.10000001
Indiana,2020-05-10,279047834.4
Indiana,2020-05-17,134296407.5
Indiana,2020-05-24,143051261.0
Indiana,2020-05-31,138437085.70000002
Indiana,2020-06-07,271499617.4
Indiana,2020-06-14,404562149.09999996
Indiana,2020-06-21,143264040.20000002
Indiana,2020-06-28,146009547.1
Indiana,2020-07-05,145132556.05
Indiana,2020-07-12,144255565.0
Indiana,2020-07-19,146675199.0
Indiana,2020-07-26,140947398.0
Indiana,2020-08-02,132639397.6
Indiana,2020-08-09,124331397.2
Indiana,2020-08-16,270635980.6
Indiana,2020-08-23,140948982.5
Indiana,2020-08-30,141686410.79999998
Indiana,2020-09-06,115649156.4
Indiana,2020-09-13,278408271.9
Indiana,2020-09-20,136103330.4
Indiana,2020-09-27,134674308.6
Indiana,2020-10-04,134611301.05
Indiana,2020-10-11,134548293.5
Indiana,2020-10-18,129107106.0
Indiana,2020-10-25,127075612.7
Indiana,2020-11-01,171963477.46666667
Indiana,2020-11-08,216851342.23333335
Indiana,2020-11-15,261739207.0
Indiana,2020-11-22,133432689.89999999
Indiana,2020-11-29,128159889.39999999
Indiana,2020-12-06,244696270.9
Indiana,2020-12-13,271820383.9
Indiana,2020-12-20,133118910.80000001
Indiana,2020-12-27,130197785.9
Indiana,2021-01-03,141030375.05
Indiana,2021-01-10,151862964.20000002
Indiana,2021-01-17,128577177.39999999
Indiana,2021-01-24,124676972.2
Indiana,2021-01-31,127354830.9
Indiana,2021-02-07,143657223.9
Indiana,2021-02-14,125762666.6
Indiana,2021-02-21,124536406.8
Indiana,2021-02-28,129668749.5
Indiana,2021-03-07,124091850.0
Indiana,2021-03-14,355943656.2
Indiana,2021-03-21,150386321.4
Indiana,2021-03-28,130329187.60000001
Indiana,2021-04-04,135173535.4
Indiana,2021-04-11,166676546.0
Indiana,2021-04-18,135305520.5
Indiana,2021-04-25,138778033.3
Indiana,2021-05-02,146139788.10000002
Indiana,2021-05-09,153501542.9
Indiana,2021-05-16,332684022.8
Indiana,2021-05-23,152381776.8
Indiana,2021-05-30,156489210.4
Indiana,2021-06-06,152115832.79999998
Indiana,2021-06-13,157382641.4
Indiana,2021-06-20,160605817.0
Indiana,2021-06-27,151626563.79999998
Indiana,2021-07-04,260132843.60000002
Indiana,2021-07-11,195899421.69999996
Indiana,2021-07-18,152121651.5
Indiana,2021-07-25,154413738.20000002
Indiana,2021-08-01,152489065.75
Indiana,2021-08-08,150564393.29999998
Indiana,2021-08-15,155768674.70000002
Indiana,2021-08-22,155327367.5
Indiana,2021-08-29,157342316.7
Indiana,2021-09-05,143864879.8
Indiana,2021-09-12,146128794.05
Indiana,2021-09-19,148392708.3
Indiana,2021-09-26,144973768.7
Indiana,2021-10-03,123636112.9
Indiana,2021-10-10,204222462.90000004
Indiana,2021-10-17,201261578.00000003
Indiana,2021-10-24,198294086.7
Indiana,2021-10-31,194870632.5
Indiana,2021-11-07,289257961.8
Indiana,2021-11-14,201623508.4
Indiana,2021-11-21,205513525.29999998
Indiana,2021-11-28,192477586.20000002
Indiana,2021-12-05,268804915.8
Indiana,2021-12-12,345132245.4
Indiana,2021-12-19,208021927.00000003
Indiana,2021-12-26,202810431.9
Indiana,2022-01-02,207627436.60000002
Indiana,2022-01-09,212444441.30000004
Indiana,2022-01-16,200986654.0
Indiana,2022-01-23,190665257.29999998
Indiana,2022-01-30,194169760.09999996
Indiana,2022-02-06,190740274.4
Indiana,2022-02-13,414538757.7
Indiana,2022-02-20,191968142.2
Indiana,2022-02-27,200298365.3
Indiana,2022-03-06,206089831.70000002
Indiana,2022-03-13,451174731.4
Indiana,2022-03-20,205327213.8
Indiana,2022-03-27,201956399.0
Indiana,2022-04-03,216656162.89999998
Indiana,2022-04-10,231355926.79999998
Indiana,2022-04-17,416126255.2
Indiana,2022-04-24,205818235.5
Indiana,2022-05-01,214831531.75
Indiana,2022-05-08,223844828.0
Indiana,2022-05-15,222954020.6
Indiana,2022-05-22,231422187.5
Indiana,2022-05-29,231492773.20000002
Indiana,2022-06-05,397110383.8000001
Indiana,2022-06-12,207047246.9
Indiana,2022-06-19,232822647.4
Indiana,2022-06-26,231333341.3
Indiana,2022-07-03,232278017.15000004
Indiana,2022-07-10,233222693.00000003
Indiana,2022-07-17,226763654.6
Indiana,2022-07-24,230490076.9
Indiana,2022-07-31,228600502.0
Indiana,2022-08-07,213902089.4
Indiana,2022-08-14,231687004.70000002
Indiana,2022-08-21,232468230.3
Indiana,2022-08-28,233265351.7
Indiana,2022-09-04,190489566.9
Indiana,2022-09-11,216869531.29999998
Indiana,2022-09-18,226801840.49999997
Indiana,2022-09-25,220893360.7
Indiana,2022-10-02,327369643.54999995
Indiana,2022-10-09,433845926.4
Indiana,2022-10-16,213503256.8
Indiana,2022-10-23,209982291.50000003
Indiana,2022-10-30,208293556.40000004
Indiana,2022-11-06,427575215.4
Indiana,2022-11-13,646856874.4
Indiana,2022-11-20,214986854.0
Indiana,2022-11-27,213289681.59999996
Indiana,2022-12-04,219015531.39999998
Indiana,2022-12-11,224741381.20000002
Indiana,2022-12-18,218718280.3
Indiana,2022-12-25,229211987.2
Indiana,2023-01-01,198002149.4
Indiana,2023-01-08,201081318.55
Indiana,2023-01-15,204160487.7
Indiana,2023-01-22,202091664.3
Indiana,2023-01-29,201375176.79999998
Indiana,2023-02-05,209455407.79999995
Indiana,2023-02-12,208601881.59999996
Indiana,2023-02-19,207748355.4
Indiana,2023-02-26,210958999.4
Indiana,2023-03-05,217644779.20000002
Indiana,2023-03-12,224330559.0
Indiana,2023-03-19,231016338.8
Indiana,2023-03-26,207930970.99999997
Indiana,2023-04-02,213726322.0333333
Indiana,2023-04-09,219521673.06666666
Indiana,2023-04-16,225317024.1
Indiana,2023-04-23,224558086.4
Indiana,2023-04-30,227926724.5
Indiana,2023-05-07,424388111.5
Indiana,2023-05-14,403021866.45555556
Indiana,2023-05-21,381655621.4111111
Indiana,2023-05-28,360289376.3666667
Indiana,2023-06-04,338923131.32222223
Indiana,2023-06-11,317556886.2777778
Indiana,2023-06-18,296190641.2333333
Indiana,2023-06-25,274824396.18888885
Indiana,2023-07-02,253458151.1444444
Indiana,2023-07-09,232091906.09999996
Indiana,2023-07-16,223167583.97499996
Indiana,2023-07-23,214243261.84999996
Indiana,2023-07-30,205318939.725
Indiana,2023-08-06,196394617.6
Indiana,2023-08-13,201738929.06
Indiana,2023-08-20,207083240.52
Indiana,2023-08-27,212427551.98
Indiana,2023-09-03,217771863.44
Indiana,2023-09-10,223116174.9
Indiana,2023-09-17,241535673.7916667
Indiana,2023-09-24,259955172.68333334
Indiana,2023-10-01,278374671.57500005
Indiana,2023-10-08,296794170.4666667
Indiana,2023-10-15,315213669.35833335
Indiana,2023-10-22,333633168.25
Indiana,2023-10-29,352052667.1416667
Indiana,2023-11-05,370472166.03333336
Indiana,2023-11-12,388891664.9250001
Indiana,2023-11-19,407311163.8166667
Indiana,2023-11-26,425730662.7083334
Indiana,2023-12-03,444150161.6
Iowa,2019-01-13,60702757.5
Iowa,2019-01-20,60887107.14444444
Iowa,2019-01-27,61071456.78888889
Iowa,2019-02-03,61255806.43333334
Iowa,2019-02-10,61440156.07777778
Iowa,2019-02-17,61624505.722222224
Iowa,2019-02-24,61808855.36666667
Iowa,2019-03-03,61993205.01111112
Iowa,2019-03-10,62177554.65555556
Iowa,2019-03-17,62361904.300000004
Iowa,2019-03-24,62445174.36923077
Iowa,2019-03-31,62528444.43846154
Iowa,2019-04-07,62611714.50769231
Iowa,2019-04-14,62694984.57692308
Iowa,2019-04-21,62778254.646153845
Iowa,2019-04-28,62861524.71538462
Iowa,2019-05-05,62944794.78461538
Iowa,2019-05-12,63028064.853846155
Iowa,2019-05-19,63111334.92307692
Iowa,2019-05-26,63194604.99230769
Iowa,2019-06-02,63277875.06153846
Iowa,2019-06-09,63361145.13076923
Iowa,2019-06-16,63444415.199999996
Iowa,2019-06-23,63403273.47777777
Iowa,2019-06-30,63362131.75555555
Iowa,2019-07-07,63320990.03333333
Iowa,2019-07-14,63279848.31111111
Iowa,2019-07-21,63238706.58888888
Iowa,2019-07-28,63197564.86666666
Iowa,2019-08-04,63156423.14444444
Iowa,2019-08-11,63115281.42222222
Iowa,2019-08-18,63074139.699999996
Iowa,2019-08-25,70833944.69999999
Iowa,2019-09-01,78593749.69999999
Iowa,2019-09-08,86353554.69999999
Iowa,2019-09-15,94113359.69999999
Iowa,2019-09-22,101873164.69999999
Iowa,2019-09-29,109632969.69999999
Iowa,2019-10-06,117392774.69999999
Iowa,2019-10-13,125152579.69999999
Iowa,2019-10-20,62527283.800000004
Iowa,2019-10-27,63267656.8
Iowa,2019-11-03,63582258.03333333
Iowa,2019-11-10,63896859.266666666
Iowa,2019-11-17,64211460.5
Iowa,2019-11-24,62835743.5
Iowa,2019-12-01,62939252.9
Iowa,2019-12-08,63042762.300000004
Iowa,2019-12-15,63146271.7
Iowa,2019-12-22,67258272.9
Iowa,2019-12-29,59575156.3
Iowa,2020-01-05,64202566.4
Iowa,2020-01-12,65694280.5
Iowa,2020-01-19,59727419.5
Iowa,2020-01-26,58551028.8
Iowa,2020-02-02,60863494.800000004
Iowa,2020-02-09,75647605.69999999
Iowa,2020-02-16,60434569.3
Iowa,2020-02-23,60677983.699999996
Iowa,2020-03-01,66140352.0
Iowa,2020-03-08,71602720.3
Iowa,2020-03-15,72534465.1
Iowa,2020-03-22,69277941.60000001
Iowa,2020-03-29,62548450.9
Iowa,2020-04-05,64809006.3
Iowa,2020-04-12,67069561.7
Iowa,2020-04-19,67003318.199999996
Iowa,2020-04-26,67021798.9
Iowa,2020-05-03,59067695.9
Iowa,2020-05-10,146712646.0
Iowa,2020-05-17,70218530.0
Iowa,2020-05-24,72411481.9
Iowa,2020-05-31,69696598.8
Iowa,2020-06-07,141286320.39999998
Iowa,2020-06-14,212876042.0
Iowa,2020-06-21,72152020.7
Iowa,2020-06-28,77381430.9
Iowa,2020-07-05,78505732.30000001
Iowa,2020-07-12,79630033.7
Iowa,2020-07-19,76522154.0
Iowa,2020-07-26,72772272.9
Iowa,2020-08-02,69366879.05000001
Iowa,2020-08-09,65961485.2
Iowa,2020-08-16,141120761.0
Iowa,2020-08-23,73771597.10000001
Iowa,2020-08-30,73745120.30000001
Iowa,2020-09-06,59036831.3
Iowa,2020-09-13,142637861.2
Iowa,2020-09-20,68574621.80000001
Iowa,2020-09-27,67464350.7
Iowa,2020-10-04,68905450.25
Iowa,2020-10-11,70346549.8
Iowa,2020-10-18,66751333.1
Iowa,2020-10-25,64181268.5
Iowa,2020-11-01,87624745.83333333
Iowa,2020-11-08,111068223.16666666
Iowa,2020-11-15,134511700.5
Iowa,2020-11-22,67064477.099999994
Iowa,2020-11-29,61554063.3
Iowa,2020-12-06,127082052.4
Iowa,2020-12-13,141028132.6
Iowa,2020-12-20,67615054.8
Iowa,2020-12-27,62352024.199999996
Iowa,2021-01-03,71000206.75
Iowa,2021-01-10,79648389.30000001
Iowa,2021-01-17,61756295.4
Iowa,2021-01-24,63355695.8
Iowa,2021-01-31,64409989.699999996
Iowa,2021-02-07,79067028.2
Iowa,2021-02-14,63001779.5
Iowa,2021-02-21,64439883.300000004
Iowa,2021-02-28,67613100.3
Iowa,2021-03-07,61085596.2
Iowa,2021-03-14,183754207.9
Iowa,2021-03-21,73557243.60000001
Iowa,2021-03-28,65324666.5
Iowa,2021-04-04,73011509.6
Iowa,2021-04-11,86352759.3
Iowa,2021-04-18,70207099.0
Iowa,2021-04-25,73279235.4
Iowa,2021-05-02,76523559.0
Iowa,2021-05-09,79767882.6
Iowa,2021-05-16,177385662.0
Iowa,2021-05-23,76143299.60000001
Iowa,2021-05-30,77550280.3
Iowa,2021-06-06,84625327.1
Iowa,2021-06-13,84954703.60000001
Iowa,2021-06-20,81627168.60000001
Iowa,2021-06-27,78577608.1
Iowa,2021-07-04,135055750.6
Iowa,2021-07-11,103094969.80000001
Iowa,2021-07-18,79597242.7
Iowa,2021-07-25,81060402.3
Iowa,2021-08-01,80551957.35
Iowa,2021-08-08,80043512.4
Iowa,2021-08-15,82384684.8
Iowa,2021-08-22,81136829.9
Iowa,2021-08-29,79453066.39999999
Iowa,2021-09-05,76275585.3
Iowa,2021-09-12,75817541.3
Iowa,2021-09-19,75359497.3
Iowa,2021-09-26,74902560.4
Iowa,2021-10-03,63759010.3
Iowa,2021-10-10,106932039.39999999
Iowa,2021-10-17,103822588.80000001
Iowa,2021-10-24,101866410.5
Iowa,2021-10-31,100572083.89999999
Iowa,2021-11-07,149965251.5
Iowa,2021-11-14,103832896.6
Iowa,2021-11-21,102844372.6
Iowa,2021-11-28,96761842.8
Iowa,2021-12-05,136115160.7
Iowa,2021-12-12,175468478.6
Iowa,2021-12-19,105762342.4
Iowa,2021-12-26,100465036.8
Iowa,2022-01-02,107458435.4
Iowa,2022-01-09,114451834.0
Iowa,2022-01-16,99577445.1
Iowa,2022-01-23,97405832.9
Iowa,2022-01-30,98044269.5
Iowa,2022-02-06,95784306.19999999
Iowa,2022-02-13,212206792.8
Iowa,2022-02-20,99853708.60000001
Iowa,2022-02-27,102026029.70000002
Iowa,2022-03-06,111445943.5
Iowa,2022-03-13,233727031.0
Iowa,2022-03-20,107590345.3
Iowa,2022-03-27,105383640.6
Iowa,2022-04-03,111929312.29999998
Iowa,2022-04-10,118474983.99999999
Iowa,2022-04-17,221432663.3
Iowa,2022-04-24,107798902.30000001
Iowa,2022-05-01,115370564.5
Iowa,2022-05-08,122942226.69999999
Iowa,2022-05-15,120045447.4
Iowa,2022-05-22,116091521.0
Iowa,2022-05-29,116918119.39999999
Iowa,2022-06-05,204987914.29999998
Iowa,2022-06-12,108982305.69999999
Iowa,2022-06-19,121225511.29999998
Iowa,2022-06-26,123142813.99999999
Iowa,2022-07-03,122080246.39999999
Iowa,2022-07-10,121017678.8
Iowa,2022-07-17,120250570.9
Iowa,2022-07-24,121581654.0
Iowa,2022-07-31,118833542.0
Iowa,2022-08-07,113497322.7
Iowa,2022-08-14,118799397.30000001
Iowa,2022-08-21,117909148.19999999
Iowa,2022-08-28,116479096.89999999
Iowa,2022-09-04,97403751.6
Iowa,2022-09-11,113810897.99999999
Iowa,2022-09-18,114396176.4
Iowa,2022-09-25,111609040.4
Iowa,2022-10-02,170567648.0
Iowa,2022-10-09,229526255.6
Iowa,2022-10-16,110027794.39999999
Iowa,2022-10-23,109087987.3
Iowa,2022-10-30,107437127.50000001
Iowa,2022-11-06,219850783.90000004
Iowa,2022-11-13,332264440.3
Iowa,2022-11-20,111104859.8
Iowa,2022-11-27,106727485.2
Iowa,2022-12-04,115291728.05
Iowa,2022-12-11,123855970.89999999
Iowa,2022-12-18,113552627.2
Iowa,2022-12-25,109408805.2
Iowa,2023-01-01,103388682.0
Iowa,2023-01-08,104123037.65
Iowa,2023-01-15,104857393.3
Iowa,2023-01-22,102454896.5
Iowa,2023-01-29,103796978.5
Iowa,2023-02-05,114064233.0
Iowa,2023-02-12,110012115.85
Iowa,2023-02-19,105959998.7
Iowa,2023-02-26,106334891.39999999
Iowa,2023-03-05,109365176.19999999
Iowa,2023-03-12,112395461.0
Iowa,2023-03-19,115425745.8
Iowa,2023-03-26,107398798.3
Iowa,2023-04-02,110821599.39999999
Iowa,2023-04-09,114244400.5
Iowa,2023-04-16,117667201.6
Iowa,2023-04-23,116093178.49999999
Iowa,2023-04-30,120826305.9
Iowa,2023-05-07,221374301.39999998
Iowa,2023-05-14,210531763.5222222
Iowa,2023-05-21,199689225.64444444
Iowa,2023-05-28,188846687.76666665
Iowa,2023-06-04,178004149.8888889
Iowa,2023-06-11,167161612.0111111
Iowa,2023-06-18,156319074.13333333
Iowa,2023-06-25,145476536.25555557
Iowa,2023-07-02,134633998.37777779
Iowa,2023-07-09,123791460.50000001
Iowa,2023-07-16,118557538.12500001
Iowa,2023-07-23,113323615.75000001
Iowa,2023-07-30,108089693.37500001
Iowa,2023-08-06,102855771.00000001
Iowa,2023-08-13,105957202.66000001
Iowa,2023-08-20,109058634.32000001
Iowa,2023-08-27,112160065.98000002
Iowa,2023-09-03,115261497.64000002
Iowa,2023-09-10,118362929.30000001
Iowa,2023-09-17,127610047.29166667
Iowa,2023-09-24,136857165.28333333
Iowa,2023-10-01,146104283.275
Iowa,2023-10-08,155351401.26666668
Iowa,2023-10-15,164598519.25833333
Iowa,2023-10-22,173845637.25
Iowa,2023-10-29,183092755.24166667
Iowa,2023-11-05,192339873.23333335
Iowa,2023-11-12,201586991.225
Iowa,2023-11-19,210834109.21666667
Iowa,2023-11-26,220081227.2083333
Iowa,2023-12-03,229328345.2
Kansas,2019-01-13,48255942.9
Kansas,2019-01-20,48170749.166666664
Kansas,2019-01-27,48085555.43333333
Kansas,2019-02-03,48000361.699999996
Kansas,2019-02-10,47915167.96666666
Kansas,2019-02-17,47829974.233333334
Kansas,2019-02-24,47744780.5
Kansas,2019-03-03,47659586.766666666
Kansas,2019-03-10,47574393.03333333
Kansas,2019-03-17,47489199.3
Kansas,2019-03-24,47707873.08461538
Kansas,2019-03-31,47926546.86923077
Kansas,2019-04-07,48145220.65384615
Kansas,2019-04-14,48363894.438461535
Kansas,2019-04-21,48582568.223076925
Kansas,2019-04-28,48801242.00769231
Kansas,2019-05-05,49019915.79230769
Kansas,2019-05-12,49238589.57692307
Kansas,2019-05-19,49457263.36153846
Kansas,2019-05-26,49675937.146153845
Kansas,2019-06-02,49894610.93076923
Kansas,2019-06-09,50113284.71538462
Kansas,2019-06-16,50331958.5
Kansas,2019-06-23,50114086.85555556
Kansas,2019-06-30,49896215.21111111
Kansas,2019-07-07,49678343.56666667
Kansas,2019-07-14,49460471.92222223
Kansas,2019-07-21,49242600.277777776
Kansas,2019-07-28,49024728.63333333
Kansas,2019-08-04,48806856.98888889
Kansas,2019-08-11,48588985.344444446
Kansas,2019-08-18,48371113.7
Kansas,2019-08-25,54429863.900000006
Kansas,2019-09-01,60488614.1
Kansas,2019-09-08,66547364.3
Kansas,2019-09-15,72606114.5
Kansas,2019-09-22,78664864.7
Kansas,2019-09-29,84723614.9
Kansas,2019-10-06,90782365.1
Kansas,2019-10-13,96841115.3
Kansas,2019-10-20,48601947.9
Kansas,2019-10-27,48102109.5
Kansas,2019-11-03,48304837.666666664
Kansas,2019-11-10,48507565.833333336
Kansas,2019-11-17,48710294.0
Kansas,2019-11-24,50469567.400000006
Kansas,2019-12-01,50137882.13333333
Kansas,2019-12-08,49806196.86666667
Kansas,2019-12-15,49474511.599999994
Kansas,2019-12-22,52416567.0
Kansas,2019-12-29,48921431.3
Kansas,2020-01-05,49739278.5
Kansas,2020-01-12,49731547.3
Kansas,2020-01-19,45970257.6
Kansas,2020-01-26,45578142.0
Kansas,2020-02-02,48454429.7
Kansas,2020-02-09,55336553.1
Kansas,2020-02-16,46986707.2
Kansas,2020-02-23,47027994.0
Kansas,2020-03-01,51067726.8
Kansas,2020-03-08,55107459.6
Kansas,2020-03-15,56199275.699999996
Kansas,2020-03-22,56741186.099999994
Kansas,2020-03-29,49573935.0
Kansas,2020-04-05,51126823.2
Kansas,2020-04-12,52679711.4
Kansas,2020-04-19,53915809.4
Kansas,2020-04-26,53151527.1
Kansas,2020-05-03,47926649.0
Kansas,2020-05-10,113481549.1
Kansas,2020-05-17,55211389.8
Kansas,2020-05-24,55036532.1
Kansas,2020-05-31,54431344.4
Kansas,2020-06-07,109813047.0
Kansas,2020-06-14,165194749.6
Kansas,2020-06-21,57777801.300000004
Kansas,2020-06-28,59540738.0
Kansas,2020-07-05,59980479.75
Kansas,2020-07-12,60420221.5
Kansas,2020-07-19,57934641.6
Kansas,2020-07-26,55812175.1
Kansas,2020-08-02,53245954.3
Kansas,2020-08-09,50679733.5
Kansas,2020-08-16,108592082.0
Kansas,2020-08-23,54631652.5
Kansas,2020-08-30,54662599.1
Kansas,2020-09-06,46767766.4
Kansas,2020-09-13,110082940.5
Kansas,2020-09-20,53610089.3
Kansas,2020-09-27,52805520.800000004
Kansas,2020-10-04,53836283.1
Kansas,2020-10-11,54867045.4
Kansas,2020-10-18,52216444.1
Kansas,2020-10-25,50123547.800000004
Kansas,2020-11-01,68218566.73333333
Kansas,2020-11-08,86313585.66666666
Kansas,2020-11-15,104408604.6
Kansas,2020-11-22,52763617.5
Kansas,2020-11-29,51187350.4
Kansas,2020-12-06,101867134.6
Kansas,2020-12-13,108847096.3
Kansas,2020-12-20,52936445.7
Kansas,2020-12-27,52101710.5
Kansas,2021-01-03,56454862.35
Kansas,2021-01-10,60808014.2
Kansas,2021-01-17,49405362.9
Kansas,2021-01-24,49264080.800000004
Kansas,2021-01-31,50249196.699999996
Kansas,2021-02-07,59355868.2
Kansas,2021-02-14,49473048.800000004
Kansas,2021-02-21,48029085.1
Kansas,2021-02-28,52003515.800000004
Kansas,2021-03-07,50868820.0
Kansas,2021-03-14,142243895.39999998
Kansas,2021-03-21,59205729.400000006
Kansas,2021-03-28,52129781.9
Kansas,2021-04-04,55653198.7
Kansas,2021-04-11,65793575.800000004
Kansas,2021-04-18,54961228.8
Kansas,2021-04-25,56106391.199999996
Kansas,2021-05-02,58663277.39999999
Kansas,2021-05-09,61220163.599999994
Kansas,2021-05-16,134987202.0
Kansas,2021-05-23,58120184.6
Kansas,2021-05-30,58608591.1
Kansas,2021-06-06,62516133.4
Kansas,2021-06-13,63747306.1
Kansas,2021-06-20,64694666.0
Kansas,2021-06-27,61546477.2
Kansas,2021-07-04,106685100.5
Kansas,2021-07-11,79954985.1
Kansas,2021-07-18,60484849.300000004
Kansas,2021-07-25,61028083.7
Kansas,2021-08-01,61021612.900000006
Kansas,2021-08-08,61015142.1
Kansas,2021-08-15,61587649.4
Kansas,2021-08-22,60003063.0
Kansas,2021-08-29,60315652.3
Kansas,2021-09-05,58628491.800000004
Kansas,2021-09-12,58624592.400000006
Kansas,2021-09-19,58620693.0
Kansas,2021-09-26,57965249.5
Kansas,2021-10-03,50589575.9
Kansas,2021-10-10,84206740.7
Kansas,2021-10-17,81123034.4
Kansas,2021-10-24,79347468.2
Kansas,2021-10-31,78863272.3
Kansas,2021-11-07,117802659.6
Kansas,2021-11-14,80314797.0
Kansas,2021-11-21,82999328.80000001
Kansas,2021-11-28,78440980.19999999
Kansas,2021-12-05,108534470.75
Kansas,2021-12-12,138627961.3
Kansas,2021-12-19,84460875.80000001
Kansas,2021-12-26,83443647.2
Kansas,2022-01-02,85220750.0
Kansas,2022-01-09,86997852.79999998
Kansas,2022-01-16,78883181.00000001
Kansas,2022-01-23,75806888.1
Kansas,2022-01-30,78220589.9
Kansas,2022-02-06,79504172.6
Kansas,2022-02-13,166315812.60000002
Kansas,2022-02-20,75767594.6
Kansas,2022-02-27,80457891.5
Kansas,2022-03-06,86725018.7
Kansas,2022-03-13,178668325.7
Kansas,2022-03-20,83082912.7
Kansas,2022-03-27,82019286.2
Kansas,2022-04-03,87517366.15
Kansas,2022-04-10,93015446.1
Kansas,2022-04-17,169176440.0
Kansas,2022-04-24,83057568.3
Kansas,2022-05-01,86593104.95
Kansas,2022-05-08,90128641.60000001
Kansas,2022-05-15,90747538.80000001
Kansas,2022-05-22,87205384.39999999
Kansas,2022-05-29,88373729.5
Kansas,2022-06-05,162124464.40000004
Kansas,2022-06-12,84389780.39999999
Kansas,2022-06-19,95907245.0
Kansas,2022-06-26,92862803.4
Kansas,2022-07-03,92987678.6
Kansas,2022-07-10,93112553.8
Kansas,2022-07-17,92242837.30000001
Kansas,2022-07-24,91465018.60000001
Kansas,2022-07-31,90742378.0
Kansas,2022-08-07,86153843.00000001
Kansas,2022-08-14,92208148.49999999
Kansas,2022-08-21,88534642.8
Kansas,2022-08-28,89760227.89999999
Kansas,2022-09-04,76822109.1
Kansas,2022-09-11,88764636.5
Kansas,2022-09-18,89581306.4
Kansas,2022-09-25,87433217.2
Kansas,2022-10-02,133241936.19999999
Kansas,2022-10-09,179050655.2
Kansas,2022-10-16,85774103.39999999
Kansas,2022-10-23,84007160.0
Kansas,2022-10-30,83002733.3
Kansas,2022-11-06,170810373.3
Kansas,2022-11-13,258618013.3
Kansas,2022-11-20,85163591.0
Kansas,2022-11-27,86453162.6
Kansas,2022-12-04,89663015.8
Kansas,2022-12-11,92872869.0
Kansas,2022-12-18,87682836.8
Kansas,2022-12-25,91741789.60000001
Kansas,2023-01-01,82286820.5
Kansas,2023-01-08,81844652.25
Kansas,2023-01-15,81402484.0
Kansas,2023-01-22,79711319.1
Kansas,2023-01-29,82211004.9
Kansas,2023-02-05,88919304.3
Kansas,2023-02-12,85528671.1
Kansas,2023-02-19,82138037.9
Kansas,2023-02-26,84463677.10000001
Kansas,2023-03-05,86989104.30000001
Kansas,2023-03-12,89514531.5
Kansas,2023-03-19,92039958.7
Kansas,2023-03-26,84923537.19999999
Kansas,2023-04-02,87358465.6
Kansas,2023-04-09,89793393.99999999
Kansas,2023-04-16,92228322.39999999
Kansas,2023-04-23,91618566.5
Kansas,2023-04-30,93432681.0
Kansas,2023-05-07,173078294.3
Kansas,2023-05-14,164368767.53333333
Kansas,2023-05-21,155659240.76666668
Kansas,2023-05-28,146949714.0
Kansas,2023-06-04,138240187.23333335
Kansas,2023-06-11,129530660.46666667
Kansas,2023-06-18,120821133.7
Kansas,2023-06-25,112111606.93333334
Kansas,2023-07-02,103402080.16666667
Kansas,2023-07-09,94692553.4
Kansas,2023-07-16,91064620.4
Kansas,2023-07-23,87436687.4
Kansas,2023-07-30,83808754.39999999
Kansas,2023-08-06,80180821.39999999
Kansas,2023-08-13,82999107.36
Kansas,2023-08-20,85817393.32000001
Kansas,2023-08-27,88635679.28
Kansas,2023-09-03,91453965.24000001
Kansas,2023-09-10,94272251.20000002
Kansas,2023-09-17,101316840.38333336
Kansas,2023-09-24,108361429.56666668
Kansas,2023-10-01,115406018.75000001
Kansas,2023-10-08,122450607.93333335
Kansas,2023-10-15,129495197.11666667
Kansas,2023-10-22,136539786.3
Kansas,2023-10-29,143584375.48333335
Kansas,2023-11-05,150628964.6666667
Kansas,2023-11-12,157673553.85000002
Kansas,2023-11-19,164718143.03333336
Kansas,2023-11-26,171762732.2166667
Kansas,2023-12-03,178807321.4
Kentucky,2019-01-13,91340443.0
Kentucky,2019-01-20,91510054.32222222
Kentucky,2019-01-27,91679665.64444444
Kentucky,2019-02-03,91849276.96666667
Kentucky,2019-02-10,92018888.28888889
Kentucky,2019-02-17,92188499.6111111
Kentucky,2019-02-24,92358110.93333332
Kentucky,2019-03-03,92527722.25555556
Kentucky,2019-03-10,92697333.57777777
Kentucky,2019-03-17,92866944.89999999
Kentucky,2019-03-24,93877815.99230768
Kentucky,2019-03-31,94888687.08461538
Kentucky,2019-04-07,95899558.17692307
Kentucky,2019-04-14,96910429.26923077
Kentucky,2019-04-21,97921300.36153845
Kentucky,2019-04-28,98932171.45384614
Kentucky,2019-05-05,99943042.54615384
Kentucky,2019-05-12,100953913.63846153
Kentucky,2019-05-19,101964784.73076922
Kentucky,2019-05-26,102975655.82307692
Kentucky,2019-06-02,103986526.9153846
Kentucky,2019-06-09,104997398.0076923
Kentucky,2019-06-16,106008269.1
Kentucky,2019-06-23,104502732.43333332
Kentucky,2019-06-30,102997195.76666667
Kentucky,2019-07-07,101491659.1
Kentucky,2019-07-14,99986122.43333334
Kentucky,2019-07-21,98480585.76666667
Kentucky,2019-07-28,96975049.10000001
Kentucky,2019-08-04,95469512.43333334
Kentucky,2019-08-11,93963975.76666668
Kentucky,2019-08-18,92458439.10000001
Kentucky,2019-08-25,104788382.61250001
Kentucky,2019-09-01,117118326.125
Kentucky,2019-09-08,129448269.6375
Kentucky,2019-09-15,141778213.15
Kentucky,2019-09-22,154108156.6625
Kentucky,2019-09-29,166438100.175
Kentucky,2019-10-06,178768043.6875
Kentucky,2019-10-13,191097987.2
Kentucky,2019-10-20,94431652.60000001
Kentucky,2019-10-27,91910509.2
Kentucky,2019-11-03,92035410.9
Kentucky,2019-11-10,92160312.6
Kentucky,2019-11-17,92285214.3
Kentucky,2019-11-24,95351246.9
Kentucky,2019-12-01,94412557.4
Kentucky,2019-12-08,93473867.9
Kentucky,2019-12-15,92535178.4
Kentucky,2019-12-22,97877582.7
Kentucky,2019-12-29,92581514.5
Kentucky,2020-01-05,96896522.89999999
Kentucky,2020-01-12,97721871.5
Kentucky,2020-01-19,89904459.0
Kentucky,2020-01-26,87337779.19999999
Kentucky,2020-02-02,90383282.10000001
Kentucky,2020-02-09,108364954.0
Kentucky,2020-02-16,88680139.7
Kentucky,2020-02-23,89359544.7
Kentucky,2020-03-01,97236521.3
Kentucky,2020-03-08,105113497.89999999
Kentucky,2020-03-15,108537872.80000001
Kentucky,2020-03-22,106471732.8
Kentucky,2020-03-29,93433675.60000001
Kentucky,2020-04-05,99623264.05000001
Kentucky,2020-04-12,105812852.5
Kentucky,2020-04-19,99475278.89999999
Kentucky,2020-04-26,98793975.89999999
Kentucky,2020-05-03,91668506.5
Kentucky,2020-05-10,216763598.1
Kentucky,2020-05-17,105373534.0
Kentucky,2020-05-24,111736557.89999999
Kentucky,2020-05-31,108405878.7
Kentucky,2020-06-07,212017071.5
Kentucky,2020-06-14,315628264.3
Kentucky,2020-06-21,108919624.39999999
Kentucky,2020-06-28,109608394.60000001
Kentucky,2020-07-05,110830619.15
Kentucky,2020-07-12,112052843.7
Kentucky,2020-07-19,110998494.4
Kentucky,2020-07-26,107452067.4
Kentucky,2020-08-02,102799359.45
Kentucky,2020-08-09,98146651.5
Kentucky,2020-08-16,210665005.9
Kentucky,2020-08-23,107156717.7
Kentucky,2020-08-30,106359010.5
Kentucky,2020-09-06,90103077.4
Kentucky,2020-09-13,219363300.8
Kentucky,2020-09-20,106393443.8
Kentucky,2020-09-27,102811444.2
Kentucky,2020-10-04,104226720.5
Kentucky,2020-10-11,105641996.8
Kentucky,2020-10-18,100459116.4
Kentucky,2020-10-25,99021954.3
Kentucky,2020-11-01,133618681.6
Kentucky,2020-11-08,168215408.89999998
Kentucky,2020-11-15,202812136.2
Kentucky,2020-11-22,103523877.2
Kentucky,2020-11-29,98671875.0
Kentucky,2020-12-06,193513272.5
Kentucky,2020-12-13,209846738.0
Kentucky,2020-12-20,100865901.8
Kentucky,2020-12-27,99073802.10000001
Kentucky,2021-01-03,108187073.15
Kentucky,2021-01-10,117300344.2
Kentucky,2021-01-17,99316227.60000001
Kentucky,2021-01-24,95310487.7
Kentucky,2021-01-31,96229501.3
Kentucky,2021-02-07,112421501.6
Kentucky,2021-02-14,97978469.10000001
Kentucky,2021-02-21,92934125.1
Kentucky,2021-02-28,99976448.5
Kentucky,2021-03-07,97850318.6
Kentucky,2021-03-14,279820589.3
Kentucky,2021-03-21,115326864.8
Kentucky,2021-03-28,103167419.5
Kentucky,2021-04-04,108849186.2
Kentucky,2021-04-11,125646304.4
Kentucky,2021-04-18,107204172.0
Kentucky,2021-04-25,107620403.3
Kentucky,2021-05-02,113533329.95
Kentucky,2021-05-09,119446256.60000001
Kentucky,2021-05-16,262810287.2
Kentucky,2021-05-23,118306198.7
Kentucky,2021-05-30,119293343.1
Kentucky,2021-06-06,118342924.9
Kentucky,2021-06-13,120608752.7
Kentucky,2021-06-20,123091896.3
Kentucky,2021-06-27,117190358.10000001
Kentucky,2021-07-04,204128464.4
Kentucky,2021-07-11,154353902.5
Kentucky,2021-07-18,117990160.9
Kentucky,2021-07-25,118148967.9
Kentucky,2021-08-01,118853176.55
Kentucky,2021-08-08,119557385.19999999
Kentucky,2021-08-15,120277717.10000001
Kentucky,2021-08-22,117423059.0
Kentucky,2021-08-29,120550384.7
Kentucky,2021-09-05,112626698.2
Kentucky,2021-09-12,113850987.7
Kentucky,2021-09-19,115075277.2
Kentucky,2021-09-26,109298751.7
Kentucky,2021-10-03,97469454.4
Kentucky,2021-10-10,160624309.8
Kentucky,2021-10-17,158469037.80000004
Kentucky,2021-10-24,154857048.1
Kentucky,2021-10-31,152099528.29999998
Kentucky,2021-11-07,228880531.10000002
Kentucky,2021-11-14,157931326.0
Kentucky,2021-11-21,162353803.4
Kentucky,2021-11-28,149030289.8
Kentucky,2021-12-05,209207022.15
Kentucky,2021-12-12,269383754.5
Kentucky,2021-12-19,160380710.10000002
Kentucky,2021-12-26,154868195.1
Kentucky,2022-01-02,163266173.14999998
Kentucky,2022-01-09,171664151.2
Kentucky,2022-01-16,156262856.2
Kentucky,2022-01-23,144556708.5
Kentucky,2022-01-30,147313253.0
Kentucky,2022-02-06,150002539.5
Kentucky,2022-02-13,328849857.1
Kentucky,2022-02-20,145625623.6
Kentucky,2022-02-27,156479215.79999998
Kentucky,2022-03-06,166881514.0
Kentucky,2022-03-13,350760457.1
Kentucky,2022-03-20,163477368.89999998
Kentucky,2022-03-27,164099532.9
Kentucky,2022-04-03,173878879.55
Kentucky,2022-04-10,183658226.20000002
Kentucky,2022-04-17,326914062.9
Kentucky,2022-04-24,164162639.39999998
Kentucky,2022-05-01,169644107.64999998
Kentucky,2022-05-08,175125575.9
Kentucky,2022-05-15,172918709.00000003
Kentucky,2022-05-22,180195377.8
Kentucky,2022-05-29,175426518.6
Kentucky,2022-06-05,314282046.5
Kentucky,2022-06-12,163543172.20000002
Kentucky,2022-06-19,181679224.9
Kentucky,2022-06-26,178023499.70000002
Kentucky,2022-07-03,180340329.4
Kentucky,2022-07-10,182657159.1
Kentucky,2022-07-17,176803762.0
Kentucky,2022-07-24,175521543.0
Kentucky,2022-07-31,176939926.7
Kentucky,2022-08-07,170241063.4
Kentucky,2022-08-14,182433637.4
Kentucky,2022-08-21,178715626.79999998
Kentucky,2022-08-28,180785746.2
Kentucky,2022-09-04,150103192.7
Kentucky,2022-09-11,169675963.50000003
Kentucky,2022-09-18,176248302.7
Kentucky,2022-09-25,175430228.10000002
Kentucky,2022-10-02,259894096.5
Kentucky,2022-10-09,344357964.9
Kentucky,2022-10-16,169028833.1
Kentucky,2022-10-23,164783226.7
Kentucky,2022-10-30,161908388.2
Kentucky,2022-11-06,331956744.59999996
Kentucky,2022-11-13,502005100.99999994
Kentucky,2022-11-20,165319823.4
Kentucky,2022-11-27,163202263.89999998
Kentucky,2022-12-04,168377122.35
Kentucky,2022-12-11,173551980.8
Kentucky,2022-12-18,167654026.6
Kentucky,2022-12-25,171908926.2
Kentucky,2023-01-01,154450235.0
Kentucky,2023-01-08,157169598.39999998
Kentucky,2023-01-15,159888961.79999998
Kentucky,2023-01-22,151381165.29999998
Kentucky,2023-01-29,152849458.49999997
Kentucky,2023-02-05,169379032.7
Kentucky,2023-02-12,165726184.0
Kentucky,2023-02-19,162073335.30000004
Kentucky,2023-02-26,163522695.4
Kentucky,2023-03-05,167792483.96666667
Kentucky,2023-03-12,172062272.53333333
Kentucky,2023-03-19,176332061.1
Kentucky,2023-03-26,163351236.4
Kentucky,2023-04-02,167107227.16666666
Kentucky,2023-04-09,170863217.93333334
Kentucky,2023-04-16,174619208.7
Kentucky,2023-04-23,175063638.79999998
Kentucky,2023-04-30,177480411.4
Kentucky,2023-05-07,332144658.5
Kentucky,2023-05-14,315514969.82222223
Kentucky,2023-05-21,298885281.14444447
Kentucky,2023-05-28,282255592.4666667
Kentucky,2023-06-04,265625903.7888889
Kentucky,2023-06-11,248996215.1111111
Kentucky,2023-06-18,232366526.43333334
Kentucky,2023-06-25,215736837.75555557
Kentucky,2023-07-02,199107149.0777778
Kentucky,2023-07-09,182477460.4
Kentucky,2023-07-16,175715871.1
Kentucky,2023-07-23,168954281.8
Kentucky,2023-07-30,162192692.5
Kentucky,2023-08-06,155431103.2
Kentucky,2023-08-13,159096904.78
Kentucky,2023-08-20,162762706.35999998
Kentucky,2023-08-27,166428507.94
Kentucky,2023-09-03,170094309.51999998
Kentucky,2023-09-10,173760111.1
Kentucky,2023-09-17,187901680.225
Kentucky,2023-09-24,202043249.35
Kentucky,2023-10-01,216184818.475
Kentucky,2023-10-08,230326387.6
Kentucky,2023-10-15,244467956.72500002
Kentucky,2023-10-22,258609525.85000002
Kentucky,2023-10-29,272751094.975
Kentucky,2023-11-05,286892664.1
Kentucky,2023-11-12,301034233.225
Kentucky,2023-11-19,315175802.35
Kentucky,2023-11-26,329317371.475
Kentucky,2023-12-03,343458940.6
Louisiana,2019-01-13,94697654.89999999
Louisiana,2019-01-20,95079088.85555555
Louisiana,2019-01-27,95460522.81111111
Louisiana,2019-02-03,95841956.76666667
Louisiana,2019-02-10,96223390.72222222
Louisiana,2019-02-17,96604824.67777777
Louisiana,2019-02-24,96986258.63333333
Louisiana,2019-03-03,97367692.58888888
Louisiana,2019-03-10,97749126.54444444
Louisiana,2019-03-17,98130560.5
Louisiana,2019-03-24,99113590.81538461
Louisiana,2019-03-31,100096621.13076922
Louisiana,2019-04-07,101079651.44615385
Louisiana,2019-04-14,102062681.76153846
Louisiana,2019-04-21,103045712.07692307
Louisiana,2019-04-28,104028742.39230768
Louisiana,2019-05-05,105011772.70769231
Louisiana,2019-05-12,105994803.02307692
Louisiana,2019-05-19,106977833.33846153
Louisiana,2019-05-26,107960863.65384614
Louisiana,2019-06-02,108943893.96923077
Louisiana,2019-06-09,109926924.28461538
Louisiana,2019-06-16,110909954.6
Louisiana,2019-06-23,109333229.68888888
Louisiana,2019-06-30,107756504.77777778
Louisiana,2019-07-07,106179779.86666666
Louisiana,2019-07-14,104603054.95555554
Louisiana,2019-07-21,103026330.04444444
Louisiana,2019-07-28,101449605.13333333
Louisiana,2019-08-04,99872880.22222221
Louisiana,2019-08-11,98296155.31111111
Louisiana,2019-08-18,96719430.39999999
Louisiana,2019-08-25,110685393.9125
Louisiana,2019-09-01,124651357.425
Louisiana,2019-09-08,138617320.9375
Louisiana,2019-09-15,152583284.45
Louisiana,2019-09-22,166549247.96249998
Louisiana,2019-09-29,180515211.475
Louisiana,2019-10-06,194481174.9875
Louisiana,2019-10-13,208447138.5
Louisiana,2019-10-20,100499698.5
Louisiana,2019-10-27,94643763.7
Louisiana,2019-11-03,95470455.60000001
Louisiana,2019-11-10,96297147.5
Louisiana,2019-11-17,97123839.4
Louisiana,2019-11-24,98028446.1
Louisiana,2019-12-01,97672036.76666667
Louisiana,2019-12-08,97315627.43333334
Louisiana,2019-12-15,96959218.10000001
Louisiana,2019-12-22,100853710.19999999
Louisiana,2019-12-29,90497588.9
Louisiana,2020-01-05,100284981.89999999
Louisiana,2020-01-12,104994962.30000001
Louisiana,2020-01-19,93011763.9
Louisiana,2020-01-26,88883700.1
Louisiana,2020-02-02,93133150.60000001
Louisiana,2020-02-09,109735019.4
Louisiana,2020-02-16,94246834.10000001
Louisiana,2020-02-23,92767324.9
Louisiana,2020-03-01,101308884.15
Louisiana,2020-03-08,109850443.4
Louisiana,2020-03-15,121196144.8
Louisiana,2020-03-22,111529226.7
Louisiana,2020-03-29,97224311.9
Louisiana,2020-04-05,107259417.5
Louisiana,2020-04-12,117294523.10000001
Louisiana,2020-04-19,102183590.7
Louisiana,2020-04-26,102360001.9
Louisiana,2020-05-03,89999954.0
Louisiana,2020-05-10,223046697.5
Louisiana,2020-05-17,109640845.5
Louisiana,2020-05-24,114631357.1
Louisiana,2020-05-31,109870800.8
Louisiana,2020-06-07,223317895.59999996
Louisiana,2020-06-14,336764990.4
Louisiana,2020-06-21,115258587.7
Louisiana,2020-06-28,107808977.9
Louisiana,2020-07-05,112675398.15
Louisiana,2020-07-12,117541818.39999999
Louisiana,2020-07-19,107757841.2
Louisiana,2020-07-26,105961502.30000001
Louisiana,2020-08-02,105120664.55000001
Louisiana,2020-08-09,104279826.8
Louisiana,2020-08-16,224177432.39999998
Louisiana,2020-08-23,117579800.7
Louisiana,2020-08-30,113353058.60000001
Louisiana,2020-09-06,94376732.6
Louisiana,2020-09-13,235963411.9
Louisiana,2020-09-20,110526069.0
Louisiana,2020-09-27,106003069.39999999
Louisiana,2020-10-04,108428710.19999999
Louisiana,2020-10-11,110854351.0
Louisiana,2020-10-18,104986483.7
Louisiana,2020-10-25,103272851.6
Louisiana,2020-11-01,141339117.4
Louisiana,2020-11-08,179405383.2
Louisiana,2020-11-15,217471649.0
Louisiana,2020-11-22,107565397.8
Louisiana,2020-11-29,99539467.39999999
Louisiana,2020-12-06,198073594.4
Louisiana,2020-12-13,223526233.0
Louisiana,2020-12-20,103692117.8
Louisiana,2020-12-27,96683773.4
Louisiana,2021-01-03,108595127.0
Louisiana,2021-01-10,120506480.6
Louisiana,2021-01-17,99444705.4
Louisiana,2021-01-24,95771376.7
Louisiana,2021-01-31,96830454.2
Louisiana,2021-02-07,115298734.6
Louisiana,2021-02-14,101323999.2
Louisiana,2021-02-21,93576881.8
Louisiana,2021-02-28,105990169.3
Louisiana,2021-03-07,96612059.0
Louisiana,2021-03-14,302521407.29999995
Louisiana,2021-03-21,119445818.3
Louisiana,2021-03-28,102299326.10000001
Louisiana,2021-04-04,111799498.2
Louisiana,2021-04-11,125522124.6
Louisiana,2021-04-18,106648613.5
Louisiana,2021-04-25,111133388.7
Louisiana,2021-05-02,115823885.3
Louisiana,2021-05-09,120514381.89999999
Louisiana,2021-05-16,271067862.8
Louisiana,2021-05-23,115983094.5
Louisiana,2021-05-30,117946580.6
Louisiana,2021-06-06,121498261.80000001
Louisiana,2021-06-13,121378724.39999999
Louisiana,2021-06-20,127441197.0
Louisiana,2021-06-27,113377115.0
Louisiana,2021-07-04,213868836.7
Louisiana,2021-07-11,163231951.7
Louisiana,2021-07-18,122116302.8
Louisiana,2021-07-25,118351245.5
Louisiana,2021-08-01,123269790.2
Louisiana,2021-08-08,128188334.9
Louisiana,2021-08-15,127627598.7
Louisiana,2021-08-22,130957346.60000001
Louisiana,2021-08-29,128868690.10000001
Louisiana,2021-09-05,119514121.30000001
Louisiana,2021-09-12,117749143.60000001
Louisiana,2021-09-19,115984165.9
Louisiana,2021-09-26,113668155.4
Louisiana,2021-10-03,103409390.3
Louisiana,2021-10-10,177059756.4
Louisiana,2021-10-17,168011333.6
Louisiana,2021-10-24,163730358.20000002
Louisiana,2021-10-31,164478870.6
Louisiana,2021-11-07,227518535.39999998
Louisiana,2021-11-14,162728719.0
Louisiana,2021-11-21,162507491.79999998
Louisiana,2021-11-28,149328484.4
Louisiana,2021-12-05,214761019.7
Louisiana,2021-12-12,280193555.0
Louisiana,2021-12-19,161572466.20000002
Louisiana,2021-12-26,152224239.6
Louisiana,2022-01-02,163217758.75
Louisiana,2022-01-09,174211277.9
Louisiana,2022-01-16,156687247.5
Louisiana,2022-01-23,149990485.8
Louisiana,2022-01-30,149359133.5
Louisiana,2022-02-06,148960741.79999998
Louisiana,2022-02-13,343628079.9
Louisiana,2022-02-20,148218415.39999998
Louisiana,2022-02-27,166316041.4
Louisiana,2022-03-06,171748523.39999998
Louisiana,2022-03-13,352738042.0
Louisiana,2022-03-20,167508572.9
Louisiana,2022-03-27,164240357.7
Louisiana,2022-04-03,174393778.5
Louisiana,2022-04-10,184547199.3
Louisiana,2022-04-17,335022032.9
Louisiana,2022-04-24,166594558.79999998
Louisiana,2022-05-01,173176123.8
Louisiana,2022-05-08,179757688.8
Louisiana,2022-05-15,181429032.6
Louisiana,2022-05-22,178706787.5
Louisiana,2022-05-29,179804431.79999998
Louisiana,2022-06-05,324918821.50000006
Louisiana,2022-06-12,174802410.6
Louisiana,2022-06-19,187019145.6
Louisiana,2022-06-26,179657907.39999998
Louisiana,2022-07-03,185209978.79999998
Louisiana,2022-07-10,190762050.2
Louisiana,2022-07-17,175186924.60000002
Louisiana,2022-07-24,179277667.9
Louisiana,2022-07-31,181707226.70000002
Louisiana,2022-08-07,180020153.6
Louisiana,2022-08-14,190112553.1
Louisiana,2022-08-21,183999610.9
Louisiana,2022-08-28,189354773.60000002
Louisiana,2022-09-04,155342817.29999998
Louisiana,2022-09-11,190158067.8
Louisiana,2022-09-18,179685597.40000004
Louisiana,2022-09-25,185329802.9
Louisiana,2022-10-02,272631718.09999996
Louisiana,2022-10-09,359933633.29999995
Louisiana,2022-10-16,183986891.79999998
Louisiana,2022-10-23,175022138.5
Louisiana,2022-10-30,171403890.6
Louisiana,2022-11-06,351092065.4
Louisiana,2022-11-13,530780240.2
Louisiana,2022-11-20,173115456.1
Louisiana,2022-11-27,162599691.3
Louisiana,2022-12-04,174568283.9
Louisiana,2022-12-11,186536876.5
Louisiana,2022-12-18,171487541.89999998
Louisiana,2022-12-25,168922814.29999998
Louisiana,2023-01-01,154640918.0
Louisiana,2023-01-08,159178568.35
Louisiana,2023-01-15,163716218.7
Louisiana,2023-01-22,156680224.3
Louisiana,2023-01-29,155106852.19999996
Louisiana,2023-02-05,176985211.4
Louisiana,2023-02-12,171081438.75
Louisiana,2023-02-19,165177666.10000002
Louisiana,2023-02-26,172155747.60000002
Louisiana,2023-03-05,176275419.76666668
Louisiana,2023-03-12,180395091.93333334
Louisiana,2023-03-19,184514764.1
Louisiana,2023-03-26,169522980.7
Louisiana,2023-04-02,170916223.0
Louisiana,2023-04-09,172309465.29999998
Louisiana,2023-04-16,173702707.6
Louisiana,2023-04-23,177272791.8
Louisiana,2023-04-30,181174166.7
Louisiana,2023-05-07,345300966.29999995
Louisiana,2023-05-14,328397384.63333327
Louisiana,2023-05-21,311493802.96666664
Louisiana,2023-05-28,294590221.29999995
Louisiana,2023-06-04,277686639.6333333
Louisiana,2023-06-11,260783057.96666664
Louisiana,2023-06-18,243879476.29999995
Louisiana,2023-06-25,226975894.6333333
Louisiana,2023-07-02,210072312.96666664
Louisiana,2023-07-09,193168731.29999998
Louisiana,2023-07-16,185360457.375
Louisiana,2023-07-23,177552183.45
Louisiana,2023-07-30,169743909.52499998
Louisiana,2023-08-06,161935635.6
Louisiana,2023-08-13,165939835.48
Louisiana,2023-08-20,169944035.35999998
Louisiana,2023-08-27,173948235.24
Louisiana,2023-09-03,177952435.12
Louisiana,2023-09-10,181956635.0
Louisiana,2023-09-17,197591113.55833334
Louisiana,2023-09-24,213225592.11666667
Louisiana,2023-10-01,228860070.675
Louisiana,2023-10-08,244494549.23333335
Louisiana,2023-10-15,260129027.7916667
Louisiana,2023-10-22,275763506.35
Louisiana,2023-10-29,291397984.90833336
Louisiana,2023-11-05,307032463.4666667
Louisiana,2023-11-12,322666942.02500004
Louisiana,2023-11-19,338301420.5833334
Louisiana,2023-11-26,353935899.1416667
Louisiana,2023-12-03,369570377.70000005
Maine,2019-01-13,25031692.5
Maine,2019-01-20,25010846.122222222
Maine,2019-01-27,24989999.744444445
Maine,2019-02-03,24969153.366666667
Maine,2019-02-10,24948306.98888889
Maine,2019-02-17,24927460.611111112
Maine,2019-02-24,24906614.233333334
Maine,2019-03-03,24885767.855555557
Maine,2019-03-10,24864921.47777778
Maine,2019-03-17,24844075.1
Maine,2019-03-24,24974257.623076923
Maine,2019-03-31,25104440.14615385
Maine,2019-04-07,25234622.66923077
Maine,2019-04-14,25364805.192307696
Maine,2019-04-21,25494987.715384617
Maine,2019-04-28,25625170.23846154
Maine,2019-05-05,25755352.761538465
Maine,2019-05-12,25885535.284615386
Maine,2019-05-19,26015717.807692308
Maine,2019-05-26,26145900.330769233
Maine,2019-06-02,26276082.853846155
Maine,2019-06-09,26406265.37692308
Maine,2019-06-16,26536447.900000002
Maine,2019-06-23,26333951.233333334
Maine,2019-06-30,26131454.566666666
Maine,2019-07-07,25928957.900000002
Maine,2019-07-14,25726461.233333334
Maine,2019-07-21,25523964.566666666
Maine,2019-07-28,25321467.9
Maine,2019-08-04,25118971.233333334
Maine,2019-08-11,24916474.566666666
Maine,2019-08-18,24713977.9
Maine,2019-08-25,28076652.349999998
Maine,2019-09-01,31439326.799999997
Maine,2019-09-08,34802001.25
Maine,2019-09-15,38164675.7
Maine,2019-09-22,41527350.15
Maine,2019-09-29,44890024.6
Maine,2019-10-06,48252699.05
Maine,2019-10-13,51615373.5
Maine,2019-10-20,26272241.099999998
Maine,2019-10-27,24846762.7
Maine,2019-11-03,24939181.333333332
Maine,2019-11-10,25031599.966666665
Maine,2019-11-17,25124018.599999998
Maine,2019-11-24,25092645.700000003
Maine,2019-12-01,25351629.96666667
Maine,2019-12-08,25610614.233333334
Maine,2019-12-15,25869598.5
Maine,2019-12-22,26726614.7
Maine,2019-12-29,25243164.8
Maine,2020-01-05,25700047.299999997
Maine,2020-01-12,26208035.599999998
Maine,2020-01-19,26100869.5
Maine,2020-01-26,23671917.2
Maine,2020-02-02,24839107.4
Maine,2020-02-09,35887495.6
Maine,2020-02-16,25099315.0
Maine,2020-02-23,25238851.599999998
Maine,2020-03-01,26511129.95
Maine,2020-03-08,27783408.3
Maine,2020-03-15,28773985.9
Maine,2020-03-22,28465732.8
Maine,2020-03-29,25032203.3
Maine,2020-04-05,26614412.65
Maine,2020-04-12,28196622.0
Maine,2020-04-19,27337984.6
Maine,2020-04-26,25890805.6
Maine,2020-05-03,25024726.400000002
Maine,2020-05-10,62089429.2
Maine,2020-05-17,29233512.7
Maine,2020-05-24,31587574.5
Maine,2020-05-31,30695405.900000002
Maine,2020-06-07,59159424.849999994
Maine,2020-06-14,87623443.8
Maine,2020-06-21,33461790.099999998
Maine,2020-06-28,32666216.900000002
Maine,2020-07-05,31848534.3
Maine,2020-07-12,31030851.7
Maine,2020-07-19,34398251.400000006
Maine,2020-07-26,34256703.6
Maine,2020-08-02,30549821.950000003
Maine,2020-08-09,26842940.3
Maine,2020-08-16,61291819.2
Maine,2020-08-23,32438671.3
Maine,2020-08-30,31354861.299999997
Maine,2020-09-06,24780924.0
Maine,2020-09-13,63750919.6
Maine,2020-09-20,29477979.0
Maine,2020-09-27,28839966.7
Maine,2020-10-04,28442052.75
Maine,2020-10-11,28044138.8
Maine,2020-10-18,28172231.599999998
Maine,2020-10-25,26759991.4
Maine,2020-11-01,36308185.13333333
Maine,2020-11-08,45856378.86666667
Maine,2020-11-15,55404572.6
Maine,2020-11-22,26885825.1
Maine,2020-11-29,26273515.900000002
Maine,2020-12-06,50188269.900000006
Maine,2020-12-13,59437716.9
Maine,2020-12-20,27075288.5
Maine,2020-12-27,27093728.8
Maine,2021-01-03,31646271.35
Maine,2021-01-10,36198813.9
Maine,2021-01-17,27089362.9
Maine,2021-01-24,26264300.6
Maine,2021-01-31,26116338.099999998
Maine,2021-02-07,29137324.4
Maine,2021-02-14,27211331.299999997
Maine,2021-02-21,26945072.2
Maine,2021-02-28,27028027.9
Maine,2021-03-07,26270826.7
Maine,2021-03-14,74120447.0
Maine,2021-03-21,30670986.0
Maine,2021-03-28,26865894.8
Maine,2021-04-04,28185004.4
Maine,2021-04-11,36680245.400000006
Maine,2021-04-18,28809628.2
Maine,2021-04-25,28539332.599999998
Maine,2021-05-02,30801253.4
Maine,2021-05-09,33063174.2
Maine,2021-05-16,71452327.9
Maine,2021-05-23,33579850.6
Maine,2021-05-30,33587974.5
Maine,2021-06-06,32751825.700000003
Maine,2021-06-13,34354336.2
Maine,2021-06-20,35928123.1
Maine,2021-06-27,34567762.199999996
Maine,2021-07-04,54349370.1
Maine,2021-07-11,41105433.400000006
Maine,2021-07-18,35155856.5
Maine,2021-07-25,35574006.800000004
Maine,2021-08-01,35831226.75
Maine,2021-08-08,36088446.7
Maine,2021-08-15,37660011.8
Maine,2021-08-22,35352230.699999996
Maine,2021-08-29,33851395.3
Maine,2021-09-05,29339259.2
Maine,2021-09-12,30526315.9
Maine,2021-09-19,31713372.599999998
Maine,2021-09-26,31024787.299999997
Maine,2021-10-03,26118467.1
Maine,2021-10-10,43838076.099999994
Maine,2021-10-17,43846987.60000001
Maine,2021-10-24,41226742.9
Maine,2021-10-31,40259828.900000006
Maine,2021-11-07,60947609.6
Maine,2021-11-14,42309514.6
Maine,2021-11-21,41755768.900000006
Maine,2021-11-28,39584633.0
Maine,2021-12-05,56213434.699999996
Maine,2021-12-12,72842236.39999999
Maine,2021-12-19,43594914.10000001
Maine,2021-12-26,41576613.300000004
Maine,2022-01-02,43141558.900000006
Maine,2022-01-09,44706504.5
Maine,2022-01-16,43350787.1
Maine,2022-01-23,39822332.0
Maine,2022-01-30,41230768.800000004
Maine,2022-02-06,40280282.5
Maine,2022-02-13,87398543.1
Maine,2022-02-20,41618979.1
Maine,2022-02-27,41625883.7
Maine,2022-03-06,42883243.099999994
Maine,2022-03-13,102873277.6
Maine,2022-03-20,42695171.900000006
Maine,2022-03-27,42142863.0
Maine,2022-04-03,46241717.6
Maine,2022-04-10,50340572.2
Maine,2022-04-17,88308674.5
Maine,2022-04-24,41993770.5
Maine,2022-05-01,46124142.849999994
Maine,2022-05-08,50254515.199999996
Maine,2022-05-15,49489859.800000004
Maine,2022-05-22,49955614.8
Maine,2022-05-29,50620252.10000001
Maine,2022-06-05,82963308.30000001
Maine,2022-06-12,43840590.5
Maine,2022-06-19,53278672.9
Maine,2022-06-26,53405146.9
Maine,2022-07-03,54767907.0
Maine,2022-07-10,56130667.1
Maine,2022-07-17,57223095.7
Maine,2022-07-24,56848076.0
Maine,2022-07-31,56910943.3
Maine,2022-08-07,46270968.800000004
Maine,2022-08-14,55607959.9
Maine,2022-08-21,54262439.2
Maine,2022-08-28,52309755.4
Maine,2022-09-04,39650663.1
Maine,2022-09-11,46496664.2
Maine,2022-09-18,49097846.199999996
Maine,2022-09-25,46571181.6
Maine,2022-10-02,71855020.15
Maine,2022-10-09,97138858.7
Maine,2022-10-16,46908089.1
Maine,2022-10-23,44300276.800000004
Maine,2022-10-30,43331365.6
Maine,2022-11-06,90112919.85
Maine,2022-11-13,136894474.1
Maine,2022-11-20,44409591.00000001
Maine,2022-11-27,43874864.9
Maine,2022-12-04,48332986.25
Maine,2022-12-11,52791107.599999994
Maine,2022-12-18,46588230.8
Maine,2022-12-25,47018805.7
Maine,2023-01-01,42599536.400000006
Maine,2023-01-08,43476428.6
Maine,2023-01-15,44353320.8
Maine,2023-01-22,43405431.60000001
Maine,2023-01-29,43975210.6
Maine,2023-02-05,44473894.6
Maine,2023-02-12,44998512.8
Maine,2023-02-19,45523131.0
Maine,2023-02-26,44869120.50000001
Maine,2023-03-05,46090365.866666675
Maine,2023-03-12,47311611.233333334
Maine,2023-03-19,48532856.6
Maine,2023-03-26,44174255.1
Maine,2023-04-02,45545069.4
Maine,2023-04-09,46915883.7
Maine,2023-04-16,48286698.0
Maine,2023-04-23,45977851.7
Maine,2023-04-30,47178282.4
Maine,2023-05-07,88938282.5
Maine,2023-05-14,84523549.8888889
Maine,2023-05-21,80108817.27777778
Maine,2023-05-28,75694084.66666667
Maine,2023-06-04,71279352.05555555
Maine,2023-06-11,66864619.44444445
Maine,2023-06-18,62449886.833333336
Maine,2023-06-25,58035154.222222224
Maine,2023-07-02,53620421.61111111
Maine,2023-07-09,49205689.0
Maine,2023-07-16,47434877.05
Maine,2023-07-23,45664065.099999994
Maine,2023-07-30,43893253.15
Maine,2023-08-06,42122441.199999996
Maine,2023-08-13,42894596.019999996
Maine,2023-08-20,43666750.839999996
Maine,2023-08-27,44438905.66
Maine,2023-09-03,45211060.48
Maine,2023-09-10,45983215.3
Maine,2023-09-17,50064357.4
Maine,2023-09-24,54145499.5
Maine,2023-10-01,58226641.599999994
Maine,2023-10-08,62307783.699999996
Maine,2023-10-15,66388925.8
Maine,2023-10-22,70470067.9
Maine,2023-10-29,74551210.0
Maine,2023-11-05,78632352.1
Maine,2023-11-12,82713494.19999999
Maine,2023-11-19,86794636.3
Maine,2023-11-26,90875778.4
Maine,2023-12-03,94956920.5
Maryland,2019-01-13,89261853.2
Maryland,2019-01-20,89196522.56666666
Maryland,2019-01-27,89131191.93333334
Maryland,2019-02-03,89065861.3
Maryland,2019-02-10,89000530.66666667
Maryland,2019-02-17,88935200.03333333
Maryland,2019-02-24,88869869.4
Maryland,2019-03-03,88804538.76666667
Maryland,2019-03-10,88739208.13333334
Maryland,2019-03-17,88673877.5
Maryland,2019-03-24,89314966.46923077
Maryland,2019-03-31,89956055.43846154
Maryland,2019-04-07,90597144.40769231
Maryland,2019-04-14,91238233.37692307
Maryland,2019-04-21,91879322.34615384
Maryland,2019-04-28,92520411.31538461
Maryland,2019-05-05,93161500.28461538
Maryland,2019-05-12,93802589.25384615
Maryland,2019-05-19,94443678.22307692
Maryland,2019-05-26,95084767.19230768
Maryland,2019-06-02,95725856.16153845
Maryland,2019-06-09,96366945.13076922
Maryland,2019-06-16,97008034.1
Maryland,2019-06-23,95942145.98888889
Maryland,2019-06-30,94876257.87777777
Maryland,2019-07-07,93810369.76666667
Maryland,2019-07-14,92744481.65555556
Maryland,2019-07-21,91678593.54444444
Maryland,2019-07-28,90612705.43333334
Maryland,2019-08-04,89546817.32222223
Maryland,2019-08-11,88480929.21111111
Maryland,2019-08-18,87415041.10000001
Maryland,2019-08-25,99273619.43750001
Maryland,2019-09-01,111132197.775
Maryland,2019-09-08,122990776.11250001
Maryland,2019-09-15,134849354.45000002
Maryland,2019-09-22,146707932.78750002
Maryland,2019-09-29,158566511.125
Maryland,2019-10-06,170425089.4625
Maryland,2019-10-13,182283667.8
Maryland,2019-10-20,90181316.30000001
Maryland,2019-10-27,88416678.7
Maryland,2019-11-03,89046853.96666667
Maryland,2019-11-10,89677029.23333333
Maryland,2019-11-17,90307204.5
Maryland,2019-11-24,93588028.4
Maryland,2019-12-01,92583957.60000001
Maryland,2019-12-08,91579886.8
Maryland,2019-12-15,90575816.0
Maryland,2019-12-22,97500111.89999999
Maryland,2019-12-29,92797309.60000001
Maryland,2020-01-05,90814110.0
Maryland,2020-01-12,92795121.60000001
Maryland,2020-01-19,88445894.3
Maryland,2020-01-26,85581662.7
Maryland,2020-02-02,87410693.1
Maryland,2020-02-09,107791834.6
Maryland,2020-02-16,87373770.2
Maryland,2020-02-23,88053306.19999999
Maryland,2020-03-01,91665411.44999999
Maryland,2020-03-08,95277516.69999999
Maryland,2020-03-15,111894147.4
Maryland,2020-03-22,106607340.3
Maryland,2020-03-29,92700909.89999999
Maryland,2020-04-05,95780565.15
Maryland,2020-04-12,98860220.4
Maryland,2020-04-19,96380380.8
Maryland,2020-04-26,93906193.4
Maryland,2020-05-03,88313854.0
Maryland,2020-05-10,210066521.0
Maryland,2020-05-17,98558236.8
Maryland,2020-05-24,105278231.5
Maryland,2020-05-31,103364484.5
Maryland,2020-06-07,200038119.85
Maryland,2020-06-14,296711755.2
Maryland,2020-06-21,104003905.8
Maryland,2020-06-28,108601123.8
Maryland,2020-07-05,106662470.0
Maryland,2020-07-12,104723816.2
Maryland,2020-07-19,112171285.60000001
Maryland,2020-07-26,108600663.0
Maryland,2020-08-02,102143825.15
Maryland,2020-08-09,95686987.3
Maryland,2020-08-16,199325808.39999998
Maryland,2020-08-23,103139792.9
Maryland,2020-08-30,103695375.60000001
Maryland,2020-09-06,88660395.4
Maryland,2020-09-13,205801549.7
Maryland,2020-09-20,99489149.80000001
Maryland,2020-09-27,99204981.0
Maryland,2020-10-04,97641575.05
Maryland,2020-10-11,96078169.1
Maryland,2020-10-18,94137273.9
Maryland,2020-10-25,94352307.0
Maryland,2020-11-01,127090651.86666666
Maryland,2020-11-08,159828996.73333332
Maryland,2020-11-15,192567341.6
Maryland,2020-11-22,98100246.7
Maryland,2020-11-29,97386230.3
Maryland,2020-12-06,185071066.4
Maryland,2020-12-13,201168155.4
Maryland,2020-12-20,97236199.8
Maryland,2020-12-27,98295540.69999999
Maryland,2021-01-03,105894271.75
Maryland,2021-01-10,113493002.8
Maryland,2021-01-17,94368590.60000001
Maryland,2021-01-24,92456852.10000001
Maryland,2021-01-31,93789248.2
Maryland,2021-02-07,102050026.0
Maryland,2021-02-14,91850610.5
Maryland,2021-02-21,92005609.9
Maryland,2021-02-28,94576325.5
Maryland,2021-03-07,91957430.8
Maryland,2021-03-14,270023782.8
Maryland,2021-03-21,112804604.3
Maryland,2021-03-28,98218067.39999999
Maryland,2021-04-04,99821595.10000001
Maryland,2021-04-11,120566973.3
Maryland,2021-04-18,99378358.3
Maryland,2021-04-25,98801109.39999999
Maryland,2021-05-02,104594446.1
Maryland,2021-05-09,110387782.8
Maryland,2021-05-16,241746197.8
Maryland,2021-05-23,109786682.3
Maryland,2021-05-30,108404730.3
Maryland,2021-06-06,110224577.7
Maryland,2021-06-13,112928438.60000001
Maryland,2021-06-20,110913678.9
Maryland,2021-06-27,112115089.4
Maryland,2021-07-04,190194364.1
Maryland,2021-07-11,143534789.9
Maryland,2021-07-18,117222485.19999999
Maryland,2021-07-25,115587895.10000001
Maryland,2021-08-01,112688887.20000002
Maryland,2021-08-08,109789879.30000001
Maryland,2021-08-15,111549136.39999999
Maryland,2021-08-22,109293516.9
Maryland,2021-08-29,111588539.9
Maryland,2021-09-05,102307391.0
Maryland,2021-09-12,104718308.15
Maryland,2021-09-19,107129225.30000001
Maryland,2021-09-26,104892964.4
Maryland,2021-10-03,91814739.4
Maryland,2021-10-10,151554135.6
Maryland,2021-10-17,148289348.3
Maryland,2021-10-24,146769139.20000002
Maryland,2021-10-31,144129653.79999998
Maryland,2021-11-07,214185878.6
Maryland,2021-11-14,149358981.0
Maryland,2021-11-21,151367133.60000002
Maryland,2021-11-28,145305604.20000002
Maryland,2021-12-05,199814298.5
Maryland,2021-12-12,254322992.8
Maryland,2021-12-19,152395982.70000002
Maryland,2021-12-26,154213595.4
Maryland,2022-01-02,155587527.85000002
Maryland,2022-01-09,156961460.3
Maryland,2022-01-16,147214262.3
Maryland,2022-01-23,141914536.8
Maryland,2022-01-30,144339584.9
Maryland,2022-02-06,141611465.49999997
Maryland,2022-02-13,304630248.20000005
Maryland,2022-02-20,141913018.2
Maryland,2022-02-27,145837844.20000002
Maryland,2022-03-06,151946476.9
Maryland,2022-03-13,326787314.7
Maryland,2022-03-20,150518690.10000002
Maryland,2022-03-27,151339044.29999998
Maryland,2022-04-03,160781639.4
Maryland,2022-04-10,170224234.50000003
Maryland,2022-04-17,302628787.3000001
Maryland,2022-04-24,154619702.9
Maryland,2022-05-01,160928397.0
Maryland,2022-05-08,167237091.09999996
Maryland,2022-05-15,159139094.29999998
Maryland,2022-05-22,171654881.70000002
Maryland,2022-05-29,166991883.20000002
Maryland,2022-06-05,287634933.1
Maryland,2022-06-12,152058115.1
Maryland,2022-06-19,169788282.00000003
Maryland,2022-06-26,169627954.6
Maryland,2022-07-03,168924808.9
Maryland,2022-07-10,168221663.20000002
Maryland,2022-07-17,173216758.49999997
Maryland,2022-07-24,172047280.70000002
Maryland,2022-07-31,168398689.3
Maryland,2022-08-07,155643663.8
Maryland,2022-08-14,170001105.2
Maryland,2022-08-21,167354556.8
Maryland,2022-08-28,169874500.29999998
Maryland,2022-09-04,143613037.4
Maryland,2022-09-11,156839384.39999998
Maryland,2022-09-18,165694956.4
Maryland,2022-09-25,164059545.3
Maryland,2022-10-02,242412716.85
Maryland,2022-10-09,320765888.4
Maryland,2022-10-16,157264031.50000003
Maryland,2022-10-23,154739355.39999998
Maryland,2022-10-30,151763864.1
Maryland,2022-11-06,312668337.4499999
Maryland,2022-11-13,473572810.79999995
Maryland,2022-11-20,156895971.79999998
Maryland,2022-11-27,161803867.59999996
Maryland,2022-12-04,163655733.95
Maryland,2022-12-11,165507600.3
Maryland,2022-12-18,159337881.70000002
Maryland,2022-12-25,166936861.20000002
Maryland,2023-01-01,150104015.60000002
Maryland,2023-01-08,151115197.95
Maryland,2023-01-15,152126380.29999998
Maryland,2023-01-22,147502187.40000004
Maryland,2023-01-29,147866864.39999998
Maryland,2023-02-05,156180976.1
Maryland,2023-02-12,154585506.0
Maryland,2023-02-19,152990035.90000004
Maryland,2023-02-26,154630461.49999997
Maryland,2023-03-05,160419896.36666664
Maryland,2023-03-12,166209331.23333332
Maryland,2023-03-19,171998766.1
Maryland,2023-03-26,156952581.40000004
Maryland,2023-04-02,160178942.43333337
Maryland,2023-04-09,163405303.46666667
Maryland,2023-04-16,166631664.5
Maryland,2023-04-23,163795397.29999998
Maryland,2023-04-30,160364862.9
Maryland,2023-05-07,305013357.1
Maryland,2023-05-14,288954284.1
Maryland,2023-05-21,272895211.1
Maryland,2023-05-28,256836138.10000002
Maryland,2023-06-04,240777065.10000002
Maryland,2023-06-11,224717992.10000002
Maryland,2023-06-18,208658919.10000002
Maryland,2023-06-25,192599846.10000002
Maryland,2023-07-02,176540773.10000002
Maryland,2023-07-09,160481700.10000002
Maryland,2023-07-16,157728346.37500003
Maryland,2023-07-23,154974992.65000004
Maryland,2023-07-30,152221638.925
Maryland,2023-08-06,149468285.20000002
Maryland,2023-08-13,151829561.18
Maryland,2023-08-20,154190837.16000003
Maryland,2023-08-27,156552113.14000002
Maryland,2023-09-03,158913389.12000003
Maryland,2023-09-10,161274665.10000002
Maryland,2023-09-17,175089778.35000002
Maryland,2023-09-24,188904891.60000002
Maryland,2023-10-01,202720004.85000002
Maryland,2023-10-08,216535118.10000002
Maryland,2023-10-15,230350231.35000002
Maryland,2023-10-22,244165344.60000002
Maryland,2023-10-29,257980457.85000002
Maryland,2023-11-05,271795571.1
Maryland,2023-11-12,285610684.35
Maryland,2023-11-19,299425797.6
Maryland,2023-11-26,313240910.85
Maryland,2023-12-03,327056024.1
Massachusetts,2019-01-13,98820411.3
Massachusetts,2019-01-20,98697813.21111111
Massachusetts,2019-01-27,98575215.12222221
Massachusetts,2019-02-03,98452617.03333333
Massachusetts,2019-02-10,98330018.94444445
Massachusetts,2019-02-17,98207420.85555555
Massachusetts,2019-02-24,98084822.76666667
Massachusetts,2019-03-03,97962224.67777778
Massachusetts,2019-03-10,97839626.58888888
Massachusetts,2019-03-17,97717028.5
Massachusetts,2019-03-24,98049478.66923077
Massachusetts,2019-03-31,98381928.83846153
Massachusetts,2019-04-07,98714379.0076923
Massachusetts,2019-04-14,99046829.17692308
Massachusetts,2019-04-21,99379279.34615384
Massachusetts,2019-04-28,99711729.51538461
Massachusetts,2019-05-05,100044179.68461539
Massachusetts,2019-05-12,100376629.85384616
Massachusetts,2019-05-19,100709080.02307692
Massachusetts,2019-05-26,101041530.1923077
Massachusetts,2019-06-02,101373980.36153847
Massachusetts,2019-06-09,101706430.53076923
Massachusetts,2019-06-16,102038880.7
Massachusetts,2019-06-23,101636305.37777779
Massachusetts,2019-06-30,101233730.05555555
Massachusetts,2019-07-07,100831154.73333333
Massachusetts,2019-07-14,100428579.41111112
Massachusetts,2019-07-21,100026004.08888888
Massachusetts,2019-07-28,99623428.76666667
Massachusetts,2019-08-04,99220853.44444445
Massachusetts,2019-08-11,98818278.12222221
Massachusetts,2019-08-18,98415702.8
Massachusetts,2019-08-25,111227534.7375
Massachusetts,2019-09-01,124039366.675
Massachusetts,2019-09-08,136851198.6125
Massachusetts,2019-09-15,149663030.55
Massachusetts,2019-09-22,162474862.4875
Massachusetts,2019-09-29,175286694.425
Massachusetts,2019-10-06,188098526.3625
Massachusetts,2019-10-13,200910358.3
Massachusetts,2019-10-20,98350432.80000001
Massachusetts,2019-10-27,97284879.10000001
Massachusetts,2019-11-03,98610062.96666667
Massachusetts,2019-11-10,99935246.83333333
Massachusetts,2019-11-17,101260430.69999999
Massachusetts,2019-11-24,100546659.89999999
Massachusetts,2019-12-01,100707260.13333333
Massachusetts,2019-12-08,100867860.36666666
Massachusetts,2019-12-15,101028460.6
Massachusetts,2019-12-22,106502083.1
Massachusetts,2019-12-29,100487052.2
Massachusetts,2020-01-05,100072372.9
Massachusetts,2020-01-12,101437846.3
Massachusetts,2020-01-19,103176943.69999999
Massachusetts,2020-01-26,93592336.2
Massachusetts,2020-02-02,98287115.3
Massachusetts,2020-02-09,126577658.3
Massachusetts,2020-02-16,95306386.9
Massachusetts,2020-02-23,96000960.1
Massachusetts,2020-03-01,100046095.5
Massachusetts,2020-03-08,104091230.9
Massachusetts,2020-03-15,122297192.4
Massachusetts,2020-03-22,118886720.10000001
Massachusetts,2020-03-29,100640613.5
Massachusetts,2020-04-05,104816385.15
Massachusetts,2020-04-12,108992156.8
Massachusetts,2020-04-19,101856765.6
Massachusetts,2020-04-26,97588682.7
Massachusetts,2020-05-03,98080455.9
Massachusetts,2020-05-10,230202510.9
Massachusetts,2020-05-17,107763998.0
Massachusetts,2020-05-24,115031093.3
Massachusetts,2020-05-31,114382691.5
Massachusetts,2020-06-07,223989036.04999998
Massachusetts,2020-06-14,333595380.59999996
Massachusetts,2020-06-21,117600667.1
Massachusetts,2020-06-28,120778035.0
Massachusetts,2020-07-05,118971134.3
Massachusetts,2020-07-12,117164233.6
Massachusetts,2020-07-19,121563171.2
Massachusetts,2020-07-26,121049651.0
Massachusetts,2020-08-02,114059550.9
Massachusetts,2020-08-09,107069450.8
Massachusetts,2020-08-16,228143347.8
Massachusetts,2020-08-23,116069139.9
Massachusetts,2020-08-30,114640151.60000001
Massachusetts,2020-09-06,98116057.10000001
Massachusetts,2020-09-13,235775988.89999998
Massachusetts,2020-09-20,109099052.60000001
Massachusetts,2020-09-27,109181659.19999999
Massachusetts,2020-10-04,109544013.6
Massachusetts,2020-10-11,109906368.0
Massachusetts,2020-10-18,104434741.5
Massachusetts,2020-10-25,103649446.0
Massachusetts,2020-11-01,139880779.1
Massachusetts,2020-11-08,176112112.2
Massachusetts,2020-11-15,212343445.3
Massachusetts,2020-11-22,106618338.60000001
Massachusetts,2020-11-29,105979943.4
Massachusetts,2020-12-06,202828494.7
Massachusetts,2020-12-13,226547194.8
Massachusetts,2020-12-20,107378984.10000001
Massachusetts,2020-12-27,107240559.69999999
Massachusetts,2021-01-03,118150933.69999999
Massachusetts,2021-01-10,129061307.7
Massachusetts,2021-01-17,105181889.69999999
Massachusetts,2021-01-24,101011303.9
Massachusetts,2021-01-31,101284679.7
Massachusetts,2021-02-07,111117669.10000001
Massachusetts,2021-02-14,101586369.5
Massachusetts,2021-02-21,101300591.9
Massachusetts,2021-02-28,104298974.5
Massachusetts,2021-03-07,100200811.5
Massachusetts,2021-03-14,295391636.9
Massachusetts,2021-03-21,125122200.19999999
Massachusetts,2021-03-28,108325975.89999999
Massachusetts,2021-04-04,111306105.69999999
Massachusetts,2021-04-11,130187265.9
Massachusetts,2021-04-18,107478310.8
Massachusetts,2021-04-25,107558960.10000001
Massachusetts,2021-05-02,115775391.10000001
Massachusetts,2021-05-09,123991822.10000001
Massachusetts,2021-05-16,274181285.0
Massachusetts,2021-05-23,124162313.9
Massachusetts,2021-05-30,123610501.0
Massachusetts,2021-06-06,122917889.3
Massachusetts,2021-06-13,129161969.7
Massachusetts,2021-06-20,127096547.69999999
Massachusetts,2021-06-27,126489172.5
Massachusetts,2021-07-04,217374978.5
Massachusetts,2021-07-11,164369047.4
Massachusetts,2021-07-18,122629909.0
Massachusetts,2021-07-25,126815289.2
Massachusetts,2021-08-01,129258124.65
Massachusetts,2021-08-08,131700960.10000001
Massachusetts,2021-08-15,132546156.0
Massachusetts,2021-08-22,127194933.3
Massachusetts,2021-08-29,123227747.3
Massachusetts,2021-09-05,115952141.3
Massachusetts,2021-09-12,117102525.4
Massachusetts,2021-09-19,118252909.5
Massachusetts,2021-09-26,116054677.9
Massachusetts,2021-10-03,101930997.0
Massachusetts,2021-10-10,168719601.00000003
Massachusetts,2021-10-17,163959288.0
Massachusetts,2021-10-24,159998296.29999998
Massachusetts,2021-10-31,156339095.0
Massachusetts,2021-11-07,233589558.8
Massachusetts,2021-11-14,166340125.20000002
Massachusetts,2021-11-21,166372087.3
Massachusetts,2021-11-28,156827506.20000002
Massachusetts,2021-12-05,221767926.0
Massachusetts,2021-12-12,286708345.8
Massachusetts,2021-12-19,170030426.49999997
Massachusetts,2021-12-26,166617350.5
Massachusetts,2022-01-02,166820236.85000002
Massachusetts,2022-01-09,167023123.20000002
Massachusetts,2022-01-16,164439406.4
Massachusetts,2022-01-23,153540342.1
Massachusetts,2022-01-30,161443006.2
Massachusetts,2022-02-06,153065562.7
Massachusetts,2022-02-13,332750628.0
Massachusetts,2022-02-20,154232600.29999998
Massachusetts,2022-02-27,157138186.1
Massachusetts,2022-03-06,167967264.40000004
Massachusetts,2022-03-13,367988898.0
Massachusetts,2022-03-20,163395006.10000002
Massachusetts,2022-03-27,162460275.79999998
Massachusetts,2022-04-03,177173929.04999998
Massachusetts,2022-04-10,191887582.29999998
Massachusetts,2022-04-17,339242986.09999996
Massachusetts,2022-04-24,158701796.1
Massachusetts,2022-05-01,172398419.5
Massachusetts,2022-05-08,186095042.9
Massachusetts,2022-05-15,177877294.2
Massachusetts,2022-05-22,189028815.6
Massachusetts,2022-05-29,185048235.79999998
Massachusetts,2022-06-05,321472709.5
Massachusetts,2022-06-12,176404236.0
Massachusetts,2022-06-19,188196405.10000002
Massachusetts,2022-06-26,187493717.4
Massachusetts,2022-07-03,195218017.70000002
Massachusetts,2022-07-10,202942318.00000003
Massachusetts,2022-07-17,193560294.50000003
Massachusetts,2022-07-24,195271674.7
Massachusetts,2022-07-31,196278490.0
Massachusetts,2022-08-07,176540604.5
Massachusetts,2022-08-14,196904700.5
Massachusetts,2022-08-21,193340172.89999998
Massachusetts,2022-08-28,188222736.79999998
Massachusetts,2022-09-04,158862330.60000002
Massachusetts,2022-09-11,178377596.90000004
Massachusetts,2022-09-18,181562852.29999998
Massachusetts,2022-09-25,175969773.0
Massachusetts,2022-10-02,269542827.0
Massachusetts,2022-10-09,363115881.0
Massachusetts,2022-10-16,176001419.79999998
Massachusetts,2022-10-23,171676982.4
Massachusetts,2022-10-30,167136325.4
Massachusetts,2022-11-06,352395467.9
Massachusetts,2022-11-13,537654610.3999999
Massachusetts,2022-11-20,176237995.1
Massachusetts,2022-11-27,174763673.70000002
Massachusetts,2022-12-04,184078971.0
Massachusetts,2022-12-11,193394268.29999998
Massachusetts,2022-12-18,178862351.39999998
Massachusetts,2022-12-25,186342066.29999998
Massachusetts,2023-01-01,160477106.2
Massachusetts,2023-01-08,165902109.45
Massachusetts,2023-01-15,171327112.7
Massachusetts,2023-01-22,165436773.0
Massachusetts,2023-01-29,168952906.9
Massachusetts,2023-02-05,173074200.70000002
Massachusetts,2023-02-12,170757876.25
Massachusetts,2023-02-19,168441551.8
Massachusetts,2023-02-26,167491555.60000002
Massachusetts,2023-03-05,176097466.70000002
Massachusetts,2023-03-12,184703377.8
Massachusetts,2023-03-19,193309288.9
Massachusetts,2023-03-26,171791059.2
Massachusetts,2023-04-02,176749064.33333334
Massachusetts,2023-04-09,181707069.46666667
Massachusetts,2023-04-16,186665074.60000002
Massachusetts,2023-04-23,175645877.9
Massachusetts,2023-04-30,178048133.79999998
Massachusetts,2023-05-07,344839895.5
Massachusetts,2023-05-14,327555810.6333333
Massachusetts,2023-05-21,310271725.76666665
Massachusetts,2023-05-28,292987640.9
Massachusetts,2023-06-04,275703556.0333333
Massachusetts,2023-06-11,258419471.16666666
Massachusetts,2023-06-18,241135386.3
Massachusetts,2023-06-25,223851301.43333334
Massachusetts,2023-07-02,206567216.56666666
Massachusetts,2023-07-09,189283131.7
Massachusetts,2023-07-16,184911795.625
Massachusetts,2023-07-23,180540459.55
Massachusetts,2023-07-30,176169123.475
Massachusetts,2023-08-06,171797787.4
Massachusetts,2023-08-13,174668752.46
Massachusetts,2023-08-20,177539717.52
Massachusetts,2023-08-27,180410682.58
Massachusetts,2023-09-03,183281647.64000002
Massachusetts,2023-09-10,186152612.70000002
Massachusetts,2023-09-17,201530094.80833334
Massachusetts,2023-09-24,216907576.9166667
Massachusetts,2023-10-01,232285059.025
Massachusetts,2023-10-08,247662541.13333336
Massachusetts,2023-10-15,263040023.24166667
Massachusetts,2023-10-22,278417505.35
Massachusetts,2023-10-29,293794987.4583334
Massachusetts,2023-11-05,309172469.56666666
Massachusetts,2023-11-12,324549951.675
Massachusetts,2023-11-19,339927433.7833333
Massachusetts,2023-11-26,355304915.89166665
Massachusetts,2023-12-03,370682398.0
Michigan,2019-01-13,161601849.1
Michigan,2019-01-20,161495178.08888888
Michigan,2019-01-27,161388507.07777777
Michigan,2019-02-03,161281836.06666666
Michigan,2019-02-10,161175165.05555555
Michigan,2019-02-17,161068494.04444444
Michigan,2019-02-24,160961823.03333333
Michigan,2019-03-03,160855152.02222222
Michigan,2019-03-10,160748481.0111111
Michigan,2019-03-17,160641810.0
Michigan,2019-03-24,160780142.7153846
Michigan,2019-03-31,160918475.43076923
Michigan,2019-04-07,161056808.14615384
Michigan,2019-04-14,161195140.86153847
Michigan,2019-04-21,161333473.57692307
Michigan,2019-04-28,161471806.29230767
Michigan,2019-05-05,161610139.0076923
Michigan,2019-05-12,161748471.7230769
Michigan,2019-05-19,161886804.4384615
Michigan,2019-05-26,162025137.15384614
Michigan,2019-06-02,162163469.86923075
Michigan,2019-06-09,162301802.58461538
Michigan,2019-06-16,162440135.29999998
Michigan,2019-06-23,162270106.58888888
Michigan,2019-06-30,162100077.87777776
Michigan,2019-07-07,161930049.16666666
Michigan,2019-07-14,161760020.45555556
Michigan,2019-07-21,161589991.74444443
Michigan,2019-07-28,161419963.03333333
Michigan,2019-08-04,161249934.32222223
Michigan,2019-08-11,161079905.6111111
Michigan,2019-08-18,160909876.9
Michigan,2019-08-25,181245941.075
Michigan,2019-09-01,201582005.25
Michigan,2019-09-08,221918069.42499998
Michigan,2019-09-15,242254133.59999996
Michigan,2019-09-22,262590197.77499998
Michigan,2019-09-29,282926261.9499999
Michigan,2019-10-06,303262326.125
Michigan,2019-10-13,323598390.29999995
Michigan,2019-10-20,160589165.70000002
Michigan,2019-10-27,158253213.5
Michigan,2019-11-03,159006569.13333333
Michigan,2019-11-10,159759924.76666668
Michigan,2019-11-17,160513280.4
Michigan,2019-11-24,165476023.0
Michigan,2019-12-01,164647640.73333335
Michigan,2019-12-08,163819258.46666667
Michigan,2019-12-15,162990876.20000002
Michigan,2019-12-22,177117116.60000002
Michigan,2019-12-29,164138401.5
Michigan,2020-01-05,160937017.5
Michigan,2020-01-12,169836316.3
Michigan,2020-01-19,163068416.8
Michigan,2020-01-26,155634421.4
Michigan,2020-02-02,158579174.5
Michigan,2020-02-09,195412527.9
Michigan,2020-02-16,159950055.9
Michigan,2020-02-23,160533881.5
Michigan,2020-03-01,166767923.3
Michigan,2020-03-08,173001965.10000002
Michigan,2020-03-15,193774522.8
Michigan,2020-03-22,183042983.89999998
Michigan,2020-03-29,159059103.79999998
Michigan,2020-04-05,165208236.0
Michigan,2020-04-12,171357368.2
Michigan,2020-04-19,167545769.4
Michigan,2020-04-26,168937387.2
Michigan,2020-05-03,160060281.0
Michigan,2020-05-10,386744785.6
Michigan,2020-05-17,179738021.3
Michigan,2020-05-24,192231242.8
Michigan,2020-05-31,186690850.39999998
Michigan,2020-06-07,364960932.84999996
Michigan,2020-06-14,543231015.3
Michigan,2020-06-21,199111018.0
Michigan,2020-06-28,203494178.60000002
Michigan,2020-07-05,199727098.4
Michigan,2020-07-12,195960018.2
Michigan,2020-07-19,205059563.5
Michigan,2020-07-26,197142081.39999998
Michigan,2020-08-02,183416599.1
Michigan,2020-08-09,169691116.8
Michigan,2020-08-16,367706662.6
Michigan,2020-08-23,190621388.6
Michigan,2020-08-30,190178820.4
Michigan,2020-09-06,156307498.0
Michigan,2020-09-13,368533572.0
Michigan,2020-09-20,177142088.2
Michigan,2020-09-27,178833439.89999998
Michigan,2020-10-04,178997403.89999998
Michigan,2020-10-11,179161367.89999998
Michigan,2020-10-18,169329451.79999998
Michigan,2020-10-25,169076115.4
Michigan,2020-11-01,229215662.33333334
Michigan,2020-11-08,289355209.26666665
Michigan,2020-11-15,349494756.2
Michigan,2020-11-22,175298865.9
Michigan,2020-11-29,171246210.60000002
Michigan,2020-12-06,327941066.4
Michigan,2020-12-13,371279982.4
Michigan,2020-12-20,179747535.79999998
Michigan,2020-12-27,175213629.3
Michigan,2021-01-03,191651387.0
Michigan,2021-01-10,208089144.7
Michigan,2021-01-17,172757738.1
Michigan,2021-01-24,164797690.7
Michigan,2021-01-31,168703716.9
Michigan,2021-02-07,187527660.0
Michigan,2021-02-14,166337862.39999998
Michigan,2021-02-21,166888781.89999998
Michigan,2021-02-28,171250580.9
Michigan,2021-03-07,167656813.3
Michigan,2021-03-14,475755999.20000005
Michigan,2021-03-21,197126612.4
Michigan,2021-03-28,175334447.79999998
Michigan,2021-04-04,178056650.0
Michigan,2021-04-11,234922042.1
Michigan,2021-04-18,176226692.4
Michigan,2021-04-25,179434937.0
Michigan,2021-05-02,192462127.7
Michigan,2021-05-09,205489318.39999998
Michigan,2021-05-16,445748071.6999999
Michigan,2021-05-23,209732475.9
Michigan,2021-05-30,208722390.79999998
Michigan,2021-06-06,206905513.5
Michigan,2021-06-13,212793406.5
Michigan,2021-06-20,216301357.9
Michigan,2021-06-27,203598153.79999998
Michigan,2021-07-04,343409809.6
Michigan,2021-07-11,262312013.5
Michigan,2021-07-18,210437919.7
Michigan,2021-07-25,211852514.2
Michigan,2021-08-01,207599023.45
Michigan,2021-08-08,203345532.70000002
Michigan,2021-08-15,211394866.5
Michigan,2021-08-22,210581436.29999998
Michigan,2021-08-29,211585140.6
Michigan,2021-09-05,189621245.20000002
Michigan,2021-09-12,191195318.2
Michigan,2021-09-19,192769391.2
Michigan,2021-09-26,192597473.2
Michigan,2021-10-03,168509581.3
Michigan,2021-10-10,272107322.1
Michigan,2021-10-17,266644798.20000002
Michigan,2021-10-24,265041403.8
Michigan,2021-10-31,264137984.9
Michigan,2021-11-07,388857091.9
Michigan,2021-11-14,270617456.9
Michigan,2021-11-21,272869739.8
Michigan,2021-11-28,258449518.5
Michigan,2021-12-05,356327205.65
Michigan,2021-12-12,454204892.79999995
Michigan,2021-12-19,280540700.4
Michigan,2021-12-26,272997721.3
Michigan,2022-01-02,277792308.15
Michigan,2022-01-09,282586895.0
Michigan,2022-01-16,267939091.2
Michigan,2022-01-23,260937457.79999998
Michigan,2022-01-30,258918926.79999998
Michigan,2022-02-06,258795361.2
Michigan,2022-02-13,542041432.6999999
Michigan,2022-02-20,255986593.6
Michigan,2022-02-27,263844273.0
Michigan,2022-03-06,269775008.9
Michigan,2022-03-13,609048677.5999999
Michigan,2022-03-20,270874843.00000006
Michigan,2022-03-27,271333898.8
Michigan,2022-04-03,288007352.0
Michigan,2022-04-10,304680805.2
Michigan,2022-04-17,554773960.2
Michigan,2022-04-24,275580397.49999994
Michigan,2022-05-01,291216704.54999995
Michigan,2022-05-08,306853011.59999996
Michigan,2022-05-15,300641016.3000001
Michigan,2022-05-22,314840283.6
Michigan,2022-05-29,306388134.7
Michigan,2022-06-05,526819408.9
Michigan,2022-06-12,271352831.1
Michigan,2022-06-19,320570866.6
Michigan,2022-06-26,316322910.7
Michigan,2022-07-03,313913778.04999995
Michigan,2022-07-10,311504645.3999999
Michigan,2022-07-17,313980317.4
Michigan,2022-07-24,317499495.2
Michigan,2022-07-31,310660974.6
Michigan,2022-08-07,285495849.9
Michigan,2022-08-14,312440271.50000006
Michigan,2022-08-21,314265560.40000004
Michigan,2022-08-28,315632708.40000004
Michigan,2022-09-04,253295724.1
Michigan,2022-09-11,286499167.7
Michigan,2022-09-18,294166542.09999996
Michigan,2022-09-25,288160494.49999994
Michigan,2022-10-02,434460634.75
Michigan,2022-10-09,580760775.0
Michigan,2022-10-16,279710140.70000005
Michigan,2022-10-23,278567340.09999996
Michigan,2022-10-30,278843204.7
Michigan,2022-11-06,563066133.3499999
Michigan,2022-11-13,847289062.0
Michigan,2022-11-20,281746512.7
Michigan,2022-11-27,283287868.59999996
Michigan,2022-12-04,296038007.34999996
Michigan,2022-12-11,308788146.09999996
Michigan,2022-12-18,289247308.70000005
Michigan,2022-12-25,306638295.2
Michigan,2023-01-01,265936217.9
Michigan,2023-01-08,268707840.79999995
Michigan,2023-01-15,271479463.6999999
Michigan,2023-01-22,267805472.4
Michigan,2023-01-29,268217253.9
Michigan,2023-02-05,270892076.90000004
Michigan,2023-02-12,271025504.70000005
Michigan,2023-02-19,271158932.50000006
Michigan,2023-02-26,278286361.4
Michigan,2023-03-05,285190390.3
Michigan,2023-03-12,292094419.2
Michigan,2023-03-19,298998448.1
Michigan,2023-03-26,274857747.70000005
Michigan,2023-04-02,281387752.5666667
Michigan,2023-04-09,287917757.43333334
Michigan,2023-04-16,294447762.3
Michigan,2023-04-23,290478740.3
Michigan,2023-04-30,293332903.3
Michigan,2023-05-07,554275594.8
Michigan,2023-05-14,526276038.24444443
Michigan,2023-05-21,498276481.68888885
Michigan,2023-05-28,470276925.1333333
Michigan,2023-06-04,442277368.57777774
Michigan,2023-06-11,414277812.0222222
Michigan,2023-06-18,386278255.4666667
Michigan,2023-06-25,358278698.9111111
Michigan,2023-07-02,330279142.35555553
Michigan,2023-07-09,302279585.8
Michigan,2023-07-16,291825544.9
Michigan,2023-07-23,281371504.0
Michigan,2023-07-30,270917463.1
Michigan,2023-08-06,260463422.2
Michigan,2023-08-13,266186287.05999997
Michigan,2023-08-20,271909151.91999996
Michigan,2023-08-27,277632016.78
Michigan,2023-09-03,283354881.6399999
Michigan,2023-09-10,289077746.49999994
Michigan,2023-09-17,313764609.84166664
Michigan,2023-09-24,338451473.1833333
Michigan,2023-10-01,363138336.525
Michigan,2023-10-08,387825199.8666666
Michigan,2023-10-15,412512063.2083333
Michigan,2023-10-22,437198926.54999995
Michigan,2023-10-29,461885789.89166665
Michigan,2023-11-05,486572653.23333335
Michigan,2023-11-12,511259516.575
Michigan,2023-11-19,535946379.9166666
Michigan,2023-11-26,560633243.2583333
Michigan,2023-12-03,585320106.6
Minnesota,2019-01-13,85728575.2
Minnesota,2019-01-20,85837985.01111111
Minnesota,2019-01-27,85947394.82222222
Minnesota,2019-02-03,86056804.63333334
Minnesota,2019-02-10,86166214.44444445
Minnesota,2019-02-17,86275624.25555556
Minnesota,2019-02-24,86385034.06666666
Minnesota,2019-03-03,86494443.87777779
Minnesota,2019-03-10,86603853.68888889
Minnesota,2019-03-17,86713263.5
Minnesota,2019-03-24,86659879.77692308
Minnesota,2019-03-31,86606496.05384615
Minnesota,2019-04-07,86553112.33076923
Minnesota,2019-04-14,86499728.60769232
Minnesota,2019-04-21,86446344.88461539
Minnesota,2019-04-28,86392961.16153847
Minnesota,2019-05-05,86339577.43846154
Minnesota,2019-05-12,86286193.71538462
Minnesota,2019-05-19,86232809.9923077
Minnesota,2019-05-26,86179426.26923078
Minnesota,2019-06-02,86126042.54615386
Minnesota,2019-06-09,86072658.82307693
Minnesota,2019-06-16,86019275.10000001
Minnesota,2019-06-23,85888922.13333334
Minnesota,2019-06-30,85758569.16666667
Minnesota,2019-07-07,85628216.2
Minnesota,2019-07-14,85497863.23333333
Minnesota,2019-07-21,85367510.26666668
Minnesota,2019-07-28,85237157.30000001
Minnesota,2019-08-04,85106804.33333334
Minnesota,2019-08-11,84976451.36666667
Minnesota,2019-08-18,84846098.4
Minnesota,2019-08-25,95473535.275
Minnesota,2019-09-01,106100972.15
Minnesota,2019-09-08,116728409.02500002
Minnesota,2019-09-15,127355845.90000002
Minnesota,2019-09-22,137983282.77500004
Minnesota,2019-09-29,148610719.65000004
Minnesota,2019-10-06,159238156.52500004
Minnesota,2019-10-13,169865593.40000004
Minnesota,2019-10-20,86824087.2
Minnesota,2019-10-27,85277457.8
Minnesota,2019-11-03,86235185.86666666
Minnesota,2019-11-10,87192913.93333334
Minnesota,2019-11-17,88150642.0
Minnesota,2019-11-24,88882997.3
Minnesota,2019-12-01,88968320.23333333
Minnesota,2019-12-08,89053643.16666666
Minnesota,2019-12-15,89138966.1
Minnesota,2019-12-22,97405941.7
Minnesota,2019-12-29,85599586.1
Minnesota,2020-01-05,87428013.6
Minnesota,2020-01-12,90227673.6
Minnesota,2020-01-19,83780774.39999999
Minnesota,2020-01-26,83457389.3
Minnesota,2020-02-02,86519041.4
Minnesota,2020-02-09,103683539.0
Minnesota,2020-02-16,84249164.1
Minnesota,2020-02-23,85538889.4
Minnesota,2020-03-01,92179129.7
Minnesota,2020-03-08,98819370.0
Minnesota,2020-03-15,98503915.5
Minnesota,2020-03-22,100365403.9
Minnesota,2020-03-29,89170024.9
Minnesota,2020-04-05,89653627.80000001
Minnesota,2020-04-12,90137230.7
Minnesota,2020-04-19,95089557.2
Minnesota,2020-04-26,93791800.3
Minnesota,2020-05-03,84911771.6
Minnesota,2020-05-10,200393308.5
Minnesota,2020-05-17,99939396.6
Minnesota,2020-05-24,105025249.39999999
Minnesota,2020-05-31,100116563.2
Minnesota,2020-06-07,196277814.05
Minnesota,2020-06-14,292439064.9
Minnesota,2020-06-21,104235251.2
Minnesota,2020-06-28,108051410.9
Minnesota,2020-07-05,109444601.9
Minnesota,2020-07-12,110837792.9
Minnesota,2020-07-19,106131720.8
Minnesota,2020-07-26,102315870.9
Minnesota,2020-08-02,97694170.2
Minnesota,2020-08-09,93072469.5
Minnesota,2020-08-16,192975402.10000002
Minnesota,2020-08-23,100912473.5
Minnesota,2020-08-30,101213004.39999999
Minnesota,2020-09-06,83420523.60000001
Minnesota,2020-09-13,193536806.7
Minnesota,2020-09-20,94896309.9
Minnesota,2020-09-27,93622893.2
Minnesota,2020-10-04,97211500.95
Minnesota,2020-10-11,100800108.7
Minnesota,2020-10-18,91361911.3
Minnesota,2020-10-25,88195717.4
Minnesota,2020-11-01,119884451.86666667
Minnesota,2020-11-08,151573186.33333334
Minnesota,2020-11-15,183261920.8
Minnesota,2020-11-22,94588918.7
Minnesota,2020-11-29,90436876.3
Minnesota,2020-12-06,175940826.3
Minnesota,2020-12-13,194365991.2
Minnesota,2020-12-20,97675929.4
Minnesota,2020-12-27,91777387.2
Minnesota,2021-01-03,101108812.7
Minnesota,2021-01-10,110440238.2
Minnesota,2021-01-17,89602683.1
Minnesota,2021-01-24,88667427.0
Minnesota,2021-01-31,90183510.39999999
Minnesota,2021-02-07,103977710.5
Minnesota,2021-02-14,86753736.4
Minnesota,2021-02-21,88350365.5
Minnesota,2021-02-28,92126305.6
Minnesota,2021-03-07,90331995.9
Minnesota,2021-03-14,246567934.7
Minnesota,2021-03-21,104974233.7
Minnesota,2021-03-28,92657849.8
Minnesota,2021-04-04,94421283.1
Minnesota,2021-04-11,122951159.5
Minnesota,2021-04-18,93521570.4
Minnesota,2021-04-25,100056678.80000001
Minnesota,2021-05-02,103238291.25
Minnesota,2021-05-09,106419903.7
Minnesota,2021-05-16,241007512.89999998
Minnesota,2021-05-23,110002059.8
Minnesota,2021-05-30,109039999.0
Minnesota,2021-06-06,115436091.2
Minnesota,2021-06-13,117915847.60000001
Minnesota,2021-06-20,114274508.7
Minnesota,2021-06-27,111124011.1
Minnesota,2021-07-04,183954745.79999998
Minnesota,2021-07-11,139426569.4
Minnesota,2021-07-18,111405610.6
Minnesota,2021-07-25,111300950.8
Minnesota,2021-08-01,109356519.15
Minnesota,2021-08-08,107412087.5
Minnesota,2021-08-15,108478416.19999999
Minnesota,2021-08-22,109695212.10000001
Minnesota,2021-08-29,106212318.0
Minnesota,2021-09-05,105321958.39999999
Minnesota,2021-09-12,103209466.5
Minnesota,2021-09-19,101096974.6
Minnesota,2021-09-26,101130925.3
Minnesota,2021-10-03,89294777.10000001
Minnesota,2021-10-10,142365708.00000003
Minnesota,2021-10-17,141654269.0
Minnesota,2021-10-24,138827290.5
Minnesota,2021-10-31,139945356.4
Minnesota,2021-11-07,201991858.60000002
Minnesota,2021-11-14,142219907.39999998
Minnesota,2021-11-21,144134749.20000002
Minnesota,2021-11-28,135947925.5
Minnesota,2021-12-05,189022141.95
Minnesota,2021-12-12,242096358.4
Minnesota,2021-12-19,150556757.4
Minnesota,2021-12-26,143077720.50000003
Minnesota,2022-01-02,146403498.50000003
Minnesota,2022-01-09,149729276.50000003
Minnesota,2022-01-16,138917296.8
Minnesota,2022-01-23,137356427.50000003
Minnesota,2022-01-30,137044186.7
Minnesota,2022-02-06,136647628.20000002
Minnesota,2022-02-13,285608452.50000006
Minnesota,2022-02-20,137238387.0
Minnesota,2022-02-27,137778766.9
Minnesota,2022-03-06,146116218.3
Minnesota,2022-03-13,317690363.2
Minnesota,2022-03-20,143171251.79999998
Minnesota,2022-03-27,140142115.6
Minnesota,2022-04-03,149484863.3
Minnesota,2022-04-10,158827611.0
Minnesota,2022-04-17,296317249.0
Minnesota,2022-04-24,143095708.0
Minnesota,2022-05-01,155687409.25
Minnesota,2022-05-08,168279110.50000003
Minnesota,2022-05-15,161717721.4
Minnesota,2022-05-22,163927825.99999997
Minnesota,2022-05-29,164135790.7
Minnesota,2022-06-05,280189637.29999995
Minnesota,2022-06-12,147112422.9
Minnesota,2022-06-19,169844069.0
Minnesota,2022-06-26,170761157.39999998
Minnesota,2022-07-03,167619006.5
Minnesota,2022-07-10,164476855.6
Minnesota,2022-07-17,168999832.29999998
Minnesota,2022-07-24,167503484.39999998
Minnesota,2022-07-31,165469004.6
Minnesota,2022-08-07,156582183.29999998
Minnesota,2022-08-14,162917110.50000003
Minnesota,2022-08-21,161040273.9
Minnesota,2022-08-28,157247429.20000002
Minnesota,2022-09-04,136449092.2
Minnesota,2022-09-11,149476005.6
Minnesota,2022-09-18,155422656.5
Minnesota,2022-09-25,150349561.3
Minnesota,2022-10-02,227162270.2
Minnesota,2022-10-09,303974979.09999996
Minnesota,2022-10-16,148281617.60000002
Minnesota,2022-10-23,146004888.70000002
Minnesota,2022-10-30,145187253.0
Minnesota,2022-11-06,295188271.8
Minnesota,2022-11-13,445189290.6
Minnesota,2022-11-20,148888192.9
Minnesota,2022-11-27,149075119.89999998
Minnesota,2022-12-04,161067125.59999996
Minnesota,2022-12-11,173059131.29999998
Minnesota,2022-12-18,155565499.99999997
Minnesota,2022-12-25,158967122.49999997
Minnesota,2023-01-01,142235160.7
Minnesota,2023-01-08,144131772.39999998
Minnesota,2023-01-15,146028384.1
Minnesota,2023-01-22,142633405.5
Minnesota,2023-01-29,143647987.4
Minnesota,2023-02-05,145671348.70000002
Minnesota,2023-02-12,145239929.9
Minnesota,2023-02-19,144808511.1
Minnesota,2023-02-26,145381582.49999997
Minnesota,2023-03-05,150474879.2
Minnesota,2023-03-12,155568175.9
Minnesota,2023-03-19,160661472.60000002
Minnesota,2023-03-26,148335592.8
Minnesota,2023-04-02,151087521.3
Minnesota,2023-04-09,153839449.8
Minnesota,2023-04-16,156591378.3
Minnesota,2023-04-23,153923320.5
Minnesota,2023-04-30,160640376.20000002
Minnesota,2023-05-07,293311573.3
Minnesota,2023-05-14,279443593.5
Minnesota,2023-05-21,265575613.70000002
Minnesota,2023-05-28,251707633.9
Minnesota,2023-06-04,237839654.1
Minnesota,2023-06-11,223971674.3
Minnesota,2023-06-18,210103694.5
Minnesota,2023-06-25,196235714.7
Minnesota,2023-07-02,182367734.89999998
Minnesota,2023-07-09,168499755.1
Minnesota,2023-07-16,161277726.65
Minnesota,2023-07-23,154055698.2
Minnesota,2023-07-30,146833669.75
Minnesota,2023-08-06,139611641.3
Minnesota,2023-08-13,143290150.5
Minnesota,2023-08-20,146968659.70000002
Minnesota,2023-08-27,150647168.9
Minnesota,2023-09-03,154325678.10000002
Minnesota,2023-09-10,158004187.3
Minnesota,2023-09-17,170638121.5916667
Minnesota,2023-09-24,183272055.88333336
Minnesota,2023-10-01,195905990.175
Minnesota,2023-10-08,208539924.4666667
Minnesota,2023-10-15,221173858.75833338
Minnesota,2023-10-22,233807793.05000004
Minnesota,2023-10-29,246441727.3416667
Minnesota,2023-11-05,259075661.63333338
Minnesota,2023-11-12,271709595.9250001
Minnesota,2023-11-19,284343530.2166667
Minnesota,2023-11-26,296977464.5083334
Minnesota,2023-12-03,309611398.8000001
Mississippi,2019-01-13,37637324.0
Mississippi,2019-01-20,37521962.777777776
Mississippi,2019-01-27,37406601.55555555
Mississippi,2019-02-03,37291240.333333336
Mississippi,2019-02-10,37175879.11111111
Mississippi,2019-02-17,37060517.88888889
Mississippi,2019-02-24,36945156.666666664
Mississippi,2019-03-03,36829795.44444445
Mississippi,2019-03-10,36714434.222222224
Mississippi,2019-03-17,36599073.0
Mississippi,2019-03-24,37172695.92307692
Mississippi,2019-03-31,37746318.84615385
Mississippi,2019-04-07,38319941.76923077
Mississippi,2019-04-14,38893564.692307696
Mississippi,2019-04-21,39467187.615384616
Mississippi,2019-04-28,40040810.538461536
Mississippi,2019-05-05,40614433.461538464
Mississippi,2019-05-12,41188056.384615384
Mississippi,2019-05-19,41761679.307692304
Mississippi,2019-05-26,42335302.23076923
Mississippi,2019-06-02,42908925.15384615
Mississippi,2019-06-09,43482548.07692308
Mississippi,2019-06-16,44056171.0
Mississippi,2019-06-23,43168751.55555555
Mississippi,2019-06-30,42281332.11111111
Mississippi,2019-07-07,41393912.666666664
Mississippi,2019-07-14,40506493.222222224
Mississippi,2019-07-21,39619073.777777776
Mississippi,2019-07-28,38731654.333333336
Mississippi,2019-08-04,37844234.88888889
Mississippi,2019-08-11,36956815.44444445
Mississippi,2019-08-18,36069396.0
Mississippi,2019-08-25,41548461.875
Mississippi,2019-09-01,47027527.75
Mississippi,2019-09-08,52506593.625
Mississippi,2019-09-15,57985659.5
Mississippi,2019-09-22,63464725.375
Mississippi,2019-09-29,68943791.25
Mississippi,2019-10-06,74422857.125
Mississippi,2019-10-13,79901923.0
Mississippi,2019-10-20,38851699.0
Mississippi,2019-10-27,36538417.0
Mississippi,2019-11-03,36489702.333333336
Mississippi,2019-11-10,36440987.666666664
Mississippi,2019-11-17,36392273.0
Mississippi,2019-11-24,38443750.0
Mississippi,2019-12-01,37582794.333333336
Mississippi,2019-12-08,36721838.666666664
Mississippi,2019-12-15,35860883.0
Mississippi,2019-12-22,37353845.0
Mississippi,2019-12-29,35853471.0
Mississippi,2020-01-05,74436057.9
Mississippi,2020-01-12,75112490.9
Mississippi,2020-01-19,70297794.5
Mississippi,2020-01-26,68431295.69999999
Mississippi,2020-02-02,70528160.1
Mississippi,2020-02-09,84643249.2
Mississippi,2020-02-16,68943574.5
Mississippi,2020-02-23,67299689.1
Mississippi,2020-03-01,73691846.7
Mississippi,2020-03-08,80084004.30000001
Mississippi,2020-03-15,80995358.8
Mississippi,2020-03-22,83519431.3
Mississippi,2020-03-29,72978266.80000001
Mississippi,2020-04-05,78520668.45000002
Mississippi,2020-04-12,84063070.10000001
Mississippi,2020-04-19,74645567.5
Mississippi,2020-04-26,74321523.5
Mississippi,2020-05-03,68052452.1
Mississippi,2020-05-10,165945692.39999998
Mississippi,2020-05-17,81316607.2
Mississippi,2020-05-24,85387818.5
Mississippi,2020-05-31,83005767.8
Mississippi,2020-06-07,164374255.0
Mississippi,2020-06-14,245742742.2
Mississippi,2020-06-21,85725634.5
Mississippi,2020-06-28,83644913.5
Mississippi,2020-07-05,84473918.6
Mississippi,2020-07-12,85302923.7
Mississippi,2020-07-19,84440405.8
Mississippi,2020-07-26,83261697.3
Mississippi,2020-08-02,80111791.0
Mississippi,2020-08-09,76961884.7
Mississippi,2020-08-16,166023155.2
Mississippi,2020-08-23,85014742.7
Mississippi,2020-08-30,82928450.1
Mississippi,2020-09-06,71994582.2
Mississippi,2020-09-13,174967985.4
Mississippi,2020-09-20,85302067.5
Mississippi,2020-09-27,80731913.4
Mississippi,2020-10-04,80625974.0
Mississippi,2020-10-11,80520034.60000001
Mississippi,2020-10-18,78326190.0
Mississippi,2020-10-25,76949398.9
Mississippi,2020-11-01,104199454.86666667
Mississippi,2020-11-08,131449510.83333334
Mississippi,2020-11-15,158699566.8
Mississippi,2020-11-22,78777516.1
Mississippi,2020-11-29,74642425.0
Mississippi,2020-12-06,144814764.2
Mississippi,2020-12-13,158281497.39999998
Mississippi,2020-12-20,75204508.2
Mississippi,2020-12-27,74054030.5
Mississippi,2021-01-03,81021565.0
Mississippi,2021-01-10,87989099.5
Mississippi,2021-01-17,73378113.5
Mississippi,2021-01-24,71537283.6
Mississippi,2021-01-31,71007272.19999999
Mississippi,2021-02-07,80162039.4
Mississippi,2021-02-14,72133584.10000001
Mississippi,2021-02-21,65114278.3
Mississippi,2021-02-28,77157318.7
Mississippi,2021-03-07,72374352.5
Mississippi,2021-03-14,166195632.6
Mississippi,2021-03-21,84883463.2
Mississippi,2021-03-28,73043661.3
Mississippi,2021-04-04,78613964.2
Mississippi,2021-04-11,89465561.30000001
Mississippi,2021-04-18,75186878.9
Mississippi,2021-04-25,76356585.5
Mississippi,2021-05-02,83509228.3
Mississippi,2021-05-09,90661871.1
Mississippi,2021-05-16,156273606.2
Mississippi,2021-05-23,83026105.8
Mississippi,2021-05-30,83526279.9
Mississippi,2021-06-06,84919030.7
Mississippi,2021-06-13,83357018.3
Mississippi,2021-06-20,88850382.2
Mississippi,2021-06-27,83858613.8
Mississippi,2021-07-04,150937290.60000002
Mississippi,2021-07-11,81938577.6
Mississippi,2021-07-18,87160318.10000001
Mississippi,2021-07-25,85932975.8
Mississippi,2021-08-01,88167370.69999999
Mississippi,2021-08-08,90401765.6
Mississippi,2021-08-15,89407334.39999999
Mississippi,2021-08-22,88266535.4
Mississippi,2021-08-29,88796968.5
Mississippi,2021-09-05,83166643.7
Mississippi,2021-09-12,83428201.4
Mississippi,2021-09-19,83689759.1
Mississippi,2021-09-26,79384216.8
Mississippi,2021-10-03,74935324.1
Mississippi,2021-10-10,84218998.2
Mississippi,2021-10-17,83952608.2
Mississippi,2021-10-24,82838944.69999999
Mississippi,2021-10-31,78428831.7
Mississippi,2021-11-07,158968003.0
Mississippi,2021-11-14,81282713.8
Mississippi,2021-11-21,81753712.8
Mississippi,2021-11-28,77581364.5
Mississippi,2021-12-05,121353816.35
Mississippi,2021-12-12,165126268.2
Mississippi,2021-12-19,79507132.3
Mississippi,2021-12-26,80883670.0
Mississippi,2022-01-02,103741924.0
Mississippi,2022-01-09,126600178.0
Mississippi,2022-01-16,113551276.89999999
Mississippi,2022-01-23,109174947.5
Mississippi,2022-01-30,109188689.19999999
Mississippi,2022-02-06,110968258.0
Mississippi,2022-02-13,242829257.10000002
Mississippi,2022-02-20,106562404.49999999
Mississippi,2022-02-27,120831667.10000001
Mississippi,2022-03-06,122095738.69999999
Mississippi,2022-03-13,257470512.7
Mississippi,2022-03-20,122723018.4
Mississippi,2022-03-27,119940036.4
Mississippi,2022-04-03,129299396.2
Mississippi,2022-04-10,138658756.0
Mississippi,2022-04-17,238015955.8
Mississippi,2022-04-24,119312726.70000002
Mississippi,2022-05-01,123704477.1
Mississippi,2022-05-08,128096227.49999999
Mississippi,2022-05-15,127925111.3
Mississippi,2022-05-22,132576708.4
Mississippi,2022-05-29,129924948.0
Mississippi,2022-06-05,236987323.0
Mississippi,2022-06-12,124153469.4
Mississippi,2022-06-19,135929879.5
Mississippi,2022-06-26,131695553.0
Mississippi,2022-07-03,134372583.3
Mississippi,2022-07-10,137049613.6
Mississippi,2022-07-17,128249541.60000001
Mississippi,2022-07-24,130097352.2
Mississippi,2022-07-31,135051986.39999998
Mississippi,2022-08-07,128793330.9
Mississippi,2022-08-14,136515380.9
Mississippi,2022-08-21,132428741.6
Mississippi,2022-08-28,131486639.10000001
Mississippi,2022-09-04,112145740.89999999
Mississippi,2022-09-11,130359053.49999999
Mississippi,2022-09-18,129734297.99999999
Mississippi,2022-09-25,130304298.50000001
Mississippi,2022-10-02,193160119.05
Mississippi,2022-10-09,256015939.60000002
Mississippi,2022-10-16,128427930.7
Mississippi,2022-10-23,122593677.3
Mississippi,2022-10-30,119071386.60000001
Mississippi,2022-11-06,245766513.89999998
Mississippi,2022-11-13,372461641.2
Mississippi,2022-11-20,122286981.2
Mississippi,2022-11-27,121026307.39999999
Mississippi,2022-12-04,125150543.54999998
Mississippi,2022-12-11,129274779.69999999
Mississippi,2022-12-18,120542507.6
Mississippi,2022-12-25,124193300.10000001
Mississippi,2023-01-01,112027973.5
Mississippi,2023-01-08,112652741.94999999
Mississippi,2023-01-15,113277510.39999999
Mississippi,2023-01-22,111098226.89999999
Mississippi,2023-01-29,110578233.6
Mississippi,2023-02-05,126251455.8
Mississippi,2023-02-12,120150967.7
Mississippi,2023-02-19,114050479.60000001
Mississippi,2023-02-26,119099292.3
Mississippi,2023-03-05,121874112.0
Mississippi,2023-03-12,124648931.69999999
Mississippi,2023-03-19,127423751.39999999
Mississippi,2023-03-26,119034341.39999999
Mississippi,2023-04-02,119654127.8
Mississippi,2023-04-09,120273914.2
Mississippi,2023-04-16,120893700.60000001
Mississippi,2023-04-23,122557412.7
Mississippi,2023-04-30,126906992.99999999
Mississippi,2023-05-07,240000659.8
Mississippi,2023-05-14,228013165.41111112
Mississippi,2023-05-21,216025671.02222222
Mississippi,2023-05-28,204038176.63333333
Mississippi,2023-06-04,192050682.24444446
Mississippi,2023-06-11,180063187.85555556
Mississippi,2023-06-18,168075693.46666667
Mississippi,2023-06-25,156088199.0777778
Mississippi,2023-07-02,144100704.6888889
Mississippi,2023-07-09,132113210.3
Mississippi,2023-07-16,127256343.225
Mississippi,2023-07-23,122399476.15
Mississippi,2023-07-30,117542609.075
Mississippi,2023-08-06,112685742.0
Mississippi,2023-08-13,114740214.26
Mississippi,2023-08-20,116794686.52
Mississippi,2023-08-27,118849158.78
Mississippi,2023-09-03,120903631.03999999
Mississippi,2023-09-10,122958103.3
Mississippi,2023-09-17,133241787.45833333
Mississippi,2023-09-24,143525471.61666667
Mississippi,2023-10-01,153809155.775
Mississippi,2023-10-08,164092839.93333334
Mississippi,2023-10-15,174376524.09166667
Mississippi,2023-10-22,184660208.25
Mississippi,2023-10-29,194943892.40833333
Mississippi,2023-11-05,205227576.56666666
Mississippi,2023-11-12,215511260.725
Mississippi,2023-11-19,225794944.88333333
Mississippi,2023-11-26,236078629.04166666
Mississippi,2023-12-03,246362313.2
Missouri,2019-01-13,101366118.1
Missouri,2019-01-20,101460592.6111111
Missouri,2019-01-27,101555067.12222221
Missouri,2019-02-03,101649541.63333333
Missouri,2019-02-10,101744016.14444444
Missouri,2019-02-17,101838490.65555556
Missouri,2019-02-24,101932965.16666667
Missouri,2019-03-03,102027439.67777778
Missouri,2019-03-10,102121914.18888889
Missouri,2019-03-17,102216388.7
Missouri,2019-03-24,102960376.47692308
Missouri,2019-03-31,103704364.25384615
Missouri,2019-04-07,104448352.03076923
Missouri,2019-04-14,105192339.80769232
Missouri,2019-04-21,105936327.5846154
Missouri,2019-04-28,106680315.36153847
Missouri,2019-05-05,107424303.13846155
Missouri,2019-05-12,108168290.91538462
Missouri,2019-05-19,108912278.6923077
Missouri,2019-05-26,109656266.46923079
Missouri,2019-06-02,110400254.24615386
Missouri,2019-06-09,111144242.02307694
Missouri,2019-06-16,111888229.80000001
Missouri,2019-06-23,110784666.55555557
Missouri,2019-06-30,109681103.31111112
Missouri,2019-07-07,108577540.06666668
Missouri,2019-07-14,107473976.82222223
Missouri,2019-07-21,106370413.57777779
Missouri,2019-07-28,105266850.33333334
Missouri,2019-08-04,104163287.0888889
Missouri,2019-08-11,103059723.84444445
Missouri,2019-08-18,101956160.60000001
Missouri,2019-08-25,115256851.8875
Missouri,2019-09-01,128557543.17500001
Missouri,2019-09-08,141858234.4625
Missouri,2019-09-15,155158925.75
Missouri,2019-09-22,168459617.03750002
Missouri,2019-09-29,181760308.325
Missouri,2019-10-06,195060999.6125
Missouri,2019-10-13,208361690.9
Missouri,2019-10-20,105172324.5
Missouri,2019-10-27,103986309.89999999
Missouri,2019-11-03,104072348.36666666
Missouri,2019-11-10,104158386.83333333
Missouri,2019-11-17,104244425.3
Missouri,2019-11-24,106955333.5
Missouri,2019-12-01,106236582.39999999
Missouri,2019-12-08,105517831.3
Missouri,2019-12-15,104799080.19999999
Missouri,2019-12-22,112573326.8
Missouri,2019-12-29,104085174.3
Missouri,2020-01-05,106212848.6
Missouri,2020-01-12,108363218.69999999
Missouri,2020-01-19,99197303.0
Missouri,2020-01-26,94975743.10000001
Missouri,2020-02-02,102451507.1
Missouri,2020-02-09,120643197.69999999
Missouri,2020-02-16,99080113.19999999
Missouri,2020-02-23,99512942.89999999
Missouri,2020-03-01,108860494.15
Missouri,2020-03-08,118208045.4
Missouri,2020-03-15,119199349.2
Missouri,2020-03-22,121451833.8
Missouri,2020-03-29,104915820.3
Missouri,2020-04-05,110100631.05
Missouri,2020-04-12,115285441.8
Missouri,2020-04-19,115367891.3
Missouri,2020-04-26,113425514.4
Missouri,2020-05-03,100260344.0
Missouri,2020-05-10,246466506.2
Missouri,2020-05-17,119008041.2
Missouri,2020-05-24,124723232.8
Missouri,2020-05-31,119399493.0
Missouri,2020-06-07,237555951.55
Missouri,2020-06-14,355712410.1
Missouri,2020-06-21,125519532.60000001
Missouri,2020-06-28,128509528.19999999
Missouri,2020-07-05,128223532.89999999
Missouri,2020-07-12,127937537.6
Missouri,2020-07-19,128088848.3
Missouri,2020-07-26,124167502.10000001
Missouri,2020-08-02,115768877.85
Missouri,2020-08-09,107370253.6
Missouri,2020-08-16,236283938.5
Missouri,2020-08-23,121890878.7
Missouri,2020-08-30,121102970.2
Missouri,2020-09-06,97937045.1
Missouri,2020-09-13,241293257.8
Missouri,2020-09-20,118825053.9
Missouri,2020-09-27,115422362.0
Missouri,2020-10-04,116018458.2
Missouri,2020-10-11,116614554.4
Missouri,2020-10-18,114326213.9
Missouri,2020-10-25,110115923.0
Missouri,2020-11-01,149315940.7
Missouri,2020-11-08,188515958.39999998
Missouri,2020-11-15,227715976.1
Missouri,2020-11-22,115585927.60000001
Missouri,2020-11-29,109778470.60000001
Missouri,2020-12-06,214425942.0
Missouri,2020-12-13,238145920.5
Missouri,2020-12-20,116101348.89999999
Missouri,2020-12-27,113912367.0
Missouri,2021-01-03,123245369.15
Missouri,2021-01-10,132578371.3
Missouri,2021-01-17,107281946.4
Missouri,2021-01-24,106374643.7
Missouri,2021-01-31,107265091.1
Missouri,2021-02-07,130134582.2
Missouri,2021-02-14,105721019.2
Missouri,2021-02-21,104928173.0
Missouri,2021-02-28,113346368.2
Missouri,2021-03-07,108200137.0
Missouri,2021-03-14,310259005.8
Missouri,2021-03-21,130041835.0
Missouri,2021-03-28,115232279.5
Missouri,2021-04-04,124240001.0
Missouri,2021-04-11,141538917.5
Missouri,2021-04-18,122020893.2
Missouri,2021-04-25,123558038.5
Missouri,2021-05-02,129517267.45
Missouri,2021-05-09,135476496.4
Missouri,2021-05-16,293867288.59999996
Missouri,2021-05-23,130997443.3
Missouri,2021-05-30,131211942.3
Missouri,2021-06-06,135533682.0
Missouri,2021-06-13,140536017.0
Missouri,2021-06-20,143891479.7
Missouri,2021-06-27,134304238.0
Missouri,2021-07-04,228189514.2
Missouri,2021-07-11,173301229.0
Missouri,2021-07-18,137132760.29999998
Missouri,2021-07-25,138734411.3
Missouri,2021-08-01,135630569.9
Missouri,2021-08-08,132526728.5
Missouri,2021-08-15,136489651.29999998
Missouri,2021-08-22,136950984.0
Missouri,2021-08-29,136263420.9
Missouri,2021-09-05,127252315.0
Missouri,2021-09-12,129338847.44999999
Missouri,2021-09-19,131425379.89999999
Missouri,2021-09-26,127916878.0
Missouri,2021-10-03,108211245.9
Missouri,2021-10-10,180974726.6
Missouri,2021-10-17,178740956.6
Missouri,2021-10-24,175697601.3
Missouri,2021-10-31,170593466.3
Missouri,2021-11-07,257411484.5
Missouri,2021-11-14,176262581.39999998
Missouri,2021-11-21,179524372.20000002
Missouri,2021-11-28,168366340.5
Missouri,2021-12-05,235653026.89999998
Missouri,2021-12-12,302939713.29999995
Missouri,2021-12-19,183283804.6
Missouri,2021-12-26,180054178.20000002
Missouri,2022-01-02,184125372.14999998
Missouri,2022-01-09,188196566.09999996
Missouri,2022-01-16,172225849.70000002
Missouri,2022-01-23,162857014.20000002
Missouri,2022-01-30,167447989.5
Missouri,2022-02-06,167821564.9
Missouri,2022-02-13,362109482.4
Missouri,2022-02-20,162813987.6
Missouri,2022-02-27,173793169.79999998
Missouri,2022-03-06,185211544.0
Missouri,2022-03-13,391525334.0
Missouri,2022-03-20,183364029.89999998
Missouri,2022-03-27,179106584.2
Missouri,2022-04-03,190927754.05
Missouri,2022-04-10,202748923.90000004
Missouri,2022-04-17,369711915.1
Missouri,2022-04-24,183150735.19999996
Missouri,2022-05-01,189927479.59999996
Missouri,2022-05-08,196704223.99999997
Missouri,2022-05-15,197212778.5
Missouri,2022-05-22,196122618.70000002
Missouri,2022-05-29,195011377.60000002
Missouri,2022-06-05,345216506.0
Missouri,2022-06-12,184611894.99999997
Missouri,2022-06-19,210417356.9
Missouri,2022-06-26,204501850.3
Missouri,2022-07-03,204249759.0
Missouri,2022-07-10,203997667.7
Missouri,2022-07-17,205623643.10000002
Missouri,2022-07-24,207379215.10000002
Missouri,2022-07-31,201243588.9
Missouri,2022-08-07,185103534.0
Missouri,2022-08-14,204559437.2
Missouri,2022-08-21,200875692.50000003
Missouri,2022-08-28,201905037.59999996
Missouri,2022-09-04,165807188.4
Missouri,2022-09-11,193244617.89999998
Missouri,2022-09-18,201210602.8
Missouri,2022-09-25,195111725.20000002
Missouri,2022-10-02,292687372.05
Missouri,2022-10-09,390263018.90000004
Missouri,2022-10-16,189430520.2
Missouri,2022-10-23,187022860.1
Missouri,2022-10-30,181175335.20000002
Missouri,2022-11-06,376169513.15
Missouri,2022-11-13,571163691.1
Missouri,2022-11-20,188697809.2
Missouri,2022-11-27,188064706.50000003
Missouri,2022-12-04,194981461.65
Missouri,2022-12-11,201898216.79999998
Missouri,2022-12-18,193565612.6
Missouri,2022-12-25,199608823.70000002
Missouri,2023-01-01,178578678.89999998
Missouri,2023-01-08,178263537.45
Missouri,2023-01-15,177948395.99999997
Missouri,2023-01-22,173196841.2
Missouri,2023-01-29,176567191.6
Missouri,2023-02-05,193109594.2
Missouri,2023-02-12,186755383.5
Missouri,2023-02-19,180401172.79999998
Missouri,2023-02-26,183563538.10000002
Missouri,2023-03-05,190232104.1666667
Missouri,2023-03-12,196900670.23333335
Missouri,2023-03-19,203569236.3
Missouri,2023-03-26,184675887.8
Missouri,2023-04-02,190105919.16666666
Missouri,2023-04-09,195535950.53333333
Missouri,2023-04-16,200965981.89999998
Missouri,2023-04-23,200625507.00000003
Missouri,2023-04-30,203869438.20000002
Missouri,2023-05-07,370313811.6
Missouri,2023-05-14,352092398.3666667
Missouri,2023-05-21,333870985.1333333
Missouri,2023-05-28,315649571.9
Missouri,2023-06-04,297428158.6666667
Missouri,2023-06-11,279206745.43333334
Missouri,2023-06-18,260985332.2
Missouri,2023-06-25,242763918.96666664
Missouri,2023-07-02,224542505.73333332
Missouri,2023-07-09,206321092.49999997
Missouri,2023-07-16,198103072.45
Missouri,2023-07-23,189885052.39999998
Missouri,2023-07-30,181667032.34999996
Missouri,2023-08-06,173449012.29999998
Missouri,2023-08-13,178840525.48
Missouri,2023-08-20,184232038.66
Missouri,2023-08-27,189623551.83999997
Missouri,2023-09-03,195015065.01999998
Missouri,2023-09-10,200406578.2
Missouri,2023-09-17,215728042.89999998
Missouri,2023-09-24,231049507.6
Missouri,2023-10-01,246370972.3
Missouri,2023-10-08,261692437.0
Missouri,2023-10-15,277013901.7
Missouri,2023-10-22,292335366.4
Missouri,2023-10-29,307656831.1
Missouri,2023-11-05,322978295.8
Missouri,2023-11-12,338299760.5
Missouri,2023-11-19,353621225.20000005
Missouri,2023-11-26,368942689.90000004
Missouri,2023-12-03,384264154.6
Nebraska,2019-01-13,16673878.0
Nebraska,2019-01-20,16686601.222222222
Nebraska,2019-01-27,16699324.444444444
Nebraska,2019-02-03,16712047.666666666
Nebraska,2019-02-10,16724770.888888888
Nebraska,2019-02-17,16737494.111111112
Nebraska,2019-02-24,16750217.333333334
Nebraska,2019-03-03,16762940.555555556
Nebraska,2019-03-10,16775663.777777778
Nebraska,2019-03-17,16788387.0
Nebraska,2019-03-24,16823107.307692308
Nebraska,2019-03-31,16857827.615384616
Nebraska,2019-04-07,16892547.923076924
Nebraska,2019-04-14,16927268.230769232
Nebraska,2019-04-21,16961988.53846154
Nebraska,2019-04-28,16996708.846153848
Nebraska,2019-05-05,17031429.153846152
Nebraska,2019-05-12,17066149.46153846
Nebraska,2019-05-19,17100869.769230768
Nebraska,2019-05-26,17135590.076923076
Nebraska,2019-06-02,17170310.384615384
Nebraska,2019-06-09,17205030.692307692
Nebraska,2019-06-16,17239751.0
Nebraska,2019-06-23,17210546.222222224
Nebraska,2019-06-30,17181341.444444444
Nebraska,2019-07-07,17152136.666666668
Nebraska,2019-07-14,17122931.888888888
Nebraska,2019-07-21,17093727.111111112
Nebraska,2019-07-28,17064522.333333332
Nebraska,2019-08-04,17035317.555555556
Nebraska,2019-08-11,17006112.777777776
Nebraska,2019-08-18,16976908.0
Nebraska,2019-08-25,19132736.75
Nebraska,2019-09-01,21288565.5
Nebraska,2019-09-08,23444394.25
Nebraska,2019-09-15,25600223.0
Nebraska,2019-09-22,27756051.75
Nebraska,2019-09-29,29911880.5
Nebraska,2019-10-06,32067709.25
Nebraska,2019-10-13,34223538.0
Nebraska,2019-10-20,17071019.0
Nebraska,2019-10-27,16701961.0
Nebraska,2019-11-03,16808208.0
Nebraska,2019-11-10,16914455.0
Nebraska,2019-11-17,17020702.0
Nebraska,2019-11-24,18010858.0
Nebraska,2019-12-01,17647123.333333332
Nebraska,2019-12-08,17283388.666666668
Nebraska,2019-12-15,16919654.0
Nebraska,2019-12-22,18450498.0
Nebraska,2019-12-29,33473866.1
Nebraska,2020-01-05,34374961.699999996
Nebraska,2020-01-12,34888717.800000004
Nebraska,2020-01-19,31776463.8
Nebraska,2020-01-26,31558750.2
Nebraska,2020-02-02,33877398.800000004
Nebraska,2020-02-09,38613429.9
Nebraska,2020-02-16,32815302.1
Nebraska,2020-02-23,32997893.5
Nebraska,2020-03-01,35965154.1
Nebraska,2020-03-08,38932414.7
Nebraska,2020-03-15,39516368.699999996
Nebraska,2020-03-22,37334582.4
Nebraska,2020-03-29,33896980.800000004
Nebraska,2020-04-05,34987207.85
Nebraska,2020-04-12,36077434.9
Nebraska,2020-04-19,37040343.4
Nebraska,2020-04-26,37244983.3
Nebraska,2020-05-03,32423171.6
Nebraska,2020-05-10,80843874.69999999
Nebraska,2020-05-17,38077722.5
Nebraska,2020-05-24,38957875.099999994
Nebraska,2020-05-31,37065928.0
Nebraska,2020-06-07,75603695.25
Nebraska,2020-06-14,114141462.5
Nebraska,2020-06-21,39112314.4
Nebraska,2020-06-28,41430550.6
Nebraska,2020-07-05,41667891.95
Nebraska,2020-07-12,41905233.3
Nebraska,2020-07-19,40208538.3
Nebraska,2020-07-26,38142813.099999994
Nebraska,2020-08-02,37311084.75
Nebraska,2020-08-09,36479356.4
Nebraska,2020-08-16,75629786.5
Nebraska,2020-08-23,38450856.5
Nebraska,2020-08-30,38965935.199999996
Nebraska,2020-09-06,32422202.3
Nebraska,2020-09-13,76126422.5
Nebraska,2020-09-20,36809613.199999996
Nebraska,2020-09-27,36614698.8
Nebraska,2020-10-04,37052581.7
Nebraska,2020-10-11,37490464.6
Nebraska,2020-10-18,35869569.800000004
Nebraska,2020-10-25,34697054.0
Nebraska,2020-11-01,47106009.93333334
Nebraska,2020-11-08,59514965.866666675
Nebraska,2020-11-15,71923921.80000001
Nebraska,2020-11-22,37326192.9
Nebraska,2020-11-29,34296044.4
Nebraska,2020-12-06,69772779.69999999
Nebraska,2020-12-13,75057351.5
Nebraska,2020-12-20,37398969.5
Nebraska,2020-12-27,35679774.800000004
Nebraska,2021-01-03,38403774.25
Nebraska,2021-01-10,41127773.7
Nebraska,2021-01-17,33822415.9
Nebraska,2021-01-24,33565602.300000004
Nebraska,2021-01-31,34362095.800000004
Nebraska,2021-02-07,41669746.099999994
Nebraska,2021-02-14,33478485.700000003
Nebraska,2021-02-21,33873493.0
Nebraska,2021-02-28,36015324.099999994
Nebraska,2021-03-07,34043332.2
Nebraska,2021-03-14,80730687.0
Nebraska,2021-03-21,38636850.699999996
Nebraska,2021-03-28,35500363.400000006
Nebraska,2021-04-04,39830293.8
Nebraska,2021-04-11,46436516.900000006
Nebraska,2021-04-18,37204752.2
Nebraska,2021-04-25,39276358.9
Nebraska,2021-05-02,40921997.15
Nebraska,2021-05-09,42567635.4
Nebraska,2021-05-16,76827100.5
Nebraska,2021-05-23,40873410.0
Nebraska,2021-05-30,40807177.800000004
Nebraska,2021-06-06,44229958.4
Nebraska,2021-06-13,43312046.4
Nebraska,2021-06-20,43628649.0
Nebraska,2021-06-27,42034852.1
Nebraska,2021-07-04,74815575.4
Nebraska,2021-07-11,38952595.5
Nebraska,2021-07-18,41661964.5
Nebraska,2021-07-25,41901679.800000004
Nebraska,2021-08-01,42035767.900000006
Nebraska,2021-08-08,42169856.0
Nebraska,2021-08-15,42930173.9
Nebraska,2021-08-22,42263728.199999996
Nebraska,2021-08-29,42011140.3
Nebraska,2021-09-05,40469217.800000004
Nebraska,2021-09-12,40030736.35000001
Nebraska,2021-09-19,39592254.900000006
Nebraska,2021-09-26,39895508.0
Nebraska,2021-10-03,34739029.6
Nebraska,2021-10-10,40690470.699999996
Nebraska,2021-10-17,38787216.699999996
Nebraska,2021-10-24,37588634.900000006
Nebraska,2021-10-31,37152744.9
Nebraska,2021-11-07,81290026.6
Nebraska,2021-11-14,37862667.0
Nebraska,2021-11-21,39394564.2
Nebraska,2021-11-28,36955689.5
Nebraska,2021-12-05,57426879.3
Nebraska,2021-12-12,77898069.1
Nebraska,2021-12-19,39207615.599999994
Nebraska,2021-12-26,55591359.699999996
Nebraska,2022-01-02,58176613.55
Nebraska,2022-01-09,60761867.4
Nebraska,2022-01-16,53150979.300000004
Nebraska,2022-01-23,51763721.6
Nebraska,2022-01-30,52701275.599999994
Nebraska,2022-02-06,52721052.49999999
Nebraska,2022-02-13,113003511.8
Nebraska,2022-02-20,52975863.8
Nebraska,2022-02-27,53752358.4
Nebraska,2022-03-06,59837590.1
Nebraska,2022-03-13,124969459.9
Nebraska,2022-03-20,56673574.800000004
Nebraska,2022-03-27,55527165.300000004
Nebraska,2022-04-03,59584925.0
Nebraska,2022-04-10,63642684.7
Nebraska,2022-04-17,117018497.5
Nebraska,2022-04-24,57413627.1
Nebraska,2022-05-01,60781659.0
Nebraska,2022-05-08,64149690.9
Nebraska,2022-05-15,62192914.6
Nebraska,2022-05-22,62018498.9
Nebraska,2022-05-29,61734864.3
Nebraska,2022-06-05,111296969.80000001
Nebraska,2022-06-12,58864877.9
Nebraska,2022-06-19,64947061.5
Nebraska,2022-06-26,64803842.7
Nebraska,2022-07-03,64888202.95
Nebraska,2022-07-10,64972563.2
Nebraska,2022-07-17,63405633.6
Nebraska,2022-07-24,62820539.699999996
Nebraska,2022-07-31,62361079.400000006
Nebraska,2022-08-07,59652653.50000001
Nebraska,2022-08-14,63717535.900000006
Nebraska,2022-08-21,62001822.2
Nebraska,2022-08-28,62691105.099999994
Nebraska,2022-09-04,52843541.10000001
Nebraska,2022-09-11,60631555.2
Nebraska,2022-09-18,61544262.0
Nebraska,2022-09-25,59888530.7
Nebraska,2022-10-02,90982480.65
Nebraska,2022-10-09,122076430.6
Nebraska,2022-10-16,58606006.800000004
Nebraska,2022-10-23,58055608.49999999
Nebraska,2022-10-30,56993637.6
Nebraska,2022-11-06,117511436.9
Nebraska,2022-11-13,178029236.2
Nebraska,2022-11-20,59455635.0
Nebraska,2022-11-27,57463118.099999994
Nebraska,2022-12-04,60509203.14999999
Nebraska,2022-12-11,63555288.199999996
Nebraska,2022-12-18,60849963.1
Nebraska,2022-12-25,61161805.6
Nebraska,2023-01-01,54783969.0
Nebraska,2023-01-08,55491927.95
Nebraska,2023-01-15,56199886.9
Nebraska,2023-01-22,54665878.300000004
Nebraska,2023-01-29,56352509.8
Nebraska,2023-02-05,61436800.6
Nebraska,2023-02-12,59143081.05
Nebraska,2023-02-19,56849361.5
Nebraska,2023-02-26,57354969.099999994
Nebraska,2023-03-05,58820389.766666666
Nebraska,2023-03-12,60285810.43333333
Nebraska,2023-03-19,61751231.1
Nebraska,2023-03-26,58216655.9
Nebraska,2023-04-02,59874718.3
Nebraska,2023-04-09,61532780.7
Nebraska,2023-04-16,63190843.1
Nebraska,2023-04-23,63119162.900000006
Nebraska,2023-04-30,64836582.4
Nebraska,2023-05-07,120077832.69999999
Nebraska,2023-05-14,114093527.87777777
Nebraska,2023-05-21,108109223.05555555
Nebraska,2023-05-28,102124918.23333332
Nebraska,2023-06-04,96140613.4111111
Nebraska,2023-06-11,90156308.58888888
Nebraska,2023-06-18,84172003.76666667
Nebraska,2023-06-25,78187698.94444445
Nebraska,2023-07-02,72203394.12222221
Nebraska,2023-07-09,66219089.300000004
Nebraska,2023-07-16,63420794.5
Nebraska,2023-07-23,60622499.7
Nebraska,2023-07-30,57824204.9
Nebraska,2023-08-06,55025910.099999994
Nebraska,2023-08-13,57052579.66
Nebraska,2023-08-20,59079249.22
Nebraska,2023-08-27,61105918.78
Nebraska,2023-09-03,63132588.339999996
Nebraska,2023-09-10,65159257.9
Nebraska,2023-09-17,69937717.23333333
Nebraska,2023-09-24,74716176.56666666
Nebraska,2023-10-01,79494635.9
Nebraska,2023-10-08,84273095.23333333
Nebraska,2023-10-15,89051554.56666666
Nebraska,2023-10-22,93830013.9
Nebraska,2023-10-29,98608473.23333333
Nebraska,2023-11-05,103386932.56666666
Nebraska,2023-11-12,108165391.9
Nebraska,2023-11-19,112943851.23333335
Nebraska,2023-11-26,117722310.56666666
Nebraska,2023-12-03,122500769.9
Nevada,2019-01-13,51173890.3
Nevada,2019-01-20,51670748.83333333
Nevada,2019-01-27,52167607.36666667
Nevada,2019-02-03,52664465.9
Nevada,2019-02-10,53161324.43333333
Nevada,2019-02-17,53658182.96666667
Nevada,2019-02-24,54155041.5
Nevada,2019-03-03,54651900.03333333
Nevada,2019-03-10,55148758.56666667
Nevada,2019-03-17,55645617.1
Nevada,2019-03-24,55949666.50769231
Nevada,2019-03-31,56253715.91538461
Nevada,2019-04-07,56557765.323076926
Nevada,2019-04-14,56861814.73076923
Nevada,2019-04-21,57165864.13846154
Nevada,2019-04-28,57469913.54615384
Nevada,2019-05-05,57773962.95384616
Nevada,2019-05-12,58078012.36153846
Nevada,2019-05-19,58382061.76923077
Nevada,2019-05-26,58686111.176923074
Nevada,2019-06-02,58990160.58461539
Nevada,2019-06-09,59294209.99230769
Nevada,2019-06-16,59598259.4
Nevada,2019-06-23,58730400.01111111
Nevada,2019-06-30,57862540.62222222
Nevada,2019-07-07,56994681.233333334
Nevada,2019-07-14,56126821.844444446
Nevada,2019-07-21,55258962.45555556
Nevada,2019-07-28,54391103.06666666
Nevada,2019-08-04,53523243.677777775
Nevada,2019-08-11,52655384.28888889
Nevada,2019-08-18,51787524.9
Nevada,2019-08-25,59500714.9
Nevada,2019-09-01,67213904.89999999
Nevada,2019-09-08,74927094.89999999
Nevada,2019-09-15,82640284.89999999
Nevada,2019-09-22,90353474.89999999
Nevada,2019-09-29,98066664.89999999
Nevada,2019-10-06,105779854.89999999
Nevada,2019-10-13,113493044.89999999
Nevada,2019-10-20,55655904.8
Nevada,2019-10-27,55435694.6
Nevada,2019-11-03,55356637.13333333
Nevada,2019-11-10,55277579.66666667
Nevada,2019-11-17,55198522.2
Nevada,2019-11-24,53734862.2
Nevada,2019-12-01,53328596.1
Nevada,2019-12-08,52922330.0
Nevada,2019-12-15,52516063.9
Nevada,2019-12-22,54479449.6
Nevada,2019-12-29,51213463.6
Nevada,2020-01-05,57088407.1
Nevada,2020-01-12,57755196.8
Nevada,2020-01-19,51146175.8
Nevada,2020-01-26,52519403.0
Nevada,2020-02-02,53906523.800000004
Nevada,2020-02-09,66665727.0
Nevada,2020-02-16,51464698.3
Nevada,2020-02-23,51884020.699999996
Nevada,2020-03-01,57996656.3
Nevada,2020-03-08,64109291.9
Nevada,2020-03-15,66151205.8
Nevada,2020-03-22,61176731.099999994
Nevada,2020-03-29,53269142.9
Nevada,2020-04-05,57509125.0
Nevada,2020-04-12,61749107.1
Nevada,2020-04-19,57376305.4
Nevada,2020-04-26,59408862.8
Nevada,2020-05-03,54213053.1
Nevada,2020-05-10,127557683.4
Nevada,2020-05-17,61020764.4
Nevada,2020-05-24,60459075.599999994
Nevada,2020-05-31,61455633.7
Nevada,2020-06-07,123338000.25
Nevada,2020-06-14,185220366.8
Nevada,2020-06-21,63040337.3
Nevada,2020-06-28,64796346.7
Nevada,2020-07-05,64900051.2
Nevada,2020-07-12,65003755.699999996
Nevada,2020-07-19,66949515.3
Nevada,2020-07-26,65194968.5
Nevada,2020-08-02,62884976.5
Nevada,2020-08-09,60574984.5
Nevada,2020-08-16,128920974.69999999
Nevada,2020-08-23,66356209.6
Nevada,2020-08-30,66872972.800000004
Nevada,2020-09-06,51924422.1
Nevada,2020-09-13,131152686.7
Nevada,2020-09-20,62159596.699999996
Nevada,2020-09-27,61668977.300000004
Nevada,2020-10-04,62383137.55
Nevada,2020-10-11,63097297.8
Nevada,2020-10-18,60246780.9
Nevada,2020-10-25,58891008.7
Nevada,2020-11-01,79299966.0
Nevada,2020-11-08,99708923.3
Nevada,2020-11-15,120117880.6
Nevada,2020-11-22,58341571.7
Nevada,2020-11-29,53400289.1
Nevada,2020-12-06,107984112.9
Nevada,2020-12-13,122662187.1
Nevada,2020-12-20,55959938.3
Nevada,2020-12-27,53278906.8
Nevada,2021-01-03,61308717.3
Nevada,2021-01-10,69338527.8
Nevada,2021-01-17,55590849.800000004
Nevada,2021-01-24,54377455.9
Nevada,2021-01-31,54141628.5
Nevada,2021-02-07,66299297.099999994
Nevada,2021-02-14,57221257.800000004
Nevada,2021-02-21,56002331.699999996
Nevada,2021-02-28,57822289.9
Nevada,2021-03-07,56399456.2
Nevada,2021-03-14,166622876.2
Nevada,2021-03-21,64935937.099999994
Nevada,2021-03-28,55694462.0
Nevada,2021-04-04,62557191.0
Nevada,2021-04-11,73900786.6
Nevada,2021-04-18,61428868.9
Nevada,2021-04-25,63278447.6
Nevada,2021-05-02,67695079.5
Nevada,2021-05-09,72111711.4
Nevada,2021-05-16,152411330.8
Nevada,2021-05-23,66098472.6
Nevada,2021-05-30,68088692.10000001
Nevada,2021-06-06,70028861.5
Nevada,2021-06-13,67859294.6
Nevada,2021-06-20,71300166.6
Nevada,2021-06-27,70658002.5
Nevada,2021-07-04,121506874.79999998
Nevada,2021-07-11,92345973.2
Nevada,2021-07-18,73060443.6
Nevada,2021-07-25,70156232.6
Nevada,2021-08-01,71475053.0
Nevada,2021-08-08,72793873.4
Nevada,2021-08-15,73839067.1
Nevada,2021-08-22,71018290.9
Nevada,2021-08-29,69929213.8
Nevada,2021-09-05,68671167.4
Nevada,2021-09-12,69094227.1
Nevada,2021-09-19,69517286.8
Nevada,2021-09-26,68281704.8
Nevada,2021-10-03,56092415.6
Nevada,2021-10-10,94869755.99999999
Nevada,2021-10-17,92490700.69999999
Nevada,2021-10-24,92985095.5
Nevada,2021-10-31,93071769.2
Nevada,2021-11-07,135348125.89999998
Nevada,2021-11-14,92148150.8
Nevada,2021-11-21,91842416.89999999
Nevada,2021-11-28,84566190.8
Nevada,2021-12-05,120922997.35
Nevada,2021-12-12,157279803.9
Nevada,2021-12-19,87815423.0
Nevada,2021-12-26,85598096.29999998
Nevada,2022-01-02,92985738.69999999
Nevada,2022-01-09,100373381.1
Nevada,2022-01-16,87498305.5
Nevada,2022-01-23,85908588.1
Nevada,2022-01-30,84537713.6
Nevada,2022-02-06,87627145.4
Nevada,2022-02-13,189589031.7
Nevada,2022-02-20,86424096.0
Nevada,2022-02-27,89601701.6
Nevada,2022-03-06,100330710.7
Nevada,2022-03-13,204660411.39999998
Nevada,2022-03-20,94353742.1
Nevada,2022-03-27,95719422.4
Nevada,2022-04-03,103171164.2
Nevada,2022-04-10,110622906.0
Nevada,2022-04-17,190506546.8
Nevada,2022-04-24,97881484.5
Nevada,2022-05-01,102666257.5
Nevada,2022-05-08,107451030.50000001
Nevada,2022-05-15,102195107.8
Nevada,2022-05-22,102231900.6
Nevada,2022-05-29,104453181.79999998
Nevada,2022-06-05,178410842.5
Nevada,2022-06-12,97736557.1
Nevada,2022-06-19,107987658.5
Nevada,2022-06-26,104905198.6
Nevada,2022-07-03,107294813.15
Nevada,2022-07-10,109684427.7
Nevada,2022-07-17,111229609.8
Nevada,2022-07-24,107725766.69999999
Nevada,2022-07-31,105182078.6
Nevada,2022-08-07,102374029.79999998
Nevada,2022-08-14,111445679.8
Nevada,2022-08-21,107279199.0
Nevada,2022-08-28,108306288.8
Nevada,2022-09-04,86588436.60000001
Nevada,2022-09-11,102194629.3
Nevada,2022-09-18,102953859.39999999
Nevada,2022-09-25,100958964.60000001
Nevada,2022-10-02,155873186.95000002
Nevada,2022-10-09,210787409.3
Nevada,2022-10-16,100996829.79999998
Nevada,2022-10-23,99022283.4
Nevada,2022-10-30,95957194.7
Nevada,2022-11-06,197141234.05
Nevada,2022-11-13,298325273.4
Nevada,2022-11-20,96374655.8
Nevada,2022-11-27,91839129.4
Nevada,2022-12-04,100120065.8
Nevada,2022-12-11,108401002.19999999
Nevada,2022-12-18,93810021.9
Nevada,2022-12-25,94688707.10000001
Nevada,2023-01-01,90694672.1
Nevada,2023-01-08,91329281.3
Nevada,2023-01-15,91963890.5
Nevada,2023-01-22,90952640.00000001
Nevada,2023-01-29,90204646.5
Nevada,2023-02-05,98266678.1
Nevada,2023-02-12,96291375.35
Nevada,2023-02-19,94316072.6
Nevada,2023-02-26,93720961.19999999
Nevada,2023-03-05,96904442.23333332
Nevada,2023-03-12,100087923.26666667
Nevada,2023-03-19,103271404.3
Nevada,2023-03-26,93906381.5
Nevada,2023-04-02,96546944.26666667
Nevada,2023-04-09,99187507.03333335
Nevada,2023-04-16,101828069.80000001
Nevada,2023-04-23,101025635.0
Nevada,2023-04-30,107343566.20000002
Nevada,2023-05-07,193071561.2
Nevada,2023-05-14,183760180.2111111
Nevada,2023-05-21,174448799.2222222
Nevada,2023-05-28,165137418.23333332
Nevada,2023-06-04,155826037.24444443
Nevada,2023-06-11,146514656.25555554
Nevada,2023-06-18,137203275.26666665
Nevada,2023-06-25,127891894.27777778
Nevada,2023-07-02,118580513.28888889
Nevada,2023-07-09,109269132.3
Nevada,2023-07-16,104672949.0
Nevada,2023-07-23,100076765.7
Nevada,2023-07-30,95480582.4
Nevada,2023-08-06,90884399.10000001
Nevada,2023-08-13,93219942.94
Nevada,2023-08-20,95555486.78
Nevada,2023-08-27,97891030.61999999
Nevada,2023-09-03,100226574.46
Nevada,2023-09-10,102562118.29999998
Nevada,2023-09-17,111135573.97499998
Nevada,2023-09-24,119709029.64999998
Nevada,2023-10-01,128282485.32499999
Nevada,2023-10-08,136855940.99999997
Nevada,2023-10-15,145429396.67499998
Nevada,2023-10-22,154002852.34999996
Nevada,2023-10-29,162576308.02499998
Nevada,2023-11-05,171149763.7
Nevada,2023-11-12,179723219.37499997
Nevada,2023-11-19,188296675.04999995
Nevada,2023-11-26,196870130.72499996
Nevada,2023-12-03,205443586.39999998
New Hampshire,2019-01-13,30014723.099999998
New Hampshire,2019-01-20,29904935.377777778
New Hampshire,2019-01-27,29795147.655555554
New Hampshire,2019-02-03,29685359.933333334
New Hampshire,2019-02-10,29575572.21111111
New Hampshire,2019-02-17,29465784.48888889
New Hampshire,2019-02-24,29355996.766666666
New Hampshire,2019-03-03,29246209.044444446
New Hampshire,2019-03-10,29136421.32222222
New Hampshire,2019-03-17,29026633.6
New Hampshire,2019-03-24,29131417.730769232
New Hampshire,2019-03-31,29236201.861538462
New Hampshire,2019-04-07,29340985.992307693
New Hampshire,2019-04-14,29445770.123076923
New Hampshire,2019-04-21,29550554.253846154
New Hampshire,2019-04-28,29655338.384615384
New Hampshire,2019-05-05,29760122.51538462
New Hampshire,2019-05-12,29864906.64615385
New Hampshire,2019-05-19,29969690.77692308
New Hampshire,2019-05-26,30074474.90769231
New Hampshire,2019-06-02,30179259.03846154
New Hampshire,2019-06-09,30284043.16923077
New Hampshire,2019-06-16,30388827.3
New Hampshire,2019-06-23,30264766.855555557
New Hampshire,2019-06-30,30140706.411111113
New Hampshire,2019-07-07,30016645.96666667
New Hampshire,2019-07-14,29892585.522222225
New Hampshire,2019-07-21,29768525.077777777
New Hampshire,2019-07-28,29644464.633333333
New Hampshire,2019-08-04,29520404.18888889
New Hampshire,2019-08-11,29396343.744444445
New Hampshire,2019-08-18,29272283.3
New Hampshire,2019-08-25,33162483.9875
New Hampshire,2019-09-01,37052684.675
New Hampshire,2019-09-08,40942885.3625
New Hampshire,2019-09-15,44833086.05
New Hampshire,2019-09-22,48723286.7375
New Hampshire,2019-09-29,52613487.425
New Hampshire,2019-10-06,56503688.1125
New Hampshire,2019-10-13,60393888.8
New Hampshire,2019-10-20,29490225.1
New Hampshire,2019-10-27,29239812.099999998
New Hampshire,2019-11-03,29278138.666666664
New Hampshire,2019-11-10,29316465.233333334
New Hampshire,2019-11-17,29354791.8
New Hampshire,2019-11-24,30142040.200000003
New Hampshire,2019-12-01,30133131.333333336
New Hampshire,2019-12-08,30124222.466666665
New Hampshire,2019-12-15,30115313.599999998
New Hampshire,2019-12-22,32255625.2
New Hampshire,2019-12-29,30736142.0
New Hampshire,2020-01-05,29922101.6
New Hampshire,2020-01-12,31051551.900000002
New Hampshire,2020-01-19,31135065.5
New Hampshire,2020-01-26,27847796.599999998
New Hampshire,2020-02-02,29896449.0
New Hampshire,2020-02-09,39238217.0
New Hampshire,2020-02-16,29302520.5
New Hampshire,2020-02-23,30183516.2
New Hampshire,2020-03-01,31518300.6
New Hampshire,2020-03-08,32853085.0
New Hampshire,2020-03-15,35697444.5
New Hampshire,2020-03-22,35486245.0
New Hampshire,2020-03-29,30528128.3
New Hampshire,2020-04-05,31726514.6
New Hampshire,2020-04-12,32924900.9
New Hampshire,2020-04-19,32103743.099999998
New Hampshire,2020-04-26,30844385.2
New Hampshire,2020-05-03,30026948.7
New Hampshire,2020-05-10,72385455.6
New Hampshire,2020-05-17,34103279.300000004
New Hampshire,2020-05-24,37866614.699999996
New Hampshire,2020-05-31,37102777.1
New Hampshire,2020-06-07,70060245.9
New Hampshire,2020-06-14,103017714.7
New Hampshire,2020-06-21,38284286.800000004
New Hampshire,2020-06-28,38520872.2
New Hampshire,2020-07-05,37873746.75
New Hampshire,2020-07-12,37226621.3
New Hampshire,2020-07-19,38178047.5
New Hampshire,2020-07-26,37873621.900000006
New Hampshire,2020-08-02,35113799.6
New Hampshire,2020-08-09,32353977.299999997
New Hampshire,2020-08-16,69881253.4
New Hampshire,2020-08-23,36552859.3
New Hampshire,2020-08-30,35836628.9
New Hampshire,2020-09-06,29766584.3
New Hampshire,2020-09-13,72124372.6
New Hampshire,2020-09-20,33158475.099999998
New Hampshire,2020-09-27,33508106.5
New Hampshire,2020-10-04,34087053.4
New Hampshire,2020-10-11,34666000.3
New Hampshire,2020-10-18,32058521.7
New Hampshire,2020-10-25,31626287.5
New Hampshire,2020-11-01,42795074.63333333
New Hampshire,2020-11-08,53963861.766666666
New Hampshire,2020-11-15,65132648.900000006
New Hampshire,2020-11-22,32459420.1
New Hampshire,2020-11-29,32125005.1
New Hampshire,2020-12-06,60461866.8
New Hampshire,2020-12-13,70201598.5
New Hampshire,2020-12-20,32669917.0
New Hampshire,2020-12-27,33244408.3
New Hampshire,2021-01-03,36872797.1
New Hampshire,2021-01-10,40501185.9
New Hampshire,2021-01-17,32167009.6
New Hampshire,2021-01-24,31240084.5
New Hampshire,2021-01-31,31471486.1
New Hampshire,2021-02-07,35119245.1
New Hampshire,2021-02-14,31543624.5
New Hampshire,2021-02-21,31847487.2
New Hampshire,2021-02-28,32073494.8
New Hampshire,2021-03-07,31933909.3
New Hampshire,2021-03-14,88895054.0
New Hampshire,2021-03-21,38079479.6
New Hampshire,2021-03-28,33192865.9
New Hampshire,2021-04-04,33779494.1
New Hampshire,2021-04-11,42298976.1
New Hampshire,2021-04-18,33368291.6
New Hampshire,2021-04-25,34360725.4
New Hampshire,2021-05-02,36203289.8
New Hampshire,2021-05-09,38045854.199999996
New Hampshire,2021-05-16,85309493.6
New Hampshire,2021-05-23,40747387.599999994
New Hampshire,2021-05-30,40502697.300000004
New Hampshire,2021-06-06,39191943.2
New Hampshire,2021-06-13,40628716.3
New Hampshire,2021-06-20,41412908.5
New Hampshire,2021-06-27,40777134.4
New Hampshire,2021-07-04,66409383.400000006
New Hampshire,2021-07-11,49261485.2
New Hampshire,2021-07-18,38963245.1
New Hampshire,2021-07-25,39836006.0
New Hampshire,2021-08-01,40230817.2
New Hampshire,2021-08-08,40625628.4
New Hampshire,2021-08-15,41839783.0
New Hampshire,2021-08-22,39861527.099999994
New Hampshire,2021-08-29,38398795.800000004
New Hampshire,2021-09-05,36528984.199999996
New Hampshire,2021-09-12,36396842.349999994
New Hampshire,2021-09-19,36264700.5
New Hampshire,2021-09-26,36027614.199999996
New Hampshire,2021-10-03,31496746.099999998
New Hampshire,2021-10-10,51298673.3
New Hampshire,2021-10-17,50137668.5
New Hampshire,2021-10-24,49095898.300000004
New Hampshire,2021-10-31,47991923.2
New Hampshire,2021-11-07,73104496.7
New Hampshire,2021-11-14,50090021.49999999
New Hampshire,2021-11-21,50209311.0
New Hampshire,2021-11-28,47449320.5
New Hampshire,2021-12-05,67174181.7
New Hampshire,2021-12-12,86899042.9
New Hampshire,2021-12-19,52082492.7
New Hampshire,2021-12-26,50332518.2
New Hampshire,2022-01-02,51171390.95
New Hampshire,2022-01-09,52010263.7
New Hampshire,2022-01-16,50778007.599999994
New Hampshire,2022-01-23,47083638.300000004
New Hampshire,2022-01-30,49473196.5
New Hampshire,2022-02-06,48781954.0
New Hampshire,2022-02-13,102425041.69999999
New Hampshire,2022-02-20,48294873.300000004
New Hampshire,2022-02-27,48623462.2
New Hampshire,2022-03-06,51722980.3
New Hampshire,2022-03-13,116595199.7
New Hampshire,2022-03-20,50241875.9
New Hampshire,2022-03-27,50208271.7
New Hampshire,2022-04-03,53971192.60000001
New Hampshire,2022-04-10,57734113.50000001
New Hampshire,2022-04-17,104103173.80000001
New Hampshire,2022-04-24,50093974.7
New Hampshire,2022-05-01,54316675.95
New Hampshire,2022-05-08,58539377.2
New Hampshire,2022-05-15,56179143.599999994
New Hampshire,2022-05-22,60562857.6
New Hampshire,2022-05-29,59898216.9
New Hampshire,2022-06-05,98549223.0
New Hampshire,2022-06-12,52322432.699999996
New Hampshire,2022-06-19,60192375.79999999
New Hampshire,2022-06-26,60473076.4
New Hampshire,2022-07-03,61537224.45
New Hampshire,2022-07-10,62601372.5
New Hampshire,2022-07-17,61159798.4
New Hampshire,2022-07-24,61319366.5
New Hampshire,2022-07-31,61426228.800000004
New Hampshire,2022-08-07,55148842.8
New Hampshire,2022-08-14,61682528.8
New Hampshire,2022-08-21,60013247.0
New Hampshire,2022-08-28,58858242.0
New Hampshire,2022-09-04,48107985.6
New Hampshire,2022-09-11,54403685.50000001
New Hampshire,2022-09-18,54738524.6
New Hampshire,2022-09-25,53724330.6
New Hampshire,2022-10-02,82695393.85
New Hampshire,2022-10-09,111666457.1
New Hampshire,2022-10-16,53561159.7
New Hampshire,2022-10-23,52365556.99999999
New Hampshire,2022-10-30,51488264.099999994
New Hampshire,2022-11-06,106031810.65
New Hampshire,2022-11-13,160575357.20000002
New Hampshire,2022-11-20,52552324.199999996
New Hampshire,2022-11-27,52622464.6
New Hampshire,2022-12-04,56846749.15
New Hampshire,2022-12-11,61071033.699999996
New Hampshire,2022-12-18,54150224.5
New Hampshire,2022-12-25,57231235.9
New Hampshire,2023-01-01,50635755.4
New Hampshire,2023-01-08,51193793.15
New Hampshire,2023-01-15,51751830.9
New Hampshire,2023-01-22,50802223.6
New Hampshire,2023-01-29,51809478.4
New Hampshire,2023-02-05,52166466.6
New Hampshire,2023-02-12,51870912.45
New Hampshire,2023-02-19,51575358.300000004
New Hampshire,2023-02-26,51669987.6
New Hampshire,2023-03-05,53627692.800000004
New Hampshire,2023-03-12,55585398.0
New Hampshire,2023-03-19,57543103.2
New Hampshire,2023-03-26,52159633.6
New Hampshire,2023-04-02,53384661.766666666
New Hampshire,2023-04-09,54609689.93333334
New Hampshire,2023-04-16,55834718.1
New Hampshire,2023-04-23,54460243.300000004
New Hampshire,2023-04-30,55296067.4
New Hampshire,2023-05-07,103694360.4
New Hampshire,2023-05-14,98765727.03333333
New Hampshire,2023-05-21,93837093.66666667
New Hampshire,2023-05-28,88908460.30000001
New Hampshire,2023-06-04,83979826.93333334
New Hampshire,2023-06-11,79051193.56666666
New Hampshire,2023-06-18,74122560.2
New Hampshire,2023-06-25,69193926.83333334
New Hampshire,2023-07-02,64265293.46666667
New Hampshire,2023-07-09,59336660.1
New Hampshire,2023-07-16,57145909.95
New Hampshire,2023-07-23,54955159.8
New Hampshire,2023-07-30,52764409.65
New Hampshire,2023-08-06,50573659.5
New Hampshire,2023-08-13,51696849.14
New Hampshire,2023-08-20,52820038.78
New Hampshire,2023-08-27,53943228.419999994
New Hampshire,2023-09-03,55066418.059999995
New Hampshire,2023-09-10,56189607.699999996
New Hampshire,2023-09-17,60844615.949999996
New Hampshire,2023-09-24,65499624.199999996
New Hampshire,2023-10-01,70154632.45
New Hampshire,2023-10-08,74809640.7
New Hampshire,2023-10-15,79464648.95
New Hampshire,2023-10-22,84119657.2
New Hampshire,2023-10-29,88774665.45
New Hampshire,2023-11-05,93429673.7
New Hampshire,2023-11-12,98084681.95
New Hampshire,2023-11-19,102739690.2
New Hampshire,2023-11-26,107394698.45
New Hampshire,2023-12-03,112049706.7
New Mexico,2019-01-13,34731555.300000004
New Mexico,2019-01-20,34866478.2
New Mexico,2019-01-27,35001401.1
New Mexico,2019-02-03,35136324.0
New Mexico,2019-02-10,35271246.9
New Mexico,2019-02-17,35406169.800000004
New Mexico,2019-02-24,35541092.7
New Mexico,2019-03-03,35676015.6
New Mexico,2019-03-10,35810938.5
New Mexico,2019-03-17,35945861.4
New Mexico,2019-03-24,36264751.4
New Mexico,2019-03-31,36583641.4
New Mexico,2019-04-07,36902531.4
New Mexico,2019-04-14,37221421.4
New Mexico,2019-04-21,37540311.4
New Mexico,2019-04-28,37859201.4
New Mexico,2019-05-05,38178091.4
New Mexico,2019-05-12,38496981.4
New Mexico,2019-05-19,38815871.4
New Mexico,2019-05-26,39134761.4
New Mexico,2019-06-02,39453651.4
New Mexico,2019-06-09,39772541.4
New Mexico,2019-06-16,40091431.4
New Mexico,2019-06-23,39631497.07777777
New Mexico,2019-06-30,39171562.755555555
New Mexico,2019-07-07,38711628.43333333
New Mexico,2019-07-14,38251694.11111111
New Mexico,2019-07-21,37791759.78888889
New Mexico,2019-07-28,37331825.46666667
New Mexico,2019-08-04,36871891.14444444
New Mexico,2019-08-11,36411956.822222225
New Mexico,2019-08-18,35952022.5
New Mexico,2019-08-25,40949837.275
New Mexico,2019-09-01,45947652.05
New Mexico,2019-09-08,50945466.825
New Mexico,2019-09-15,55943281.6
New Mexico,2019-09-22,60941096.375
New Mexico,2019-09-29,65938911.150000006
New Mexico,2019-10-06,70936725.92500001
New Mexico,2019-10-13,75934540.7
New Mexico,2019-10-20,37190916.7
New Mexico,2019-10-27,35596520.1
New Mexico,2019-11-03,36115802.166666664
New Mexico,2019-11-10,36635084.233333334
New Mexico,2019-11-17,37154366.3
New Mexico,2019-11-24,37217286.2
New Mexico,2019-12-01,36945200.46666667
New Mexico,2019-12-08,36673114.733333334
New Mexico,2019-12-15,36401029.0
New Mexico,2019-12-22,39343626.6
New Mexico,2019-12-29,35439724.7
New Mexico,2020-01-05,38713023.1
New Mexico,2020-01-12,39125373.900000006
New Mexico,2020-01-19,36269988.6
New Mexico,2020-01-26,36273269.0
New Mexico,2020-02-02,37201589.2
New Mexico,2020-02-09,45176656.4
New Mexico,2020-02-16,35944339.6
New Mexico,2020-02-23,35819239.0
New Mexico,2020-03-01,39794116.0
New Mexico,2020-03-08,43768993.0
New Mexico,2020-03-15,46004343.199999996
New Mexico,2020-03-22,42466993.2
New Mexico,2020-03-29,38029662.4
New Mexico,2020-04-05,40230358.9
New Mexico,2020-04-12,42431055.4
New Mexico,2020-04-19,41407812.9
New Mexico,2020-04-26,40566801.800000004
New Mexico,2020-05-03,35901902.0
New Mexico,2020-05-10,89164029.6
New Mexico,2020-05-17,43271032.3
New Mexico,2020-05-24,44427197.8
New Mexico,2020-05-31,42166290.9
New Mexico,2020-06-07,85761028.15
New Mexico,2020-06-14,129355765.4
New Mexico,2020-06-21,45995632.2
New Mexico,2020-06-28,45735526.5
New Mexico,2020-07-05,45820376.55
New Mexico,2020-07-12,45905226.6
New Mexico,2020-07-19,47877362.5
New Mexico,2020-07-26,44376192.4
New Mexico,2020-08-02,42718927.15
New Mexico,2020-08-09,41061661.9
New Mexico,2020-08-16,88431787.4
New Mexico,2020-08-23,46196595.1
New Mexico,2020-08-30,45094273.7
New Mexico,2020-09-06,36835605.6
New Mexico,2020-09-13,89232221.0
New Mexico,2020-09-20,43001754.6
New Mexico,2020-09-27,41678895.199999996
New Mexico,2020-10-04,42895764.2
New Mexico,2020-10-11,44112633.2
New Mexico,2020-10-18,42993936.300000004
New Mexico,2020-10-25,40888288.699999996
New Mexico,2020-11-01,55694644.63333333
New Mexico,2020-11-08,70501000.56666666
New Mexico,2020-11-15,85307356.5
New Mexico,2020-11-22,41377704.9
New Mexico,2020-11-29,36433804.7
New Mexico,2020-12-06,77219157.80000001
New Mexico,2020-12-13,85695164.80000001
New Mexico,2020-12-20,41418275.400000006
New Mexico,2020-12-27,38397644.4
New Mexico,2021-01-03,42940713.349999994
New Mexico,2021-01-10,47483782.3
New Mexico,2021-01-17,40053651.5
New Mexico,2021-01-24,38188272.9
New Mexico,2021-01-31,37947498.5
New Mexico,2021-02-07,46213010.4
New Mexico,2021-02-14,40163112.4
New Mexico,2021-02-21,38223577.8
New Mexico,2021-02-28,39600956.8
New Mexico,2021-03-07,38562490.2
New Mexico,2021-03-14,114980172.8
New Mexico,2021-03-21,46714557.4
New Mexico,2021-03-28,40996188.199999996
New Mexico,2021-04-04,43942929.0
New Mexico,2021-04-11,50052131.4
New Mexico,2021-04-18,44962387.199999996
New Mexico,2021-04-25,44677646.4
New Mexico,2021-05-02,47092168.2
New Mexico,2021-05-09,49506690.0
New Mexico,2021-05-16,107432226.30000001
New Mexico,2021-05-23,48657045.1
New Mexico,2021-05-30,47681199.2
New Mexico,2021-06-06,48442416.5
New Mexico,2021-06-13,50541679.4
New Mexico,2021-06-20,51622626.3
New Mexico,2021-06-27,49736722.0
New Mexico,2021-07-04,83916663.2
New Mexico,2021-07-11,62953004.300000004
New Mexico,2021-07-18,51469304.8
New Mexico,2021-07-25,48189475.300000004
New Mexico,2021-08-01,49256769.45
New Mexico,2021-08-08,50324063.599999994
New Mexico,2021-08-15,52731698.300000004
New Mexico,2021-08-22,50253944.900000006
New Mexico,2021-08-29,48371189.099999994
New Mexico,2021-09-05,48904959.3
New Mexico,2021-09-12,48610644.699999996
New Mexico,2021-09-19,48316330.099999994
New Mexico,2021-09-26,47411061.4
New Mexico,2021-10-03,39597266.4
New Mexico,2021-10-10,66629752.6
New Mexico,2021-10-17,65600558.5
New Mexico,2021-10-24,63451798.1
New Mexico,2021-10-31,61159836.0
New Mexico,2021-11-07,95057089.5
New Mexico,2021-11-14,65506574.900000006
New Mexico,2021-11-21,64818507.1
New Mexico,2021-11-28,57153027.099999994
New Mexico,2021-12-05,82930467.89999999
New Mexico,2021-12-12,108707908.69999999
New Mexico,2021-12-19,64698894.4
New Mexico,2021-12-26,61161254.3
New Mexico,2022-01-02,64838394.949999996
New Mexico,2022-01-09,68515535.6
New Mexico,2022-01-16,61749482.800000004
New Mexico,2022-01-23,60744229.9
New Mexico,2022-01-30,60361172.9
New Mexico,2022-02-06,58452376.0
New Mexico,2022-02-13,133338052.39999999
New Mexico,2022-02-20,60394925.3
New Mexico,2022-02-27,62810971.300000004
New Mexico,2022-03-06,68359811.0
New Mexico,2022-03-13,139854233.10000002
New Mexico,2022-03-20,66565668.7
New Mexico,2022-03-27,65262781.79999999
New Mexico,2022-04-03,69682555.8
New Mexico,2022-04-10,74102329.8
New Mexico,2022-04-17,134728964.0
New Mexico,2022-04-24,67452372.0
New Mexico,2022-05-01,69826241.75
New Mexico,2022-05-08,72200111.5
New Mexico,2022-05-15,73606498.4
New Mexico,2022-05-22,72435035.30000001
New Mexico,2022-05-29,70972870.00000001
New Mexico,2022-06-05,127050351.30000001
New Mexico,2022-06-12,66563753.900000006
New Mexico,2022-06-19,77783194.30000001
New Mexico,2022-06-26,73187434.10000001
New Mexico,2022-07-03,74505884.9
New Mexico,2022-07-10,75824335.7
New Mexico,2022-07-17,77655782.1
New Mexico,2022-07-24,74746796.79999998
New Mexico,2022-07-31,72120689.00000001
New Mexico,2022-08-07,71471273.70000002
New Mexico,2022-08-14,77964361.2
New Mexico,2022-08-21,74119632.19999999
New Mexico,2022-08-28,72488256.80000001
New Mexico,2022-09-04,60024762.9
New Mexico,2022-09-11,70765027.3
New Mexico,2022-09-18,72357988.10000001
New Mexico,2022-09-25,71436619.3
New Mexico,2022-10-02,107672127.55000001
New Mexico,2022-10-09,143907635.8
New Mexico,2022-10-16,69638194.4
New Mexico,2022-10-23,67549879.7
New Mexico,2022-10-30,66018212.0
New Mexico,2022-11-06,137264830.95
New Mexico,2022-11-13,208511449.9
New Mexico,2022-11-20,70157411.9
New Mexico,2022-11-27,65043938.1
New Mexico,2022-12-04,70821746.45
New Mexico,2022-12-11,76599554.8
New Mexico,2022-12-18,70135624.0
New Mexico,2022-12-25,69624448.69999999
New Mexico,2023-01-01,62124093.8
New Mexico,2023-01-08,64049701.0
New Mexico,2023-01-15,65975308.2
New Mexico,2023-01-22,65131373.0
New Mexico,2023-01-29,64550347.9
New Mexico,2023-02-05,69116706.9
New Mexico,2023-02-12,68574366.80000001
New Mexico,2023-02-19,68032026.7
New Mexico,2023-02-26,66997848.50000001
New Mexico,2023-03-05,69583266.56666666
New Mexico,2023-03-12,72168684.63333333
New Mexico,2023-03-19,74754102.69999999
New Mexico,2023-03-26,66997769.199999996
New Mexico,2023-04-02,69690566.56666666
New Mexico,2023-04-09,72383363.93333334
New Mexico,2023-04-16,75076161.3
New Mexico,2023-04-23,73888832.49999999
New Mexico,2023-04-30,73958961.80000001
New Mexico,2023-05-07,136807662.9
New Mexico,2023-05-14,130438829.18888889
New Mexico,2023-05-21,124069995.47777778
New Mexico,2023-05-28,117701161.76666668
New Mexico,2023-06-04,111332328.05555555
New Mexico,2023-06-11,104963494.34444445
New Mexico,2023-06-18,98594660.63333334
New Mexico,2023-06-25,92225826.92222223
New Mexico,2023-07-02,85856993.21111111
New Mexico,2023-07-09,79488159.5
New Mexico,2023-07-16,75571539.05
New Mexico,2023-07-23,71654918.6
New Mexico,2023-07-30,67738298.15
New Mexico,2023-08-06,63821677.7
New Mexico,2023-08-13,65778642.580000006
New Mexico,2023-08-20,67735607.46000001
New Mexico,2023-08-27,69692572.34
New Mexico,2023-09-03,71649537.22000001
New Mexico,2023-09-10,73606502.10000001
New Mexico,2023-09-17,79613236.20833334
New Mexico,2023-09-24,85619970.31666668
New Mexico,2023-10-01,91626704.42500001
New Mexico,2023-10-08,97633438.53333335
New Mexico,2023-10-15,103640172.64166668
New Mexico,2023-10-22,109646906.75
New Mexico,2023-10-29,115653640.85833335
New Mexico,2023-11-05,121660374.96666667
New Mexico,2023-11-12,127667109.07500002
New Mexico,2023-11-19,133673843.18333334
New Mexico,2023-11-26,139680577.2916667
New Mexico,2023-12-03,145687311.4
New York,2019-01-13,240815212.20000002
New York,2019-01-20,240526864.63333336
New York,2019-01-27,240238517.0666667
New York,2019-02-03,239950169.5
New York,2019-02-10,239661821.93333334
New York,2019-02-17,239373474.36666667
New York,2019-02-24,239085126.8
New York,2019-03-03,238796779.23333332
New York,2019-03-10,238508431.66666666
New York,2019-03-17,238220084.1
New York,2019-03-24,239787224.3307692
New York,2019-03-31,241354364.56153846
New York,2019-04-07,242921504.79230767
New York,2019-04-14,244488645.02307692
New York,2019-04-21,246055785.25384614
New York,2019-04-28,247622925.4846154
New York,2019-05-05,249190065.7153846
New York,2019-05-12,250757205.94615385
New York,2019-05-19,252324346.17692307
New York,2019-05-26,253891486.4076923
New York,2019-06-02,255458626.63846153
New York,2019-06-09,257025766.86923075
New York,2019-06-16,258592907.1
New York,2019-06-23,256553002.87777779
New York,2019-06-30,254513098.65555555
New York,2019-07-07,252473194.43333334
New York,2019-07-14,250433290.2111111
New York,2019-07-21,248393385.9888889
New York,2019-07-28,246353481.76666665
New York,2019-08-04,244313577.54444444
New York,2019-08-11,242273673.3222222
New York,2019-08-18,240233769.1
New York,2019-08-25,272427930.2375
New York,2019-09-01,304622091.375
New York,2019-09-08,336816252.51250005
New York,2019-09-15,369010413.65000004
New York,2019-09-22,401204574.7875
New York,2019-09-29,433398735.9250001
New York,2019-10-06,465592897.0625
New York,2019-10-13,497787058.20000005
New York,2019-10-20,235475052.5
New York,2019-10-27,235756719.5
New York,2019-11-03,237142488.0
New York,2019-11-10,238528256.5
New York,2019-11-17,239914025.0
New York,2019-11-24,249630625.29999998
New York,2019-12-01,248802913.89999998
New York,2019-12-08,247975202.5
New York,2019-12-15,247147491.1
New York,2019-12-22,255211106.1
New York,2019-12-29,248394540.0
New York,2020-01-05,243570108.0
New York,2020-01-12,242029203.0
New York,2020-01-19,247951897.4
New York,2020-01-26,224104617.29999998
New York,2020-02-02,240088802.60000002
New York,2020-02-09,303165564.8
New York,2020-02-16,232977877.4
New York,2020-02-23,235085112.1
New York,2020-03-01,244547798.35
New York,2020-03-08,254010484.6
New York,2020-03-15,290204863.6
New York,2020-03-22,288087082.90000004
New York,2020-03-29,240171904.5
New York,2020-04-05,252296937.25
New York,2020-04-12,264421970.0
New York,2020-04-19,248987202.7
New York,2020-04-26,244370860.1
New York,2020-05-03,245424005.29999998
New York,2020-05-10,575057709.1
New York,2020-05-17,258711535.8
New York,2020-05-24,290287214.2
New York,2020-05-31,275277516.79999995
New York,2020-06-07,539387590.25
New York,2020-06-14,803497663.6999999
New York,2020-06-21,283288685.2
New York,2020-06-28,305546964.29999995
New York,2020-07-05,296603621.29999995
New York,2020-07-12,287660278.3
New York,2020-07-19,301434293.20000005
New York,2020-07-26,293590908.40000004
New York,2020-08-02,277660484.95000005
New York,2020-08-09,261730061.5
New York,2020-08-16,547742267.0
New York,2020-08-23,278739405.4
New York,2020-08-30,276545914.3
New York,2020-09-06,241490835.1
New York,2020-09-13,562337384.6
New York,2020-09-20,259300455.20000002
New York,2020-09-27,262863201.2
New York,2020-10-04,264485572.2
New York,2020-10-11,266107943.20000002
New York,2020-10-18,246736837.9
New York,2020-10-25,247228482.7
New York,2020-11-01,335683290.7
New York,2020-11-08,424138098.70000005
New York,2020-11-15,512592906.70000005
New York,2020-11-22,257463052.7
New York,2020-11-29,260037359.4
New York,2020-12-06,496342933.4
New York,2020-12-13,555669681.9
New York,2020-12-20,254085288.5
New York,2020-12-27,258533686.9
New York,2021-01-03,280191719.65000004
New York,2021-01-10,301849752.40000004
New York,2021-01-17,250502307.6
New York,2021-01-24,241055112.2
New York,2021-01-31,245213128.5
New York,2021-02-07,265315458.0
New York,2021-02-14,245769665.5
New York,2021-02-21,240380606.6
New York,2021-02-28,248778098.2
New York,2021-03-07,248280769.1
New York,2021-03-14,706866124.8
New York,2021-03-21,298280258.3
New York,2021-03-28,252738721.79999998
New York,2021-04-04,260397143.60000002
New York,2021-04-11,324347057.29999995
New York,2021-04-18,251939168.89999998
New York,2021-04-25,259017715.6
New York,2021-05-02,277343704.95
New York,2021-05-09,295669694.3
New York,2021-05-16,646694586.0
New York,2021-05-23,305640440.40000004
New York,2021-05-30,295447775.3
New York,2021-06-06,287621786.59999996
New York,2021-06-13,310781451.7
New York,2021-06-20,299271436.8
New York,2021-06-27,303611432.3
New York,2021-07-04,518706559.1
New York,2021-07-11,387419581.59999996
New York,2021-07-18,300180174.9
New York,2021-07-25,304886897.3
New York,2021-08-01,303963405.95000005
New York,2021-08-08,303039914.6
New York,2021-08-15,313023910.1
New York,2021-08-22,294983605.6
New York,2021-08-29,295457101.8
New York,2021-09-05,274095647.9
New York,2021-09-12,276696359.84999996
New York,2021-09-19,279297071.79999995
New York,2021-09-26,277853468.0
New York,2021-10-03,250105856.8
New York,2021-10-10,403148965.4
New York,2021-10-17,383288005.7
New York,2021-10-24,380250399.1
New York,2021-10-31,373302522.59999996
New York,2021-11-07,566193846.0
New York,2021-11-14,391749072.09999996
New York,2021-11-21,397448170.0
New York,2021-11-28,379356773.09999996
New York,2021-12-05,527452793.3499999
New York,2021-12-12,675548813.5999999
New York,2021-12-19,399508747.6
New York,2021-12-26,394759409.20000005
New York,2022-01-02,402077653.0500001
New York,2022-01-09,409395896.90000004
New York,2022-01-16,391697962.7
New York,2022-01-23,363372584.3
New York,2022-01-30,373188823.90000004
New York,2022-02-06,377001512.29999995
New York,2022-02-13,801980898.5
New York,2022-02-20,368925237.8
New York,2022-02-27,377390305.1
New York,2022-03-06,402829223.8
New York,2022-03-13,900143195.5
New York,2022-03-20,393035586.00000006
New York,2022-03-27,394467218.79999995
New York,2022-04-03,424347795.5
New York,2022-04-10,454228372.20000005
New York,2022-04-17,806359877.6999999
New York,2022-04-24,390688799.3999999
New York,2022-05-01,421752218.79999995
New York,2022-05-08,452815638.2
New York,2022-05-15,432556480.20000005
New York,2022-05-22,463629758.0
New York,2022-05-29,449893991.8
New York,2022-06-05,769258901.0
New York,2022-06-12,414658872.5
New York,2022-06-19,455675393.0
New York,2022-06-26,471218053.79999995
New York,2022-07-03,471461874.54999995
New York,2022-07-10,471705695.3
New York,2022-07-17,472504381.6
New York,2022-07-24,470465101.29999995
New York,2022-07-31,467768086.79999995
New York,2022-08-07,423986354.6
New York,2022-08-14,471032963.79999995
New York,2022-08-21,456045796.8
New York,2022-08-28,451314586.1
New York,2022-09-04,379375721.29999995
New York,2022-09-11,423193050.79999995
New York,2022-09-18,433258418.1
New York,2022-09-25,426238755.09999996
New York,2022-10-02,652029600.0
New York,2022-10-09,877820444.9000001
New York,2022-10-16,411644554.6
New York,2022-10-23,407301139.6
New York,2022-10-30,404190797.40000004
New York,2022-11-06,837294804.6500001
New York,2022-11-13,1270398811.9
New York,2022-11-20,413445518.9
New York,2022-11-27,426665131.49999994
New York,2022-12-04,445009411.9
New York,2022-12-11,463353692.3
New York,2022-12-18,421615746.1
New York,2022-12-25,442906401.20000005
New York,2023-01-01,398803114.4
New York,2023-01-08,401075812.75
New York,2023-01-15,403348511.1000001
New York,2023-01-22,393187482.5
New York,2023-01-29,394145632.90000004
New York,2023-02-05,413078347.70000005
New York,2023-02-12,405370537.8000001
New York,2023-02-19,397662727.90000004
New York,2023-02-26,399007848.79999995
New York,2023-03-05,418660498.0333333
New York,2023-03-12,438313147.2666666
New York,2023-03-19,457965796.49999994
New York,2023-03-26,406905861.1999999
New York,2023-04-02,417602724.49999994
New York,2023-04-09,428299587.8
New York,2023-04-16,438996451.1
New York,2023-04-23,422336065.40000004
New York,2023-04-30,427489274.7
New York,2023-05-07,825512080.5999999
New York,2023-05-14,783646323.8444444
New York,2023-05-21,741780567.0888889
New York,2023-05-28,699914810.3333333
New York,2023-06-04,658049053.5777777
New York,2023-06-11,616183296.8222222
New York,2023-06-18,574317540.0666666
New York,2023-06-25,532451783.3111111
New York,2023-07-02,490586026.5555556
New York,2023-07-09,448720269.8
New York,2023-07-16,436826852.775
New York,2023-07-23,424933435.75
New York,2023-07-30,413040018.725
New York,2023-08-06,401146601.7
New York,2023-08-13,408474417.03999996
New York,2023-08-20,415802232.38
New York,2023-08-27,423130047.71999997
New York,2023-09-03,430457863.06
New York,2023-09-10,437785678.4
New York,2023-09-17,474557117.72499996
New York,2023-09-24,511328557.05
New York,2023-10-01,548099996.375
New York,2023-10-08,584871435.7
New York,2023-10-15,621642875.0250001
New York,2023-10-22,658414314.35
New York,2023-10-29,695185753.6750001
New York,2023-11-05,731957193.0
New York,2023-11-12,768728632.325
New York,2023-11-19,805500071.6500001
New York,2023-11-26,842271510.9750001
New York,2023-12-03,879042950.3000001
North Carolina,2019-01-13,182341458.0
North Carolina,2019-01-20,183006369.44444445
North Carolina,2019-01-27,183671280.8888889
North Carolina,2019-02-03,184336192.33333334
North Carolina,2019-02-10,185001103.7777778
North Carolina,2019-02-17,185666015.2222222
North Carolina,2019-02-24,186330926.66666666
North Carolina,2019-03-03,186995838.1111111
North Carolina,2019-03-10,187660749.55555555
North Carolina,2019-03-17,188325661.0
North Carolina,2019-03-24,190217509.2153846
North Carolina,2019-03-31,192109357.43076923
North Carolina,2019-04-07,194001205.64615384
North Carolina,2019-04-14,195893053.86153847
North Carolina,2019-04-21,197784902.07692307
North Carolina,2019-04-28,199676750.29230767
North Carolina,2019-05-05,201568598.5076923
North Carolina,2019-05-12,203460446.7230769
North Carolina,2019-05-19,205352294.93846154
North Carolina,2019-05-26,207244143.15384614
North Carolina,2019-06-02,209135991.36923075
North Carolina,2019-06-09,211027839.58461538
North Carolina,2019-06-16,212919687.79999998
North Carolina,2019-06-23,210444947.49999997
North Carolina,2019-06-30,207970207.2
North Carolina,2019-07-07,205495466.89999998
North Carolina,2019-07-14,203020726.6
North Carolina,2019-07-21,200545986.29999998
North Carolina,2019-07-28,198071246.0
North Carolina,2019-08-04,195596505.7
North Carolina,2019-08-11,193121765.39999998
North Carolina,2019-08-18,190647025.1
North Carolina,2019-08-25,215575432.15
North Carolina,2019-09-01,240503839.2
North Carolina,2019-09-08,265432246.25
North Carolina,2019-09-15,290360653.3
North Carolina,2019-09-22,315289060.35
North Carolina,2019-09-29,340217467.4
North Carolina,2019-10-06,365145874.45
North Carolina,2019-10-13,390074281.5
North Carolina,2019-10-20,192796951.6
North Carolina,2019-10-27,185626410.7
North Carolina,2019-11-03,186113911.36666664
North Carolina,2019-11-10,186601412.03333333
North Carolina,2019-11-17,187088912.7
North Carolina,2019-11-24,188661091.3
North Carolina,2019-12-01,185868220.56666666
North Carolina,2019-12-08,183075349.83333334
North Carolina,2019-12-15,180282479.1
North Carolina,2019-12-22,202939686.0
North Carolina,2019-12-29,179605853.79999998
North Carolina,2020-01-05,191518854.6
North Carolina,2020-01-12,206272025.4
North Carolina,2020-01-19,182962942.3
North Carolina,2020-01-26,179715822.29999998
North Carolina,2020-02-02,186628119.5
North Carolina,2020-02-09,234057032.9
North Carolina,2020-02-16,180716589.6
North Carolina,2020-02-23,179535689.9
North Carolina,2020-03-01,198897200.35000002
North Carolina,2020-03-08,218258710.8
North Carolina,2020-03-15,232460480.1
North Carolina,2020-03-22,214675669.5
North Carolina,2020-03-29,198659312.4
North Carolina,2020-04-05,208855243.95
North Carolina,2020-04-12,219051175.5
North Carolina,2020-04-19,204203390.2
North Carolina,2020-04-26,203758326.60000002
North Carolina,2020-05-03,178890817.79999998
North Carolina,2020-05-10,443100272.8
North Carolina,2020-05-17,221743633.29999998
North Carolina,2020-05-24,226324934.60000002
North Carolina,2020-05-31,220754539.10000002
North Carolina,2020-06-07,439195399.55
North Carolina,2020-06-14,657636260.0
North Carolina,2020-06-21,221508792.7
North Carolina,2020-06-28,234828042.70000002
North Carolina,2020-07-05,231318579.8
North Carolina,2020-07-12,227809116.9
North Carolina,2020-07-19,239036601.89999998
North Carolina,2020-07-26,230211946.20000002
North Carolina,2020-08-02,213323920.8
North Carolina,2020-08-09,196435895.4
North Carolina,2020-08-16,434370946.1
North Carolina,2020-08-23,222834290.7
North Carolina,2020-08-30,233981320.7
North Carolina,2020-09-06,184957410.2
North Carolina,2020-09-13,448234356.9
North Carolina,2020-09-20,213160624.89999998
North Carolina,2020-09-27,213896721.7
North Carolina,2020-10-04,214181142.7
North Carolina,2020-10-11,214465563.7
North Carolina,2020-10-18,206647392.9
North Carolina,2020-10-25,207366034.7
North Carolina,2020-11-01,277044577.6333333
North Carolina,2020-11-08,346723120.56666666
North Carolina,2020-11-15,416401663.5
North Carolina,2020-11-22,210278427.5
North Carolina,2020-11-29,195949554.4
North Carolina,2020-12-06,388541071.7
North Carolina,2020-12-13,428171976.6999999
North Carolina,2020-12-20,211981451.29999998
North Carolina,2020-12-27,192971374.5
North Carolina,2021-01-03,226371697.3
North Carolina,2021-01-10,259772020.10000002
North Carolina,2021-01-17,198861442.39999998
North Carolina,2021-01-24,194192189.79999998
North Carolina,2021-01-31,194920348.2
North Carolina,2021-02-07,234669454.0
North Carolina,2021-02-14,193478579.0
North Carolina,2021-02-21,197170474.9
North Carolina,2021-02-28,205260322.1
North Carolina,2021-03-07,197454738.29999998
North Carolina,2021-03-14,589981476.9
North Carolina,2021-03-21,231871132.60000002
North Carolina,2021-03-28,214576034.4
North Carolina,2021-04-04,218644432.7
North Carolina,2021-04-11,262767858.1
North Carolina,2021-04-18,222625361.6
North Carolina,2021-04-25,219968570.0
North Carolina,2021-05-02,237786861.95
North Carolina,2021-05-09,255605153.9
North Carolina,2021-05-16,547538173.0999999
North Carolina,2021-05-23,237750009.0
North Carolina,2021-05-30,243956229.9
North Carolina,2021-06-06,245680592.3
North Carolina,2021-06-13,244831126.4
North Carolina,2021-06-20,240639005.6
North Carolina,2021-06-27,246422545.0
North Carolina,2021-07-04,411722806.0
North Carolina,2021-07-11,314989401.40000004
North Carolina,2021-07-18,255252518.7
North Carolina,2021-07-25,250374721.5
North Carolina,2021-08-01,250442373.45
North Carolina,2021-08-08,250510025.4
North Carolina,2021-08-15,252832997.60000002
North Carolina,2021-08-22,247922536.5
North Carolina,2021-08-29,254935959.8
North Carolina,2021-09-05,232823525.6
North Carolina,2021-09-12,234648036.95
North Carolina,2021-09-19,236472548.3
North Carolina,2021-09-26,229811508.5
North Carolina,2021-10-03,198023452.5
North Carolina,2021-10-10,329225662.8
North Carolina,2021-10-17,326334722.29999995
North Carolina,2021-10-24,321305791.3
North Carolina,2021-10-31,318918241.90000004
North Carolina,2021-11-07,471412287.9
North Carolina,2021-11-14,319937028.3
North Carolina,2021-11-21,323170370.3999999
North Carolina,2021-11-28,301100477.8
North Carolina,2021-12-05,421572581.1
North Carolina,2021-12-12,542044684.4
North Carolina,2021-12-19,324501073.0
North Carolina,2021-12-26,311816527.49999994
North Carolina,2022-01-02,335461696.45
North Carolina,2022-01-09,359106865.40000004
North Carolina,2022-01-16,317739309.0
North Carolina,2022-01-23,303277161.7
North Carolina,2022-01-30,305642940.4
North Carolina,2022-02-06,307769918.7
North Carolina,2022-02-13,671951687.8
North Carolina,2022-02-20,304085029.8000001
North Carolina,2022-02-27,320728629.4
North Carolina,2022-03-06,335983497.0
North Carolina,2022-03-13,718408777.1
North Carolina,2022-03-20,324796946.09999996
North Carolina,2022-03-27,331119761.6
North Carolina,2022-04-03,359441856.2
North Carolina,2022-04-10,387763950.79999995
North Carolina,2022-04-17,675967806.0
North Carolina,2022-04-24,338935745.09999996
North Carolina,2022-05-01,349765045.75
North Carolina,2022-05-08,360594346.4
North Carolina,2022-05-15,349324173.29999995
North Carolina,2022-05-22,375923742.09999996
North Carolina,2022-05-29,377415582.59999996
North Carolina,2022-06-05,634859372.0
North Carolina,2022-06-12,336065450.2
North Carolina,2022-06-19,374160521.20000005
North Carolina,2022-06-26,372911004.5
North Carolina,2022-07-03,379269677.95
North Carolina,2022-07-10,385628351.4
North Carolina,2022-07-17,373161786.59999996
North Carolina,2022-07-24,375550449.70000005
North Carolina,2022-07-31,388253575.70000005
North Carolina,2022-08-07,354025894.79999995
North Carolina,2022-08-14,383416220.6
North Carolina,2022-08-21,374279033.0
North Carolina,2022-08-28,390886096.09999996
North Carolina,2022-09-04,307415597.1
North Carolina,2022-09-11,346157532.6
North Carolina,2022-09-18,362873266.40000004
North Carolina,2022-09-25,364029671.7
North Carolina,2022-10-02,537062548.35
North Carolina,2022-10-09,710095425.0
North Carolina,2022-10-16,348578177.59999996
North Carolina,2022-10-23,341495601.8
North Carolina,2022-10-30,339188862.3999999
North Carolina,2022-11-06,683836529.8500001
North Carolina,2022-11-13,1028484197.3000002
North Carolina,2022-11-20,347135354.8
North Carolina,2022-11-27,327820083.9
North Carolina,2022-12-04,346419123.6
North Carolina,2022-12-11,365018163.3
North Carolina,2022-12-18,349522958.1
North Carolina,2022-12-25,344835446.70000005
North Carolina,2023-01-01,329375263.79999995
North Carolina,2023-01-08,333578497.7
North Carolina,2023-01-15,337781731.6
North Carolina,2023-01-22,319300279.9
North Carolina,2023-01-29,324629871.9
North Carolina,2023-02-05,350781557.1
North Carolina,2023-02-12,341391010.5
North Carolina,2023-02-19,332000463.9
North Carolina,2023-02-26,339919144.40000004
North Carolina,2023-03-05,347342984.70000005
North Carolina,2023-03-12,354766825.00000006
North Carolina,2023-03-19,362190665.3000001
North Carolina,2023-03-26,347895364.70000005
North Carolina,2023-04-02,352172406.53333336
North Carolina,2023-04-09,356449448.36666673
North Carolina,2023-04-16,360726490.20000005
North Carolina,2023-04-23,364452659.7
North Carolina,2023-04-30,368494193.6
North Carolina,2023-05-07,676708556.7
North Carolina,2023-05-14,642972986.5444444
North Carolina,2023-05-21,609237416.388889
North Carolina,2023-05-28,575501846.2333333
North Carolina,2023-06-04,541766276.0777779
North Carolina,2023-06-11,508030705.92222226
North Carolina,2023-06-18,474295135.76666665
North Carolina,2023-06-25,440559565.6111111
North Carolina,2023-07-02,406823995.45555556
North Carolina,2023-07-09,373088425.3
North Carolina,2023-07-16,360543807.725
North Carolina,2023-07-23,347999190.15
North Carolina,2023-07-30,335454572.575
North Carolina,2023-08-06,322909955.0
North Carolina,2023-08-13,330316012.84
North Carolina,2023-08-20,337722070.68
North Carolina,2023-08-27,345128128.52
North Carolina,2023-09-03,352534186.36
North Carolina,2023-09-10,359940244.2
North Carolina,2023-09-17,389425323.89166665
North Carolina,2023-09-24,418910403.5833333
North Carolina,2023-10-01,448395483.275
North Carolina,2023-10-08,477880562.96666664
North Carolina,2023-10-15,507365642.6583333
North Carolina,2023-10-22,536850722.35
North Carolina,2023-10-29,566335802.0416666
North Carolina,2023-11-05,595820881.7333333
North Carolina,2023-11-12,625305961.425
North Carolina,2023-11-19,654791041.1166667
North Carolina,2023-11-26,684276120.8083334
North Carolina,2023-12-03,713761200.5
Ohio,2019-01-13,194452564.4
Ohio,2019-01-20,194856401.5111111
Ohio,2019-01-27,195260238.62222221
Ohio,2019-02-03,195664075.73333335
Ohio,2019-02-10,196067912.84444445
Ohio,2019-02-17,196471749.95555556
Ohio,2019-02-24,196875587.06666666
Ohio,2019-03-03,197279424.1777778
Ohio,2019-03-10,197683261.2888889
Ohio,2019-03-17,198087098.4
Ohio,2019-03-24,199713683.02307692
Ohio,2019-03-31,201340267.64615384
Ohio,2019-04-07,202966852.26923078
Ohio,2019-04-14,204593436.8923077
Ohio,2019-04-21,206220021.5153846
Ohio,2019-04-28,207846606.13846153
Ohio,2019-05-05,209473190.76153848
Ohio,2019-05-12,211099775.3846154
Ohio,2019-05-19,212726360.0076923
Ohio,2019-05-26,214352944.63076922
Ohio,2019-06-02,215979529.25384617
Ohio,2019-06-09,217606113.87692308
Ohio,2019-06-16,219232698.5
Ohio,2019-06-23,216734863.44444445
Ohio,2019-06-30,214237028.3888889
Ohio,2019-07-07,211739193.33333334
Ohio,2019-07-14,209241358.2777778
Ohio,2019-07-21,206743523.2222222
Ohio,2019-07-28,204245688.16666666
Ohio,2019-08-04,201747853.1111111
Ohio,2019-08-11,199250018.05555555
Ohio,2019-08-18,196752183.0
Ohio,2019-08-25,223386019.475
Ohio,2019-09-01,250019855.95
Ohio,2019-09-08,276653692.425
Ohio,2019-09-15,303287528.9
Ohio,2019-09-22,329921365.375
Ohio,2019-09-29,356555201.85
Ohio,2019-10-06,383189038.32500005
Ohio,2019-10-13,409822874.8
Ohio,2019-10-20,201987064.1
Ohio,2019-10-27,197831851.4
Ohio,2019-11-03,198764056.13333336
Ohio,2019-11-10,199696260.86666667
Ohio,2019-11-17,200628465.60000002
Ohio,2019-11-24,204767242.8
Ohio,2019-12-01,203937155.53333333
Ohio,2019-12-08,203107068.26666668
Ohio,2019-12-15,202276981.0
Ohio,2019-12-22,214289030.89999998
Ohio,2019-12-29,199101095.5
Ohio,2020-01-05,207137431.1
Ohio,2020-01-12,212163691.70000002
Ohio,2020-01-19,201220135.8
Ohio,2020-01-26,185511872.5
Ohio,2020-02-02,194171999.4
Ohio,2020-02-09,238840787.2
Ohio,2020-02-16,193373326.8
Ohio,2020-02-23,198453917.1
Ohio,2020-03-01,211145138.45
Ohio,2020-03-08,223836359.79999998
Ohio,2020-03-15,240524149.5
Ohio,2020-03-22,228133662.0
Ohio,2020-03-29,199404366.3
Ohio,2020-04-05,213514853.8
Ohio,2020-04-12,227625341.3
Ohio,2020-04-19,213052314.5
Ohio,2020-04-26,209183034.29999998
Ohio,2020-05-03,194707669.4
Ohio,2020-05-10,478377861.2
Ohio,2020-05-17,225003095.3
Ohio,2020-05-24,240369773.20000002
Ohio,2020-05-31,236247660.7
Ohio,2020-06-07,456323203.5
Ohio,2020-06-14,676398746.3
Ohio,2020-06-21,237637395.5
Ohio,2020-06-28,247324697.3
Ohio,2020-07-05,244454137.9
Ohio,2020-07-12,241583578.5
Ohio,2020-07-19,248164572.6
Ohio,2020-07-26,236520987.20000002
Ohio,2020-08-02,223667991.35000002
Ohio,2020-08-09,210814995.5
Ohio,2020-08-16,454715224.9
Ohio,2020-08-23,235466938.8
Ohio,2020-08-30,234735308.1
Ohio,2020-09-06,194908906.1
Ohio,2020-09-13,468654178.4
Ohio,2020-09-20,226091818.1
Ohio,2020-09-27,224932590.20000002
Ohio,2020-10-04,225585763.45
Ohio,2020-10-11,226238936.7
Ohio,2020-10-18,217012144.4
Ohio,2020-10-25,212195347.9
Ohio,2020-11-01,288563538.2
Ohio,2020-11-08,364931728.5
Ohio,2020-11-15,441299918.8
Ohio,2020-11-22,222840501.4
Ohio,2020-11-29,206662430.20000002
Ohio,2020-12-06,409622208.5
Ohio,2020-12-13,456874943.0
Ohio,2020-12-20,221969823.1
Ohio,2020-12-27,211281604.4
Ohio,2021-01-03,234826118.35
Ohio,2021-01-10,258370632.29999998
Ohio,2021-01-17,211318771.8
Ohio,2021-01-24,206193705.9
Ohio,2021-01-31,210181156.4
Ohio,2021-02-07,241188312.5
Ohio,2021-02-14,209649079.9
Ohio,2021-02-21,205054556.10000002
Ohio,2021-02-28,215469980.10000002
Ohio,2021-03-07,206189547.5
Ohio,2021-03-14,607120501.8000001
Ohio,2021-03-21,244453800.9
Ohio,2021-03-28,218687883.4
Ohio,2021-04-04,230104965.5
Ohio,2021-04-11,285647803.8
Ohio,2021-04-18,225595013.70000002
Ohio,2021-04-25,229411899.89999998
Ohio,2021-05-02,244790472.85
Ohio,2021-05-09,260169045.8
Ohio,2021-05-16,555599444.5999999
Ohio,2021-05-23,257609253.8
Ohio,2021-05-30,260805091.0
Ohio,2021-06-06,255965467.2
Ohio,2021-06-13,260247808.4
Ohio,2021-06-20,261049328.5
Ohio,2021-06-27,255681941.5
Ohio,2021-07-04,434654860.0
Ohio,2021-07-11,330215048.2
Ohio,2021-07-18,255957268.4
Ohio,2021-07-25,257077480.9
Ohio,2021-08-01,257189368.45
Ohio,2021-08-08,257301256.0
Ohio,2021-08-15,260135445.3
Ohio,2021-08-22,254931699.60000002
Ohio,2021-08-29,263053999.10000002
Ohio,2021-09-05,239651791.0
Ohio,2021-09-12,242654759.3
Ohio,2021-09-19,245657727.6
Ohio,2021-09-26,239275636.0
Ohio,2021-10-03,206010974.7
Ohio,2021-10-10,347613232.09999996
Ohio,2021-10-17,338945509.49999994
Ohio,2021-10-24,328756526.59999996
Ohio,2021-10-31,327228674.4
Ohio,2021-11-07,487067803.6
Ohio,2021-11-14,338932007.0
Ohio,2021-11-21,343745435.6
Ohio,2021-11-28,313850753.5
Ohio,2021-12-05,443930497.75
Ohio,2021-12-12,574010242.0
Ohio,2021-12-19,350739795.4
Ohio,2021-12-26,329634201.40000004
Ohio,2022-01-02,346569641.95000005
Ohio,2022-01-09,363505082.5
Ohio,2022-01-16,333776107.90000004
Ohio,2022-01-23,312961229.4
Ohio,2022-01-30,325142325.4
Ohio,2022-02-06,317556878.4
Ohio,2022-02-13,698988545.9
Ohio,2022-02-20,317667281.6
Ohio,2022-02-27,336017692.0
Ohio,2022-03-06,355092499.5
Ohio,2022-03-13,765580085.8000001
Ohio,2022-03-20,342949048.20000005
Ohio,2022-03-27,345210330.5
Ohio,2022-04-03,368214895.85
Ohio,2022-04-10,391219461.20000005
Ohio,2022-04-17,702573127.8000002
Ohio,2022-04-24,344406838.6
Ohio,2022-05-01,361799527.75
Ohio,2022-05-08,379192216.9
Ohio,2022-05-15,374421962.4
Ohio,2022-05-22,392819352.6
Ohio,2022-05-29,389766405.2
Ohio,2022-06-05,665163324.0
Ohio,2022-06-12,352545429.59999996
Ohio,2022-06-19,385777555.40000004
Ohio,2022-06-26,393034379.1
Ohio,2022-07-03,395838054.75
Ohio,2022-07-10,398641730.40000004
Ohio,2022-07-17,384440093.0
Ohio,2022-07-24,384467291.50000006
Ohio,2022-07-31,393398134.90000004
Ohio,2022-08-07,362430700.49999994
Ohio,2022-08-14,388633202.6
Ohio,2022-08-21,386809037.79999995
Ohio,2022-08-28,391441091.6999999
Ohio,2022-09-04,317735764.09999996
Ohio,2022-09-11,367820684.79999995
Ohio,2022-09-18,377247508.6
Ohio,2022-09-25,366224652.70000005
Ohio,2022-10-02,552588431.0
Ohio,2022-10-09,738952209.3
Ohio,2022-10-16,361905756.90000004
Ohio,2022-10-23,351248017.2
Ohio,2022-10-30,351473786.29999995
Ohio,2022-11-06,714896497.85
Ohio,2022-11-13,1078319209.4
Ohio,2022-11-20,364957301.3
Ohio,2022-11-27,348892641.5
Ohio,2022-12-04,361801185.65
Ohio,2022-12-11,374709729.79999995
Ohio,2022-12-18,371400664.2
Ohio,2022-12-25,373152315.2
Ohio,2023-01-01,334633506.2
Ohio,2023-01-08,337769008.59999996
Ohio,2023-01-15,340904510.99999994
Ohio,2023-01-22,335002264.2
Ohio,2023-01-29,340561717.3
Ohio,2023-02-05,359887955.29999995
Ohio,2023-02-12,353769314.7
Ohio,2023-02-19,347650674.1
Ohio,2023-02-26,353624113.1000001
Ohio,2023-03-05,361991297.40000004
Ohio,2023-03-12,370358481.70000005
Ohio,2023-03-19,378725666.0
Ohio,2023-03-26,350900425.40000004
Ohio,2023-04-02,358904189.5666667
Ohio,2023-04-09,366907953.73333335
Ohio,2023-04-16,374911717.90000004
Ohio,2023-04-23,369690370.50000006
Ohio,2023-04-30,381198122.8
Ohio,2023-05-07,714231816.1999998
Ohio,2023-05-14,677742268.4444443
Ohio,2023-05-21,641252720.6888888
Ohio,2023-05-28,604763172.9333332
Ohio,2023-06-04,568273625.1777776
Ohio,2023-06-11,531784077.42222214
Ohio,2023-06-18,495294529.66666657
Ohio,2023-06-25,458804981.911111
Ohio,2023-07-02,422315434.1555555
Ohio,2023-07-09,385825886.4
Ohio,2023-07-16,372023693.92499995
Ohio,2023-07-23,358221501.4499999
Ohio,2023-07-30,344419308.97499996
Ohio,2023-08-06,330617116.49999994
Ohio,2023-08-13,339289895.15999997
Ohio,2023-08-20,347962673.82
Ohio,2023-08-27,356635452.47999996
Ohio,2023-09-03,365308231.14
Ohio,2023-09-10,373981009.8
Ohio,2023-09-17,405101474.35
Ohio,2023-09-24,436221938.9
Ohio,2023-10-01,467342403.45
Ohio,2023-10-08,498462868.0
Ohio,2023-10-15,529583332.55
Ohio,2023-10-22,560703797.1
Ohio,2023-10-29,591824261.65
Ohio,2023-11-05,622944726.2
Ohio,2023-11-12,654065190.75
Ohio,2023-11-19,685185655.3
Ohio,2023-11-26,716306119.8499999
Ohio,2023-12-03,747426584.4
Oklahoma,2019-01-13,77743069.7
Oklahoma,2019-01-20,77838986.81111111
Oklahoma,2019-01-27,77934903.92222223
Oklahoma,2019-02-03,78030821.03333333
Oklahoma,2019-02-10,78126738.14444445
Oklahoma,2019-02-17,78222655.25555556
Oklahoma,2019-02-24,78318572.36666667
Oklahoma,2019-03-03,78414489.47777778
Oklahoma,2019-03-10,78510406.5888889
Oklahoma,2019-03-17,78606323.7
Oklahoma,2019-03-24,79133774.60769232
Oklahoma,2019-03-31,79661225.51538461
Oklahoma,2019-04-07,80188676.42307693
Oklahoma,2019-04-14,80716127.33076923
Oklahoma,2019-04-21,81243578.23846154
Oklahoma,2019-04-28,81771029.14615385
Oklahoma,2019-05-05,82298480.05384615
Oklahoma,2019-05-12,82825930.96153846
Oklahoma,2019-05-19,83353381.86923078
Oklahoma,2019-05-26,83880832.77692308
Oklahoma,2019-06-02,84408283.68461539
Oklahoma,2019-06-09,84935734.59230769
Oklahoma,2019-06-16,85463185.5
Oklahoma,2019-06-23,84782088.83333333
Oklahoma,2019-06-30,84100992.16666667
Oklahoma,2019-07-07,83419895.5
Oklahoma,2019-07-14,82738798.83333333
Oklahoma,2019-07-21,82057702.16666667
Oklahoma,2019-07-28,81376605.5
Oklahoma,2019-08-04,80695508.83333333
Oklahoma,2019-08-11,80014412.16666667
Oklahoma,2019-08-18,79333315.5
Oklahoma,2019-08-25,89424412.2625
Oklahoma,2019-09-01,99515509.025
Oklahoma,2019-09-08,109606605.7875
Oklahoma,2019-09-15,119697702.55
Oklahoma,2019-09-22,129788799.3125
Oklahoma,2019-09-29,139879896.075
Oklahoma,2019-10-06,149970992.83749998
Oklahoma,2019-10-13,160062089.6
Oklahoma,2019-10-20,77607881.19999999
Oklahoma,2019-10-27,75895542.9
Oklahoma,2019-11-03,76722142.80000001
Oklahoma,2019-11-10,77548742.7
Oklahoma,2019-11-17,78375342.60000001
Oklahoma,2019-11-24,78566415.69999999
Oklahoma,2019-12-01,77548259.96666665
Oklahoma,2019-12-08,76530104.23333333
Oklahoma,2019-12-15,75511948.5
Oklahoma,2019-12-22,79011299.7
Oklahoma,2019-12-29,74528180.6
Oklahoma,2020-01-05,82141565.8
Oklahoma,2020-01-12,81182719.6
Oklahoma,2020-01-19,75239593.2
Oklahoma,2020-01-26,72603774.6
Oklahoma,2020-02-02,76740453.69999999
Oklahoma,2020-02-09,90586372.8
Oklahoma,2020-02-16,76079558.6
Oklahoma,2020-02-23,75792846.5
Oklahoma,2020-03-01,82332214.4
Oklahoma,2020-03-08,88871582.3
Oklahoma,2020-03-15,90347233.9
Oklahoma,2020-03-22,88597026.2
Oklahoma,2020-03-29,80631132.8
Oklahoma,2020-04-05,84483503.1
Oklahoma,2020-04-12,88335873.4
Oklahoma,2020-04-19,83048164.10000001
Oklahoma,2020-04-26,83200719.60000001
Oklahoma,2020-05-03,74745582.4
Oklahoma,2020-05-10,182919958.0
Oklahoma,2020-05-17,86966075.6
Oklahoma,2020-05-24,89019568.89999999
Oklahoma,2020-05-31,86013312.39999999
Oklahoma,2020-06-07,177026589.3
Oklahoma,2020-06-14,268039866.2
Oklahoma,2020-06-21,90904541.5
Oklahoma,2020-06-28,90695834.9
Oklahoma,2020-07-05,92547967.65
Oklahoma,2020-07-12,94400100.39999999
Oklahoma,2020-07-19,93341989.5
Oklahoma,2020-07-26,89731977.5
Oklahoma,2020-08-02,87412508.9
Oklahoma,2020-08-09,85093040.3
Oklahoma,2020-08-16,181598161.9
Oklahoma,2020-08-23,90109169.8
Oklahoma,2020-08-30,90142387.2
Oklahoma,2020-09-06,76848767.3
Oklahoma,2020-09-13,182995631.2
Oklahoma,2020-09-20,88421652.5
Oklahoma,2020-09-27,85283479.5
Oklahoma,2020-10-04,86436798.25
Oklahoma,2020-10-11,87590117.0
Oklahoma,2020-10-18,85645823.9
Oklahoma,2020-10-25,80946231.80000001
Oklahoma,2020-11-01,111152711.43333334
Oklahoma,2020-11-08,141359191.06666666
Oklahoma,2020-11-15,171565670.7
Oklahoma,2020-11-22,85284484.7
Oklahoma,2020-11-29,81307553.5
Oklahoma,2020-12-06,161448459.8
Oklahoma,2020-12-13,173842434.6
Oklahoma,2020-12-20,81442286.5
Oklahoma,2020-12-27,79754543.0
Oklahoma,2021-01-03,88751944.5
Oklahoma,2021-01-10,97749346.0
Oklahoma,2021-01-17,80475327.2
Oklahoma,2021-01-24,78059157.2
Oklahoma,2021-01-31,79728180.8
Oklahoma,2021-02-07,94001880.60000001
Oklahoma,2021-02-14,84187147.10000001
Oklahoma,2021-02-21,73866344.5
Oklahoma,2021-02-28,85254958.7
Oklahoma,2021-03-07,79645363.0
Oklahoma,2021-03-14,235509854.60000002
Oklahoma,2021-03-21,94265847.7
Oklahoma,2021-03-28,86437960.1
Oklahoma,2021-04-04,90092014.39999999
Oklahoma,2021-04-11,101861975.8
Oklahoma,2021-04-18,87746181.5
Oklahoma,2021-04-25,89062162.5
Oklahoma,2021-05-02,95836664.0
Oklahoma,2021-05-09,102611165.5
Oklahoma,2021-05-16,220160539.4
Oklahoma,2021-05-23,93113160.2
Oklahoma,2021-05-30,91015535.2
Oklahoma,2021-06-06,98464486.39999999
Oklahoma,2021-06-13,102717507.3
Oklahoma,2021-06-20,102288532.8
Oklahoma,2021-06-27,96237763.0
Oklahoma,2021-07-04,174209885.9
Oklahoma,2021-07-11,133270329.7
Oklahoma,2021-07-18,100015738.7
Oklahoma,2021-07-25,97954900.7
Oklahoma,2021-08-01,99985235.55
Oklahoma,2021-08-08,102015570.39999999
Oklahoma,2021-08-15,104210130.1
Oklahoma,2021-08-22,98328221.1
Oklahoma,2021-08-29,99095058.89999999
Oklahoma,2021-09-05,96078346.0
Oklahoma,2021-09-12,97008162.6
Oklahoma,2021-09-19,97937979.2
Oklahoma,2021-09-26,93647772.60000001
Oklahoma,2021-10-03,82319645.60000001
Oklahoma,2021-10-10,138432303.7
Oklahoma,2021-10-17,133311603.39999999
Oklahoma,2021-10-24,129819103.7
Oklahoma,2021-10-31,128210997.10000001
Oklahoma,2021-11-07,188575982.8
Oklahoma,2021-11-14,132050714.99999999
Oklahoma,2021-11-21,132271455.19999999
Oklahoma,2021-11-28,124661602.0
Oklahoma,2021-12-05,175434057.85
Oklahoma,2021-12-12,226206513.7
Oklahoma,2021-12-19,128793170.49999999
Oklahoma,2021-12-26,128582523.99999999
Oklahoma,2022-01-02,132872895.69999999
Oklahoma,2022-01-09,137163267.4
Oklahoma,2022-01-16,130810459.7
Oklahoma,2022-01-23,123087657.8
Oklahoma,2022-01-30,126661785.39999999
Oklahoma,2022-02-06,122812645.5
Oklahoma,2022-02-13,277328415.8
Oklahoma,2022-02-20,122053637.49999999
Oklahoma,2022-02-27,130023889.8
Oklahoma,2022-03-06,141210549.59999996
Oklahoma,2022-03-13,289580755.20000005
Oklahoma,2022-03-20,134978035.4
Oklahoma,2022-03-27,132847810.00000001
Oklahoma,2022-04-03,144604247.5
Oklahoma,2022-04-10,156360684.99999997
Oklahoma,2022-04-17,273988322.6
Oklahoma,2022-04-24,133940730.8
Oklahoma,2022-05-01,138036096.4
Oklahoma,2022-05-08,142131462.00000003
Oklahoma,2022-05-15,143855272.20000002
Oklahoma,2022-05-22,139771358.7
Oklahoma,2022-05-29,135755043.59999996
Oklahoma,2022-06-05,265240753.99999997
Oklahoma,2022-06-12,138164353.70000002
Oklahoma,2022-06-19,152890845.2
Oklahoma,2022-06-26,147588859.7
Oklahoma,2022-07-03,152620394.05
Oklahoma,2022-07-10,157651928.4
Oklahoma,2022-07-17,152584163.00000003
Oklahoma,2022-07-24,148155010.59999996
Oklahoma,2022-07-31,152306096.7
Oklahoma,2022-08-07,141285993.20000002
Oklahoma,2022-08-14,159549606.89999998
Oklahoma,2022-08-21,150724443.0
Oklahoma,2022-08-28,149157621.50000003
Oklahoma,2022-09-04,125894613.5
Oklahoma,2022-09-11,147640274.59999996
Oklahoma,2022-09-18,151038592.09999996
Oklahoma,2022-09-25,145687931.6
Oklahoma,2022-10-02,219606667.2
Oklahoma,2022-10-09,293525402.79999995
Oklahoma,2022-10-16,141443211.20000002
Oklahoma,2022-10-23,134986428.20000002
Oklahoma,2022-10-30,132940052.7
Oklahoma,2022-11-06,280110857.25
Oklahoma,2022-11-13,427281661.8
Oklahoma,2022-11-20,135567426.7
Oklahoma,2022-11-27,132993117.1
Oklahoma,2022-12-04,140467783.04999998
Oklahoma,2022-12-11,147942448.99999997
Oklahoma,2022-12-18,137614795.70000002
Oklahoma,2022-12-25,139698732.7
Oklahoma,2023-01-01,128027304.7
Oklahoma,2023-01-08,131812055.6
Oklahoma,2023-01-15,135596806.5
Oklahoma,2023-01-22,130499779.3
Oklahoma,2023-01-29,131289924.99999999
Oklahoma,2023-02-05,141704836.1
Oklahoma,2023-02-12,138532495.7
Oklahoma,2023-02-19,135360155.3
Oklahoma,2023-02-26,135256254.8
Oklahoma,2023-03-05,138818463.43333334
Oklahoma,2023-03-12,142380672.06666666
Oklahoma,2023-03-19,145942880.7
Oklahoma,2023-03-26,137653756.8
Oklahoma,2023-04-02,140826948.1666667
Oklahoma,2023-04-09,144000139.53333333
Oklahoma,2023-04-16,147173330.9
Oklahoma,2023-04-23,144161747.1
Oklahoma,2023-04-30,146135675.29999998
Oklahoma,2023-05-07,284412949.6
Oklahoma,2023-05-14,269993355.82222223
Oklahoma,2023-05-21,255573762.04444447
Oklahoma,2023-05-28,241154168.26666668
Oklahoma,2023-06-04,226734574.4888889
Oklahoma,2023-06-11,212314980.71111113
Oklahoma,2023-06-18,197895386.93333334
Oklahoma,2023-06-25,183475793.15555555
Oklahoma,2023-07-02,169056199.37777776
Oklahoma,2023-07-09,154636605.6
Oklahoma,2023-07-16,149743090.875
Oklahoma,2023-07-23,144849576.14999998
Oklahoma,2023-07-30,139956061.42499998
Oklahoma,2023-08-06,135062546.7
Oklahoma,2023-08-13,138192609.76
Oklahoma,2023-08-20,141322672.82
Oklahoma,2023-08-27,144452735.87999997
Oklahoma,2023-09-03,147582798.93999997
Oklahoma,2023-09-10,150712861.99999997
Oklahoma,2023-09-17,162378485.92499998
Oklahoma,2023-09-24,174044109.84999996
Oklahoma,2023-10-01,185709733.77499998
Oklahoma,2023-10-08,197375357.7
Oklahoma,2023-10-15,209040981.625
Oklahoma,2023-10-22,220706605.55
Oklahoma,2023-10-29,232372229.475
Oklahoma,2023-11-05,244037853.4
Oklahoma,2023-11-12,255703477.32500002
Oklahoma,2023-11-19,267369101.25
Oklahoma,2023-11-26,279034725.175
Oklahoma,2023-12-03,290700349.1
Oregon,2019-01-13,58257574.4
Oregon,2019-01-20,58539719.177777775
Oregon,2019-01-27,58821863.95555555
Oregon,2019-02-03,59104008.733333334
Oregon,2019-02-10,59386153.51111111
Oregon,2019-02-17,59668298.28888889
Oregon,2019-02-24,59950443.06666666
Oregon,2019-03-03,60232587.844444446
Oregon,2019-03-10,60514732.62222222
Oregon,2019-03-17,60796877.4
Oregon,2019-03-24,61039039.484615386
Oregon,2019-03-31,61281201.569230765
Oregon,2019-04-07,61523363.65384615
Oregon,2019-04-14,61765525.73846154
Oregon,2019-04-21,62007687.82307692
Oregon,2019-04-28,62249849.907692306
Oregon,2019-05-05,62492011.99230769
Oregon,2019-05-12,62734174.07692308
Oregon,2019-05-19,62976336.16153846
Oregon,2019-05-26,63218498.24615385
Oregon,2019-06-02,63460660.33076923
Oregon,2019-06-09,63702822.41538461
Oregon,2019-06-16,63944984.5
Oregon,2019-06-23,63490768.21111111
Oregon,2019-06-30,63036551.92222222
Oregon,2019-07-07,62582335.63333333
Oregon,2019-07-14,62128119.344444446
Oregon,2019-07-21,61673903.05555555
Oregon,2019-07-28,61219686.766666666
Oregon,2019-08-04,60765470.47777778
Oregon,2019-08-11,60311254.188888885
Oregon,2019-08-18,59857037.9
Oregon,2019-08-25,67916365.5875
Oregon,2019-09-01,75975693.275
Oregon,2019-09-08,84035020.9625
Oregon,2019-09-15,92094348.65
Oregon,2019-09-22,100153676.3375
Oregon,2019-09-29,108213004.025
Oregon,2019-10-06,116272331.7125
Oregon,2019-10-13,124331659.4
Oregon,2019-10-20,61126836.699999996
Oregon,2019-10-27,59546507.4
Oregon,2019-11-03,60036252.266666666
Oregon,2019-11-10,60525997.13333333
Oregon,2019-11-17,61015742.0
Oregon,2019-11-24,60959598.8
Oregon,2019-12-01,60632796.166666664
Oregon,2019-12-08,60305993.53333333
Oregon,2019-12-15,59979190.9
Oregon,2019-12-22,65582615.4
Oregon,2019-12-29,58675368.800000004
Oregon,2020-01-05,64230389.699999996
Oregon,2020-01-12,65902982.5
Oregon,2020-01-19,56795066.3
Oregon,2020-01-26,58377816.9
Oregon,2020-02-02,60557263.2
Oregon,2020-02-09,80871404.4
Oregon,2020-02-16,56802263.9
Oregon,2020-02-23,59501128.3
Oregon,2020-03-01,66389252.15
Oregon,2020-03-08,73277376.0
Oregon,2020-03-15,72106967.8
Oregon,2020-03-22,70139254.89999999
Oregon,2020-03-29,62638431.3
Oregon,2020-04-05,66687094.449999996
Oregon,2020-04-12,70735757.6
Oregon,2020-04-19,68700500.5
Oregon,2020-04-26,67450879.60000001
Oregon,2020-05-03,59870249.199999996
Oregon,2020-05-10,144500742.9
Oregon,2020-05-17,69490828.5
Oregon,2020-05-24,71299206.3
Oregon,2020-05-31,73202192.69999999
Oregon,2020-06-07,145715790.0
Oregon,2020-06-14,218229387.29999998
Oregon,2020-06-21,73685177.5
Oregon,2020-06-28,75752558.0
Oregon,2020-07-05,75494976.8
Oregon,2020-07-12,75237395.6
Oregon,2020-07-19,77462421.39999999
Oregon,2020-07-26,77350341.3
Oregon,2020-08-02,71272452.7
Oregon,2020-08-09,65194564.1
Oregon,2020-08-16,144794049.8
Oregon,2020-08-23,75260646.30000001
Oregon,2020-08-30,76088845.6
Oregon,2020-09-06,59559349.400000006
Oregon,2020-09-13,149334949.39999998
Oregon,2020-09-20,66947711.699999996
Oregon,2020-09-27,66149796.4
Oregon,2020-10-04,71768471.2
Oregon,2020-10-11,77387146.0
Oregon,2020-10-18,65409368.8
Oregon,2020-10-25,64629346.7
Oregon,2020-11-01,87510383.96666667
Oregon,2020-11-08,110391421.23333333
Oregon,2020-11-15,133272458.5
Oregon,2020-11-22,66592956.7
Oregon,2020-11-29,62889297.900000006
Oregon,2020-12-06,125648901.0
Oregon,2020-12-13,140522037.7
Oregon,2020-12-20,68988949.5
Oregon,2020-12-27,64198266.9
Oregon,2021-01-03,75801104.1
Oregon,2021-01-10,87403941.3
Oregon,2021-01-17,63206424.7
Oregon,2021-01-24,62798389.7
Oregon,2021-01-31,63397751.7
Oregon,2021-02-07,77119513.60000001
Oregon,2021-02-14,63689992.7
Oregon,2021-02-21,63403369.5
Oregon,2021-02-28,66943352.2
Oregon,2021-03-07,65702534.6
Oregon,2021-03-14,185591510.7
Oregon,2021-03-21,74480606.69999999
Oregon,2021-03-28,66604606.900000006
Oregon,2021-04-04,72067411.8
Oregon,2021-04-11,88375865.2
Oregon,2021-04-18,75450877.9
Oregon,2021-04-25,73646636.1
Oregon,2021-05-02,79674312.15
Oregon,2021-05-09,85701988.2
Oregon,2021-05-16,178237190.5
Oregon,2021-05-23,75666448.2
Oregon,2021-05-30,79225585.1
Oregon,2021-06-06,81955738.39999999
Oregon,2021-06-13,76750662.2
Oregon,2021-06-20,82203801.4
Oregon,2021-06-27,87618933.39999999
Oregon,2021-07-04,136781079.6
Oregon,2021-07-11,101452515.39999999
Oregon,2021-07-18,85334684.8
Oregon,2021-07-25,84134566.4
Oregon,2021-08-01,84780039.1
Oregon,2021-08-08,85425511.8
Oregon,2021-08-15,87451793.0
Oregon,2021-08-22,81419882.5
Oregon,2021-08-29,79469684.9
Oregon,2021-09-05,80320037.5
Oregon,2021-09-12,77630149.15
Oregon,2021-09-19,74940260.8
Oregon,2021-09-26,74560309.60000001
Oregon,2021-10-03,64053359.8
Oregon,2021-10-10,105944044.3
Oregon,2021-10-17,103410413.69999999
Oregon,2021-10-24,99799035.6
Oregon,2021-10-31,102488326.60000001
Oregon,2021-11-07,156963802.10000002
Oregon,2021-11-14,101451948.59999998
Oregon,2021-11-21,102440117.4
Oregon,2021-11-28,95648671.5
Oregon,2021-12-05,138363681.5
Oregon,2021-12-12,181078691.5
Oregon,2021-12-19,105713197.10000001
Oregon,2021-12-26,100450342.1
Oregon,2022-01-02,106418665.35
Oregon,2022-01-09,112386988.60000001
Oregon,2022-01-16,99784455.19999999
Oregon,2022-01-23,98759328.39999999
Oregon,2022-01-30,97891572.10000001
Oregon,2022-02-06,99078287.5
Oregon,2022-02-13,210704405.3
Oregon,2022-02-20,97925864.3
Oregon,2022-02-27,99904232.5
Oregon,2022-03-06,110649232.99999999
Oregon,2022-03-13,236699290.6
Oregon,2022-03-20,105717900.8
Oregon,2022-03-27,104959455.9
Oregon,2022-04-03,114751869.80000001
Oregon,2022-04-10,124544283.7
Oregon,2022-04-17,216453478.5
Oregon,2022-04-24,107413332.3
Oregon,2022-05-01,113725020.85
Oregon,2022-05-08,120036709.4
Oregon,2022-05-15,114214156.1
Oregon,2022-05-22,112911917.4
Oregon,2022-05-29,117192390.4
Oregon,2022-06-05,206800211.9
Oregon,2022-06-12,106220543.1
Oregon,2022-06-19,119427323.50000001
Oregon,2022-06-26,127766543.0
Oregon,2022-07-03,127930847.55
Oregon,2022-07-10,128095152.1
Oregon,2022-07-17,126747931.40000002
Oregon,2022-07-24,125456577.4
Oregon,2022-07-31,131034950.09999998
Oregon,2022-08-07,117390519.2
Oregon,2022-08-14,127640453.8
Oregon,2022-08-21,120792093.1
Oregon,2022-08-28,122367501.10000001
Oregon,2022-09-04,98739519.50000001
Oregon,2022-09-11,112790064.1
Oregon,2022-09-18,111186796.9
Oregon,2022-09-25,110628293.2
Oregon,2022-10-02,171998757.25
Oregon,2022-10-09,233369221.3
Oregon,2022-10-16,109322609.9
Oregon,2022-10-23,105871720.8
Oregon,2022-10-30,105092490.00000001
Oregon,2022-11-06,216676600.60000002
Oregon,2022-11-13,328260711.2
Oregon,2022-11-20,107960777.8
Oregon,2022-11-27,103586066.0
Oregon,2022-12-04,111942248.85
Oregon,2022-12-11,120298431.7
Oregon,2022-12-18,110611155.6
Oregon,2022-12-25,109236205.2
Oregon,2023-01-01,101850450.49999999
Oregon,2023-01-08,102240625.89999999
Oregon,2023-01-15,102630801.3
Oregon,2023-01-22,101274697.3
Oregon,2023-01-29,101267058.7
Oregon,2023-02-05,110131689.8
Oregon,2023-02-12,107970686.35
Oregon,2023-02-19,105809682.89999999
Oregon,2023-02-26,106451748.39999999
Oregon,2023-03-05,109338178.6
Oregon,2023-03-12,112224608.79999998
Oregon,2023-03-19,115111038.99999999
Oregon,2023-03-26,106516210.0
Oregon,2023-04-02,109271362.9
Oregon,2023-04-09,112026515.8
Oregon,2023-04-16,114781668.7
Oregon,2023-04-23,112632064.60000001
Oregon,2023-04-30,120727821.10000001
Oregon,2023-05-07,217523393.7
Oregon,2023-05-14,207172280.08888888
Oregon,2023-05-21,196821166.47777778
Oregon,2023-05-28,186470052.86666667
Oregon,2023-06-04,176118939.25555554
Oregon,2023-06-11,165767825.64444444
Oregon,2023-06-18,155416712.03333333
Oregon,2023-06-25,145065598.4222222
Oregon,2023-07-02,134714484.8111111
Oregon,2023-07-09,124363371.2
Oregon,2023-07-16,119039269.9
Oregon,2023-07-23,113715168.6
Oregon,2023-07-30,108391067.3
Oregon,2023-08-06,103066966.0
Oregon,2023-08-13,106113012.82000001
Oregon,2023-08-20,109159059.64
Oregon,2023-08-27,112205106.46000001
Oregon,2023-09-03,115251153.28
Oregon,2023-09-10,118297200.10000001
Oregon,2023-09-17,127314423.74166667
Oregon,2023-09-24,136331647.38333336
Oregon,2023-10-01,145348871.025
Oregon,2023-10-08,154366094.6666667
Oregon,2023-10-15,163383318.30833334
Oregon,2023-10-22,172400541.95000002
Oregon,2023-10-29,181417765.5916667
Oregon,2023-11-05,190434989.23333335
Oregon,2023-11-12,199452212.875
Oregon,2023-11-19,208469436.51666668
Oregon,2023-11-26,217486660.15833336
Oregon,2023-12-03,226503883.8
Pennsylvania,2019-01-13,197064569.3
Pennsylvania,2019-01-20,197171896.96666667
Pennsylvania,2019-01-27,197279224.63333336
Pennsylvania,2019-02-03,197386552.3
Pennsylvania,2019-02-10,197493879.96666667
Pennsylvania,2019-02-17,197601207.63333336
Pennsylvania,2019-02-24,197708535.3
Pennsylvania,2019-03-03,197815862.96666667
Pennsylvania,2019-03-10,197923190.63333336
Pennsylvania,2019-03-17,198030518.3
Pennsylvania,2019-03-24,199242325.93846154
Pennsylvania,2019-03-31,200454133.57692307
Pennsylvania,2019-04-07,201665941.21538463
Pennsylvania,2019-04-14,202877748.85384616
Pennsylvania,2019-04-21,204089556.4923077
Pennsylvania,2019-04-28,205301364.13076922
Pennsylvania,2019-05-05,206513171.76923078
Pennsylvania,2019-05-12,207724979.4076923
Pennsylvania,2019-05-19,208936787.04615384
Pennsylvania,2019-05-26,210148594.68461537
Pennsylvania,2019-06-02,211360402.32307693
Pennsylvania,2019-06-09,212572209.96153846
Pennsylvania,2019-06-16,213784017.6
Pennsylvania,2019-06-23,211751249.17777777
Pennsylvania,2019-06-30,209718480.75555554
Pennsylvania,2019-07-07,207685712.33333334
Pennsylvania,2019-07-14,205652943.91111112
Pennsylvania,2019-07-21,203620175.4888889
Pennsylvania,2019-07-28,201587407.06666666
Pennsylvania,2019-08-04,199554638.64444447
Pennsylvania,2019-08-11,197521870.22222224
Pennsylvania,2019-08-18,195489101.8
Pennsylvania,2019-08-25,222040550.0625
Pennsylvania,2019-09-01,248591998.325
Pennsylvania,2019-09-08,275143446.5875
Pennsylvania,2019-09-15,301694894.85
Pennsylvania,2019-09-22,328246343.11249995
Pennsylvania,2019-09-29,354797791.375
Pennsylvania,2019-10-06,381349239.6375
Pennsylvania,2019-10-13,407900687.9
Pennsylvania,2019-10-20,198963635.6
Pennsylvania,2019-10-27,195191439.8
Pennsylvania,2019-11-03,197486328.13333333
Pennsylvania,2019-11-10,199781216.46666667
Pennsylvania,2019-11-17,202076104.79999998
Pennsylvania,2019-11-24,205134229.4
Pennsylvania,2019-12-01,205274926.13333333
Pennsylvania,2019-12-08,205415622.86666667
Pennsylvania,2019-12-15,205556319.6
Pennsylvania,2019-12-22,213752119.9
Pennsylvania,2019-12-29,203141883.7
Pennsylvania,2020-01-05,200422699.6
Pennsylvania,2020-01-12,205040628.2
Pennsylvania,2020-01-19,203680243.0
Pennsylvania,2020-01-26,182683922.39999998
Pennsylvania,2020-02-02,192603194.7
Pennsylvania,2020-02-09,240341150.5
Pennsylvania,2020-02-16,190861364.0
Pennsylvania,2020-02-23,193068295.29999998
Pennsylvania,2020-03-01,203244896.1
Pennsylvania,2020-03-08,213421496.9
Pennsylvania,2020-03-15,238885113.6
Pennsylvania,2020-03-22,228595535.3
Pennsylvania,2020-03-29,198403019.4
Pennsylvania,2020-04-05,209081102.8
Pennsylvania,2020-04-12,219759186.20000002
Pennsylvania,2020-04-19,209189861.60000002
Pennsylvania,2020-04-26,203316194.0
Pennsylvania,2020-05-03,196391974.4
Pennsylvania,2020-05-10,462966655.79999995
Pennsylvania,2020-05-17,219999445.9
Pennsylvania,2020-05-24,234224919.10000002
Pennsylvania,2020-05-31,225286540.6
Pennsylvania,2020-06-07,443716296.54999995
Pennsylvania,2020-06-14,662146052.5
Pennsylvania,2020-06-21,227804731.5
Pennsylvania,2020-06-28,241926052.0
Pennsylvania,2020-07-05,238033449.14999998
Pennsylvania,2020-07-12,234140846.29999998
Pennsylvania,2020-07-19,245054945.39999998
Pennsylvania,2020-07-26,236671014.2
Pennsylvania,2020-08-02,223249474.5
Pennsylvania,2020-08-09,209827934.8
Pennsylvania,2020-08-16,449027965.4
Pennsylvania,2020-08-23,232430387.0
Pennsylvania,2020-08-30,229315041.7
Pennsylvania,2020-09-06,197142390.1
Pennsylvania,2020-09-13,458580821.9
Pennsylvania,2020-09-20,218799935.3
Pennsylvania,2020-09-27,216568175.29999998
Pennsylvania,2020-10-04,217322105.05
Pennsylvania,2020-10-11,218076034.8
Pennsylvania,2020-10-18,209727399.79999998
Pennsylvania,2020-10-25,207682355.0
Pennsylvania,2020-11-01,281082204.8
Pennsylvania,2020-11-08,354482054.6
Pennsylvania,2020-11-15,427881904.4
Pennsylvania,2020-11-22,218627512.1
Pennsylvania,2020-11-29,210388605.1
Pennsylvania,2020-12-06,407409188.4
Pennsylvania,2020-12-13,452192205.6
Pennsylvania,2020-12-20,216383075.2
Pennsylvania,2020-12-27,214323880.1
Pennsylvania,2021-01-03,234128597.95
Pennsylvania,2021-01-10,253933315.79999998
Pennsylvania,2021-01-17,209376109.70000002
Pennsylvania,2021-01-24,197658987.5
Pennsylvania,2021-01-31,203994430.6
Pennsylvania,2021-02-07,228313605.0
Pennsylvania,2021-02-14,204289441.1
Pennsylvania,2021-02-21,200342851.0
Pennsylvania,2021-02-28,208783567.5
Pennsylvania,2021-03-07,203326021.2
Pennsylvania,2021-03-14,591053795.3000001
Pennsylvania,2021-03-21,240470032.6
Pennsylvania,2021-03-28,211715951.29999998
Pennsylvania,2021-04-04,219439092.1
Pennsylvania,2021-04-11,271012301.5
Pennsylvania,2021-04-18,214838317.5
Pennsylvania,2021-04-25,217674934.6
Pennsylvania,2021-05-02,232724807.25
Pennsylvania,2021-05-09,247774679.9
Pennsylvania,2021-05-16,548487330.3
Pennsylvania,2021-05-23,250456818.2
Pennsylvania,2021-05-30,244453366.4
Pennsylvania,2021-06-06,242433792.9
Pennsylvania,2021-06-13,254850786.29999998
Pennsylvania,2021-06-20,246575818.5
Pennsylvania,2021-06-27,249632548.5
Pennsylvania,2021-07-04,425135060.20000005
Pennsylvania,2021-07-11,325928182.59999996
Pennsylvania,2021-07-18,256160105.2
Pennsylvania,2021-07-25,254291472.7
Pennsylvania,2021-08-01,251644397.5
Pennsylvania,2021-08-08,248997322.29999998
Pennsylvania,2021-08-15,256219967.6
Pennsylvania,2021-08-22,247056895.8
Pennsylvania,2021-08-29,250825139.2
Pennsylvania,2021-09-05,231070674.1
Pennsylvania,2021-09-12,234535351.15
Pennsylvania,2021-09-19,238000028.20000002
Pennsylvania,2021-09-26,233962531.6
Pennsylvania,2021-10-03,203602342.7
Pennsylvania,2021-10-10,339686180.3
Pennsylvania,2021-10-17,328811497.79999995
Pennsylvania,2021-10-24,323821416.99999994
Pennsylvania,2021-10-31,319568516.70000005
Pennsylvania,2021-11-07,469362041.9
Pennsylvania,2021-11-14,332654785.0999999
Pennsylvania,2021-11-21,336849628.20000005
Pennsylvania,2021-11-28,314228014.0
Pennsylvania,2021-12-05,442991146.29999995
Pennsylvania,2021-12-12,571754278.5999999
Pennsylvania,2021-12-19,342758305.7
Pennsylvania,2021-12-26,334393037.7
Pennsylvania,2022-01-02,343516717.65
Pennsylvania,2022-01-09,352640397.59999996
Pennsylvania,2022-01-16,333199494.9
Pennsylvania,2022-01-23,303324799.90000004
Pennsylvania,2022-01-30,315496929.40000004
Pennsylvania,2022-02-06,312074299.09999996
Pennsylvania,2022-02-13,677284396.9
Pennsylvania,2022-02-20,310961557.29999995
Pennsylvania,2022-02-27,323065179.1
Pennsylvania,2022-03-06,341882199.79999995
Pennsylvania,2022-03-13,734621090.8
Pennsylvania,2022-03-20,331014707.2
Pennsylvania,2022-03-27,333173254.1
Pennsylvania,2022-04-03,355594743.0
Pennsylvania,2022-04-10,378016231.9
Pennsylvania,2022-04-17,684922610.3999999
Pennsylvania,2022-04-24,334455035.3
Pennsylvania,2022-05-01,353770684.65
Pennsylvania,2022-05-08,373086334.0
Pennsylvania,2022-05-15,361080993.8
Pennsylvania,2022-05-22,382457635.90000004
Pennsylvania,2022-05-29,373202807.59999996
Pennsylvania,2022-06-05,644634122.9
Pennsylvania,2022-06-12,347145075.6
Pennsylvania,2022-06-19,369264643.0
Pennsylvania,2022-06-26,376228591.4
Pennsylvania,2022-07-03,378404714.65
Pennsylvania,2022-07-10,380580837.90000004
Pennsylvania,2022-07-17,385936571.3
Pennsylvania,2022-07-24,380559275.8
Pennsylvania,2022-07-31,379297749.40000004
Pennsylvania,2022-08-07,354632333.7
Pennsylvania,2022-08-14,383793267.1
Pennsylvania,2022-08-21,376642047.1
Pennsylvania,2022-08-28,379061293.49999994
Pennsylvania,2022-09-04,312566272.09999996
Pennsylvania,2022-09-11,356804664.20000005
Pennsylvania,2022-09-18,365882492.0
Pennsylvania,2022-09-25,358012519.90000004
Pennsylvania,2022-10-02,538340572.5500001
Pennsylvania,2022-10-09,718668625.2
Pennsylvania,2022-10-16,352411073.1
Pennsylvania,2022-10-23,345996550.00000006
Pennsylvania,2022-10-30,343415691.6
Pennsylvania,2022-11-06,703922728.8
Pennsylvania,2022-11-13,1064429766.0
Pennsylvania,2022-11-20,353253113.20000005
Pennsylvania,2022-11-27,350124371.50000006
Pennsylvania,2022-12-04,362003037.25
Pennsylvania,2022-12-11,373881703.0
Pennsylvania,2022-12-18,360122296.59999996
Pennsylvania,2022-12-25,373269582.40000004
Pennsylvania,2023-01-01,330275163.40000004
Pennsylvania,2023-01-08,336126423.75
Pennsylvania,2023-01-15,341977684.1
Pennsylvania,2023-01-22,325217205.0
Pennsylvania,2023-01-29,330353612.09999996
Pennsylvania,2023-02-05,352480720.6
Pennsylvania,2023-02-12,345039632.65000004
Pennsylvania,2023-02-19,337598544.70000005
Pennsylvania,2023-02-26,342074421.70000005
Pennsylvania,2023-03-05,352593225.3666667
Pennsylvania,2023-03-12,363112029.03333336
Pennsylvania,2023-03-19,373630832.7
Pennsylvania,2023-03-26,341287098.3000001
Pennsylvania,2023-04-02,351000329.50000006
Pennsylvania,2023-04-09,360713560.7
Pennsylvania,2023-04-16,370426791.9
Pennsylvania,2023-04-23,359074414.7
Pennsylvania,2023-04-30,361037223.2
Pennsylvania,2023-05-07,689052062.1
Pennsylvania,2023-05-14,653616710.1
Pennsylvania,2023-05-21,618181358.1
Pennsylvania,2023-05-28,582746006.1
Pennsylvania,2023-06-04,547310654.1
Pennsylvania,2023-06-11,511875302.1
Pennsylvania,2023-06-18,476439950.1
Pennsylvania,2023-06-25,441004598.1
Pennsylvania,2023-07-02,405569246.1
Pennsylvania,2023-07-09,370133894.1
Pennsylvania,2023-07-16,360217649.3
Pennsylvania,2023-07-23,350301404.5
Pennsylvania,2023-07-30,340385159.70000005
Pennsylvania,2023-08-06,330468914.90000004
Pennsylvania,2023-08-13,337195775.16
Pennsylvania,2023-08-20,343922635.42
Pennsylvania,2023-08-27,350649495.67999995
Pennsylvania,2023-09-03,357376355.93999994
Pennsylvania,2023-09-10,364103216.1999999
Pennsylvania,2023-09-17,394428556.9833333
Pennsylvania,2023-09-24,424753897.7666666
Pennsylvania,2023-10-01,455079238.54999995
Pennsylvania,2023-10-08,485404579.3333333
Pennsylvania,2023-10-15,515729920.1166667
Pennsylvania,2023-10-22,546055260.9
Pennsylvania,2023-10-29,576380601.6833334
Pennsylvania,2023-11-05,606705942.4666667
Pennsylvania,2023-11-12,637031283.25
Pennsylvania,2023-11-19,667356624.0333333
Pennsylvania,2023-11-26,697681964.8166667
Pennsylvania,2023-12-03,728007305.6
Rhode Island,2019-01-13,13851887.4
Rhode Island,2019-01-20,13852378.0
Rhode Island,2019-01-27,13852868.6
Rhode Island,2019-02-03,13853359.2
Rhode Island,2019-02-10,13853849.799999999
Rhode Island,2019-02-17,13854340.4
Rhode Island,2019-02-24,13854831.0
Rhode Island,2019-03-03,13855321.6
Rhode Island,2019-03-10,13855812.2
Rhode Island,2019-03-17,13856302.799999999
Rhode Island,2019-03-24,13933023.423076922
Rhode Island,2019-03-31,14009744.046153845
Rhode Island,2019-04-07,14086464.669230768
Rhode Island,2019-04-14,14163185.292307692
Rhode Island,2019-04-21,14239905.915384615
Rhode Island,2019-04-28,14316626.538461538
Rhode Island,2019-05-05,14393347.161538461
Rhode Island,2019-05-12,14470067.784615384
Rhode Island,2019-05-19,14546788.407692308
Rhode Island,2019-05-26,14623509.03076923
Rhode Island,2019-06-02,14700229.653846154
Rhode Island,2019-06-09,14776950.276923077
Rhode Island,2019-06-16,14853670.9
Rhode Island,2019-06-23,14797366.466666667
Rhode Island,2019-06-30,14741062.033333333
Rhode Island,2019-07-07,14684757.6
Rhode Island,2019-07-14,14628453.166666666
Rhode Island,2019-07-21,14572148.733333334
Rhode Island,2019-07-28,14515844.3
Rhode Island,2019-08-04,14459539.866666667
Rhode Island,2019-08-11,14403235.433333334
Rhode Island,2019-08-18,14346931.0
Rhode Island,2019-08-25,16054045.0
Rhode Island,2019-09-01,17761159.0
Rhode Island,2019-09-08,19468273.0
Rhode Island,2019-09-15,21175387.0
Rhode Island,2019-09-22,22882501.0
Rhode Island,2019-09-29,24589615.0
Rhode Island,2019-10-06,26296729.0
Rhode Island,2019-10-13,28003843.0
Rhode Island,2019-10-20,13265842.2
Rhode Island,2019-10-27,13320632.1
Rhode Island,2019-11-03,13481145.433333334
Rhode Island,2019-11-10,13641658.766666666
Rhode Island,2019-11-17,13802172.1
Rhode Island,2019-11-24,14064840.200000001
Rhode Island,2019-12-01,13930138.9
Rhode Island,2019-12-08,13795437.6
Rhode Island,2019-12-15,13660736.299999999
Rhode Island,2019-12-22,14871015.3
Rhode Island,2019-12-29,14479431.0
Rhode Island,2020-01-05,14290557.4
Rhode Island,2020-01-12,14239756.5
Rhode Island,2020-01-19,13821908.9
Rhode Island,2020-01-26,13665331.0
Rhode Island,2020-02-02,13718696.899999999
Rhode Island,2020-02-09,18638116.5
Rhode Island,2020-02-16,13245522.0
Rhode Island,2020-02-23,13451280.6
Rhode Island,2020-03-01,14516366.95
Rhode Island,2020-03-08,15581453.299999999
Rhode Island,2020-03-15,16069507.9
Rhode Island,2020-03-22,17031395.099999998
Rhode Island,2020-03-29,14606409.6
Rhode Island,2020-04-05,15136354.6
Rhode Island,2020-04-12,15666299.6
Rhode Island,2020-04-19,13908239.3
Rhode Island,2020-04-26,14217015.9
Rhode Island,2020-05-03,14508723.1
Rhode Island,2020-05-10,35562076.0
Rhode Island,2020-05-17,15895281.5
Rhode Island,2020-05-24,16903671.8
Rhode Island,2020-05-31,17519944.1
Rhode Island,2020-06-07,33043188.900000002
Rhode Island,2020-06-14,48566433.7
Rhode Island,2020-06-21,17104333.0
Rhode Island,2020-06-28,17784393.1
Rhode Island,2020-07-05,17645580.25
Rhode Island,2020-07-12,17506767.400000002
Rhode Island,2020-07-19,17530223.6
Rhode Island,2020-07-26,17701063.5
Rhode Island,2020-08-02,16617144.75
Rhode Island,2020-08-09,15533226.0
Rhode Island,2020-08-16,32627225.4
Rhode Island,2020-08-23,16266952.8
Rhode Island,2020-08-30,16170663.9
Rhode Island,2020-09-06,14421601.4
Rhode Island,2020-09-13,33850229.1
Rhode Island,2020-09-20,14909112.4
Rhode Island,2020-09-27,15194352.700000001
Rhode Island,2020-10-04,15581740.7
Rhode Island,2020-10-11,15969128.7
Rhode Island,2020-10-18,14269881.0
Rhode Island,2020-10-25,14485540.1
Rhode Island,2020-11-01,19505192.566666666
Rhode Island,2020-11-08,24524845.03333333
Rhode Island,2020-11-15,29544497.5
Rhode Island,2020-11-22,14731989.600000001
Rhode Island,2020-11-29,15360321.600000001
Rhode Island,2020-12-06,28543734.599999998
Rhode Island,2020-12-13,32474394.6
Rhode Island,2020-12-20,15210313.7
Rhode Island,2020-12-27,15734816.4
Rhode Island,2021-01-03,17452086.2
Rhode Island,2021-01-10,19169356.0
Rhode Island,2021-01-17,14687264.399999999
Rhode Island,2021-01-24,14649492.0
Rhode Island,2021-01-31,14322677.0
Rhode Island,2021-02-07,16583193.899999999
Rhode Island,2021-02-14,14493827.1
Rhode Island,2021-02-21,14463611.6
Rhode Island,2021-02-28,14868786.299999999
Rhode Island,2021-03-07,14645229.7
Rhode Island,2021-03-14,41054710.2
Rhode Island,2021-03-21,18108324.7
Rhode Island,2021-03-28,15849364.2
Rhode Island,2021-04-04,16257945.9
Rhode Island,2021-04-11,19914189.8
Rhode Island,2021-04-18,15576967.9
Rhode Island,2021-04-25,16104315.9
Rhode Island,2021-05-02,17059117.3
Rhode Island,2021-05-09,18013918.7
Rhode Island,2021-05-16,40266227.5
Rhode Island,2021-05-23,18587101.8
Rhode Island,2021-05-30,18426785.8
Rhode Island,2021-06-06,18711193.700000003
Rhode Island,2021-06-13,19207114.6
Rhode Island,2021-06-20,18857726.7
Rhode Island,2021-06-27,18958249.0
Rhode Island,2021-07-04,31968427.0
Rhode Island,2021-07-11,23698831.400000002
Rhode Island,2021-07-18,17901415.6
Rhode Island,2021-07-25,19150496.0
Rhode Island,2021-08-01,19380426.75
Rhode Island,2021-08-08,19610357.5
Rhode Island,2021-08-15,18919592.900000002
Rhode Island,2021-08-22,18521346.900000002
Rhode Island,2021-08-29,17802863.299999997
Rhode Island,2021-09-05,17442899.8
Rhode Island,2021-09-12,16975043.25
Rhode Island,2021-09-19,16507186.7
Rhode Island,2021-09-26,16466648.0
Rhode Island,2021-10-03,14421114.700000001
Rhode Island,2021-10-10,23868670.7
Rhode Island,2021-10-17,22798438.4
Rhode Island,2021-10-24,22549741.6
Rhode Island,2021-10-31,22111739.3
Rhode Island,2021-11-07,35356450.5
Rhode Island,2021-11-14,23191646.8
Rhode Island,2021-11-21,23742343.9
Rhode Island,2021-11-28,22516816.3
Rhode Island,2021-12-05,31774969.699999996
Rhode Island,2021-12-12,41033123.099999994
Rhode Island,2021-12-19,24223428.1
Rhode Island,2021-12-26,24309916.700000003
Rhode Island,2022-01-02,24708200.650000002
Rhode Island,2022-01-09,25106484.6
Rhode Island,2022-01-16,22890137.399999995
Rhode Island,2022-01-23,22572808.9
Rhode Island,2022-01-30,23319591.9
Rhode Island,2022-02-06,22264586.7
Rhode Island,2022-02-13,47862217.6
Rhode Island,2022-02-20,22272307.0
Rhode Island,2022-02-27,22907790.8
Rhode Island,2022-03-06,25065171.8
Rhode Island,2022-03-13,54725815.0
Rhode Island,2022-03-20,23950719.299999997
Rhode Island,2022-03-27,23741770.5
Rhode Island,2022-04-03,26019168.95
Rhode Island,2022-04-10,28296567.4
Rhode Island,2022-04-17,48063297.8
Rhode Island,2022-04-24,23825887.0
Rhode Island,2022-05-01,26003514.65
Rhode Island,2022-05-08,28181142.3
Rhode Island,2022-05-15,26284223.300000004
Rhode Island,2022-05-22,27833789.9
Rhode Island,2022-05-29,27658680.900000002
Rhode Island,2022-06-05,47416495.400000006
Rhode Island,2022-06-12,25600521.3
Rhode Island,2022-06-19,27233550.0
Rhode Island,2022-06-26,27730958.599999998
Rhode Island,2022-07-03,29035582.25
Rhode Island,2022-07-10,30340205.900000002
Rhode Island,2022-07-17,27964640.1
Rhode Island,2022-07-24,29127141.0
Rhode Island,2022-07-31,29307271.000000004
Rhode Island,2022-08-07,26216068.900000002
Rhode Island,2022-08-14,28191072.700000003
Rhode Island,2022-08-21,28164175.6
Rhode Island,2022-08-28,27354433.099999998
Rhode Island,2022-09-04,22772786.500000004
Rhode Island,2022-09-11,25367581.299999997
Rhode Island,2022-09-18,25401321.999999996
Rhode Island,2022-09-25,24647726.599999998
Rhode Island,2022-10-02,39512185.2
Rhode Island,2022-10-09,54376643.800000004
Rhode Island,2022-10-16,24305333.9
Rhode Island,2022-10-23,24293166.500000004
Rhode Island,2022-10-30,23709243.8
Rhode Island,2022-11-06,49947374.10000001
Rhode Island,2022-11-13,76185504.4
Rhode Island,2022-11-20,24545419.0
Rhode Island,2022-11-27,25523522.900000002
Rhode Island,2022-12-04,26775159.1
Rhode Island,2022-12-11,28026795.3
Rhode Island,2022-12-18,25134439.499999996
Rhode Island,2022-12-25,27164718.6
Rhode Island,2023-01-01,23545998.5
Rhode Island,2023-01-08,23717626.4
Rhode Island,2023-01-15,23889254.299999997
Rhode Island,2023-01-22,23757840.800000004
Rhode Island,2023-01-29,24385607.0
Rhode Island,2023-02-05,25506948.400000002
Rhode Island,2023-02-12,24830549.6
Rhode Island,2023-02-19,24154150.800000004
Rhode Island,2023-02-26,24253797.9
Rhode Island,2023-03-05,25362425.2
Rhode Island,2023-03-12,26471052.5
Rhode Island,2023-03-19,27579679.8
Rhode Island,2023-03-26,25041536.599999998
Rhode Island,2023-04-02,25581118.299999997
Rhode Island,2023-04-09,26120700.0
Rhode Island,2023-04-16,26660281.7
Rhode Island,2023-04-23,26266039.0
Rhode Island,2023-04-30,26462619.0
Rhode Island,2023-05-07,51085051.10000001
Rhode Island,2023-05-14,48548760.04444445
Rhode Island,2023-05-21,46012468.9888889
Rhode Island,2023-05-28,43476177.93333334
Rhode Island,2023-06-04,40939886.877777785
Rhode Island,2023-06-11,38403595.822222225
Rhode Island,2023-06-18,35867304.766666666
Rhode Island,2023-06-25,33331013.71111111
Rhode Island,2023-07-02,30794722.655555554
Rhode Island,2023-07-09,28258431.599999998
Rhode Island,2023-07-16,27441829.974999998
Rhode Island,2023-07-23,26625228.35
Rhode Island,2023-07-30,25808626.725
Rhode Island,2023-08-06,24992025.1
Rhode Island,2023-08-13,25414553.080000002
Rhode Island,2023-08-20,25837081.06
Rhode Island,2023-08-27,26259609.04
Rhode Island,2023-09-03,26682137.019999996
Rhode Island,2023-09-10,27104664.999999996
Rhode Island,2023-09-17,29160363.40833333
Rhode Island,2023-09-24,31216061.816666663
Rhode Island,2023-10-01,33271760.224999998
Rhode Island,2023-10-08,35327458.63333333
Rhode Island,2023-10-15,37383157.04166667
Rhode Island,2023-10-22,39438855.45
Rhode Island,2023-10-29,41494553.858333334
Rhode Island,2023-11-05,43550252.266666666
Rhode Island,2023-11-12,45605950.675000004
Rhode Island,2023-11-19,47661649.08333334
Rhode Island,2023-11-26,49717347.491666675
Rhode Island,2023-12-03,51773045.900000006
South Carolina,2019-01-13,97713917.2
South Carolina,2019-01-20,98136629.21111111
South Carolina,2019-01-27,98559341.22222222
South Carolina,2019-02-03,98982053.23333333
South Carolina,2019-02-10,99404765.24444444
South Carolina,2019-02-17,99827477.25555557
South Carolina,2019-02-24,100250189.26666668
South Carolina,2019-03-03,100672901.27777779
South Carolina,2019-03-10,101095613.2888889
South Carolina,2019-03-17,101518325.30000001
South Carolina,2019-03-24,102507916.95384617
South Carolina,2019-03-31,103497508.60769232
South Carolina,2019-04-07,104487100.26153848
South Carolina,2019-04-14,105476691.91538462
South Carolina,2019-04-21,106466283.56923078
South Carolina,2019-04-28,107455875.22307692
South Carolina,2019-05-05,108445466.87692308
South Carolina,2019-05-12,109435058.53076923
South Carolina,2019-05-19,110424650.18461539
South Carolina,2019-05-26,111414241.83846153
South Carolina,2019-06-02,112403833.4923077
South Carolina,2019-06-09,113393425.14615384
South Carolina,2019-06-16,114383016.8
South Carolina,2019-06-23,112704234.13333333
South Carolina,2019-06-30,111025451.46666667
South Carolina,2019-07-07,109346668.8
South Carolina,2019-07-14,107667886.13333334
South Carolina,2019-07-21,105989103.46666667
South Carolina,2019-07-28,104310320.80000001
South Carolina,2019-08-04,102631538.13333334
South Carolina,2019-08-11,100952755.46666667
South Carolina,2019-08-18,99273972.80000001
South Carolina,2019-08-25,112994631.97500001
South Carolina,2019-09-01,126715291.15
South Carolina,2019-09-08,140435950.325
South Carolina,2019-09-15,154156609.5
South Carolina,2019-09-22,167877268.675
South Carolina,2019-09-29,181597927.85
South Carolina,2019-10-06,195318587.02499998
South Carolina,2019-10-13,209039246.2
South Carolina,2019-10-20,102885416.10000001
South Carolina,2019-10-27,98847770.6
South Carolina,2019-11-03,98757373.63333333
South Carolina,2019-11-10,98666976.66666667
South Carolina,2019-11-17,98576579.7
South Carolina,2019-11-24,100831192.60000001
South Carolina,2019-12-01,99629836.26666667
South Carolina,2019-12-08,98428479.93333334
South Carolina,2019-12-15,97227123.6
South Carolina,2019-12-22,106241374.7
South Carolina,2019-12-29,97728797.2
South Carolina,2020-01-05,102674942.3
South Carolina,2020-01-12,108607870.5
South Carolina,2020-01-19,96976761.3
South Carolina,2020-01-26,93453835.0
South Carolina,2020-02-02,97486877.19999999
South Carolina,2020-02-09,125876672.5
South Carolina,2020-02-16,98121231.8
South Carolina,2020-02-23,96624311.5
South Carolina,2020-03-01,106410449.5
South Carolina,2020-03-08,116196587.5
South Carolina,2020-03-15,121301348.0
South Carolina,2020-03-22,115236524.10000001
South Carolina,2020-03-29,105584122.2
South Carolina,2020-04-05,111988727.4
South Carolina,2020-04-12,118393332.60000001
South Carolina,2020-04-19,108156429.6
South Carolina,2020-04-26,108820075.2
South Carolina,2020-05-03,96859134.19999999
South Carolina,2020-05-10,242294475.10000002
South Carolina,2020-05-17,118588431.10000001
South Carolina,2020-05-24,122171669.0
South Carolina,2020-05-31,118551509.10000001
South Carolina,2020-06-07,232434650.64999998
South Carolina,2020-06-14,346317792.2
South Carolina,2020-06-21,119479061.9
South Carolina,2020-06-28,126408581.80000001
South Carolina,2020-07-05,124224232.60000001
South Carolina,2020-07-12,122039883.4
South Carolina,2020-07-19,129859708.7
South Carolina,2020-07-26,124835596.3
South Carolina,2020-08-02,115377204.35
South Carolina,2020-08-09,105918812.4
South Carolina,2020-08-16,235927481.6
South Carolina,2020-08-23,120757152.0
South Carolina,2020-08-30,126932493.9
South Carolina,2020-09-06,99428919.5
South Carolina,2020-09-13,245950503.0
South Carolina,2020-09-20,114240209.39999999
South Carolina,2020-09-27,114367164.8
South Carolina,2020-10-04,114793318.3
South Carolina,2020-10-11,115219471.8
South Carolina,2020-10-18,111258894.0
South Carolina,2020-10-25,109199832.0
South Carolina,2020-11-01,147110490.86666667
South Carolina,2020-11-08,185021149.73333335
South Carolina,2020-11-15,222931808.6
South Carolina,2020-11-22,111742858.7
South Carolina,2020-11-29,106117750.9
South Carolina,2020-12-06,206506385.7
South Carolina,2020-12-13,229581881.10000002
South Carolina,2020-12-20,111763891.8
South Carolina,2020-12-27,103647586.2
South Carolina,2021-01-03,120375710.15
South Carolina,2021-01-10,137103834.1
South Carolina,2021-01-17,105451569.69999999
South Carolina,2021-01-24,101756190.3
South Carolina,2021-01-31,102663344.8
South Carolina,2021-02-07,123593132.10000001
South Carolina,2021-02-14,104817841.10000001
South Carolina,2021-02-21,102379032.5
South Carolina,2021-02-28,108628106.69999999
South Carolina,2021-03-07,105691762.9
South Carolina,2021-03-14,311314137.9
South Carolina,2021-03-21,124498178.8
South Carolina,2021-03-28,114332167.39999999
South Carolina,2021-04-04,119123090.10000001
South Carolina,2021-04-11,142350227.7
South Carolina,2021-04-18,118708738.3
South Carolina,2021-04-25,117551689.6
South Carolina,2021-05-02,128577261.0
South Carolina,2021-05-09,139602832.4
South Carolina,2021-05-16,288098777.8
South Carolina,2021-05-23,129573464.5
South Carolina,2021-05-30,129965454.60000001
South Carolina,2021-06-06,131297261.3
South Carolina,2021-06-13,132205677.4
South Carolina,2021-06-20,132108079.89999999
South Carolina,2021-06-27,133108993.5
South Carolina,2021-07-04,218469110.10000002
South Carolina,2021-07-11,166607823.89999998
South Carolina,2021-07-18,139656336.29999998
South Carolina,2021-07-25,135020319.2
South Carolina,2021-08-01,133876789.75
South Carolina,2021-08-08,132733260.3
South Carolina,2021-08-15,138477664.9
South Carolina,2021-08-22,131830739.8
South Carolina,2021-08-29,133754230.5
South Carolina,2021-09-05,125587919.89999999
South Carolina,2021-09-12,125962834.6
South Carolina,2021-09-19,126337749.3
South Carolina,2021-09-26,121546105.1
South Carolina,2021-10-03,105420669.8
South Carolina,2021-10-10,176599857.9
South Carolina,2021-10-17,177044107.7
South Carolina,2021-10-24,169100034.8
South Carolina,2021-10-31,166307532.8
South Carolina,2021-11-07,252964195.0
South Carolina,2021-11-14,169313001.5
South Carolina,2021-11-21,172579093.0
South Carolina,2021-11-28,159627451.0
South Carolina,2021-12-05,226635279.1
South Carolina,2021-12-12,293643107.2
South Carolina,2021-12-19,171199262.20000002
South Carolina,2021-12-26,166981961.0
South Carolina,2022-01-02,178997876.4
South Carolina,2022-01-09,191013791.8
South Carolina,2022-01-16,167542161.4
South Carolina,2022-01-23,157956137.79999998
South Carolina,2022-01-30,159023663.2
South Carolina,2022-02-06,163551098.1
South Carolina,2022-02-13,367830763.90000004
South Carolina,2022-02-20,163508228.4
South Carolina,2022-02-27,172198535.79999998
South Carolina,2022-03-06,181076191.89999998
South Carolina,2022-03-13,390098497.90000004
South Carolina,2022-03-20,176316870.5
South Carolina,2022-03-27,178770773.2
South Carolina,2022-04-03,192911704.35
South Carolina,2022-04-10,207052635.5
South Carolina,2022-04-17,367259825.59999996
South Carolina,2022-04-24,184741953.2
South Carolina,2022-05-01,191467638.6
South Carolina,2022-05-08,198193324.0
South Carolina,2022-05-15,191201415.2
South Carolina,2022-05-22,203399074.10000002
South Carolina,2022-05-29,203009781.1
South Carolina,2022-06-05,341612587.79999995
South Carolina,2022-06-12,183072079.7
South Carolina,2022-06-19,206203990.89999998
South Carolina,2022-06-26,206761068.5
South Carolina,2022-07-03,208293113.35
South Carolina,2022-07-10,209825158.2
South Carolina,2022-07-17,206196710.8
South Carolina,2022-07-24,204000301.2
South Carolina,2022-07-31,209504319.9
South Carolina,2022-08-07,192637660.2
South Carolina,2022-08-14,211971499.9
South Carolina,2022-08-21,201723506.60000002
South Carolina,2022-08-28,208685841.29999998
South Carolina,2022-09-04,162783063.9
South Carolina,2022-09-11,192621233.60000002
South Carolina,2022-09-18,200168052.80000004
South Carolina,2022-09-25,200145634.39999998
South Carolina,2022-10-02,295556486.8
South Carolina,2022-10-09,390967339.20000005
South Carolina,2022-10-16,192750333.6
South Carolina,2022-10-23,186735843.2
South Carolina,2022-10-30,180597389.3
South Carolina,2022-11-06,370941786.6999999
South Carolina,2022-11-13,561286184.0999999
South Carolina,2022-11-20,186596157.7
South Carolina,2022-11-27,179285280.79999998
South Carolina,2022-12-04,189632416.5
South Carolina,2022-12-11,199979552.2
South Carolina,2022-12-18,187471223.2
South Carolina,2022-12-25,186801488.8
South Carolina,2023-01-01,178693691.4
South Carolina,2023-01-08,180483836.65
South Carolina,2023-01-15,182273981.9
South Carolina,2023-01-22,171650115.0
South Carolina,2023-01-29,171331528.0
South Carolina,2023-02-05,195832713.40000004
South Carolina,2023-02-12,187726143.8
South Carolina,2023-02-19,179619574.2
South Carolina,2023-02-26,185148805.0
South Carolina,2023-03-05,189809125.53333333
South Carolina,2023-03-12,194469446.06666666
South Carolina,2023-03-19,199129766.6
South Carolina,2023-03-26,188420756.3
South Carolina,2023-04-02,191503985.13333333
South Carolina,2023-04-09,194587213.96666667
South Carolina,2023-04-16,197670442.79999998
South Carolina,2023-04-23,198810906.70000002
South Carolina,2023-04-30,200954410.6
South Carolina,2023-05-07,372058467.1
South Carolina,2023-05-14,353810589.82222223
South Carolina,2023-05-21,335562712.54444444
South Carolina,2023-05-28,317314835.26666665
South Carolina,2023-06-04,299066957.9888889
South Carolina,2023-06-11,280819080.7111111
South Carolina,2023-06-18,262571203.43333334
South Carolina,2023-06-25,244323326.15555555
South Carolina,2023-07-02,226075448.87777779
South Carolina,2023-07-09,207827571.6
South Carolina,2023-07-16,200119456.925
South Carolina,2023-07-23,192411342.25
South Carolina,2023-07-30,184703227.575
South Carolina,2023-08-06,176995112.9
South Carolina,2023-08-13,181103050.0
South Carolina,2023-08-20,185210987.1
South Carolina,2023-08-27,189318924.2
South Carolina,2023-09-03,193426861.29999998
South Carolina,2023-09-10,197534798.39999998
South Carolina,2023-09-17,213396082.7083333
South Carolina,2023-09-24,229257367.01666665
South Carolina,2023-10-01,245118651.325
South Carolina,2023-10-08,260979935.63333333
South Carolina,2023-10-15,276841219.94166666
South Carolina,2023-10-22,292702504.25
South Carolina,2023-10-29,308563788.55833334
South Carolina,2023-11-05,324425072.8666667
South Carolina,2023-11-12,340286357.175
South Carolina,2023-11-19,356147641.48333335
South Carolina,2023-11-26,372008925.7916667
South Carolina,2023-12-03,387870210.1
South Dakota,2019-01-13,14701327.200000001
South Dakota,2019-01-20,14723089.177777778
South Dakota,2019-01-27,14744851.155555556
South Dakota,2019-02-03,14766613.133333335
South Dakota,2019-02-10,14788375.111111112
South Dakota,2019-02-17,14810137.08888889
South Dakota,2019-02-24,14831899.066666666
South Dakota,2019-03-03,14853661.044444446
South Dakota,2019-03-10,14875423.022222223
South Dakota,2019-03-17,14897185.0
South Dakota,2019-03-24,14925949.23846154
South Dakota,2019-03-31,14954713.476923076
South Dakota,2019-04-07,14983477.715384616
South Dakota,2019-04-14,15012241.953846155
South Dakota,2019-04-21,15041006.192307692
South Dakota,2019-04-28,15069770.430769231
South Dakota,2019-05-05,15098534.66923077
South Dakota,2019-05-12,15127298.90769231
South Dakota,2019-05-19,15156063.146153847
South Dakota,2019-05-26,15184827.384615386
South Dakota,2019-06-02,15213591.623076925
South Dakota,2019-06-09,15242355.861538462
South Dakota,2019-06-16,15271120.100000001
South Dakota,2019-06-23,15192483.48888889
South Dakota,2019-06-30,15113846.87777778
South Dakota,2019-07-07,15035210.266666668
South Dakota,2019-07-14,14956573.655555556
South Dakota,2019-07-21,14877937.044444446
South Dakota,2019-07-28,14799300.433333334
South Dakota,2019-08-04,14720663.822222222
South Dakota,2019-08-11,14642027.211111112
South Dakota,2019-08-18,14563390.6
South Dakota,2019-08-25,16554328.575
South Dakota,2019-09-01,18545266.55
South Dakota,2019-09-08,20536204.525
South Dakota,2019-09-15,22527142.5
South Dakota,2019-09-22,24518080.475
South Dakota,2019-09-29,26509018.45
South Dakota,2019-10-06,28499956.424999997
South Dakota,2019-10-13,30490894.4
South Dakota,2019-10-20,15676481.200000001
South Dakota,2019-10-27,15250300.0
South Dakota,2019-11-03,15502902.166666666
South Dakota,2019-11-10,15755504.333333334
South Dakota,2019-11-17,16008106.5
South Dakota,2019-11-24,15467800.799999999
South Dakota,2019-12-01,15666542.2
South Dakota,2019-12-08,15865283.6
South Dakota,2019-12-15,16064025.0
South Dakota,2019-12-22,16742200.5
South Dakota,2019-12-29,15095224.799999999
South Dakota,2020-01-05,15685228.6
South Dakota,2020-01-12,15798140.6
South Dakota,2020-01-19,14677693.299999999
South Dakota,2020-01-26,14904569.6
South Dakota,2020-02-02,15408969.8
South Dakota,2020-02-09,19718838.1
South Dakota,2020-02-16,15171291.6
South Dakota,2020-02-23,15018602.7
South Dakota,2020-03-01,16319603.1
South Dakota,2020-03-08,17620603.5
South Dakota,2020-03-15,17515040.0
South Dakota,2020-03-22,16883065.700000003
South Dakota,2020-03-29,15718331.4
South Dakota,2020-04-05,16163092.100000001
South Dakota,2020-04-12,16607852.8
South Dakota,2020-04-19,16578223.2
South Dakota,2020-04-26,16518924.0
South Dakota,2020-05-03,14584980.399999999
South Dakota,2020-05-10,37456899.7
South Dakota,2020-05-17,17720866.200000003
South Dakota,2020-05-24,18289916.900000002
South Dakota,2020-05-31,17591968.3
South Dakota,2020-06-07,35715103.10000001
South Dakota,2020-06-14,53838237.900000006
South Dakota,2020-06-21,19448822.2
South Dakota,2020-06-28,20706381.0
South Dakota,2020-07-05,20172371.4
South Dakota,2020-07-12,19638361.8
South Dakota,2020-07-19,20270768.7
South Dakota,2020-07-26,19649057.0
South Dakota,2020-08-02,18047252.55
South Dakota,2020-08-09,16445448.1
South Dakota,2020-08-16,36638301.300000004
South Dakota,2020-08-23,19444087.4
South Dakota,2020-08-30,18701634.9
South Dakota,2020-09-06,14295836.6
South Dakota,2020-09-13,37432537.099999994
South Dakota,2020-09-20,17797391.8
South Dakota,2020-09-27,17283572.2
South Dakota,2020-10-04,17263282.799999997
South Dakota,2020-10-11,17242993.4
South Dakota,2020-10-18,16674281.0
South Dakota,2020-10-25,15660179.0
South Dakota,2020-11-01,21587969.5
South Dakota,2020-11-08,27515760.0
South Dakota,2020-11-15,33443550.5
South Dakota,2020-11-22,16721167.299999999
South Dakota,2020-11-29,15436614.899999999
South Dakota,2020-12-06,31338638.3
South Dakota,2020-12-13,36580219.6
South Dakota,2020-12-20,17144204.6
South Dakota,2020-12-27,16142224.200000001
South Dakota,2021-01-03,18854534.1
South Dakota,2021-01-10,21566844.0
South Dakota,2021-01-17,15851076.899999999
South Dakota,2021-01-24,15560399.0
South Dakota,2021-01-31,15736581.2
South Dakota,2021-02-07,18812182.599999998
South Dakota,2021-02-14,15643629.5
South Dakota,2021-02-21,15564949.5
South Dakota,2021-02-28,16320595.4
South Dakota,2021-03-07,15773716.9
South Dakota,2021-03-14,45203839.0
South Dakota,2021-03-21,17838605.900000002
South Dakota,2021-03-28,16660801.5
South Dakota,2021-04-04,17655542.299999997
South Dakota,2021-04-11,23658904.4
South Dakota,2021-04-18,16872003.200000003
South Dakota,2021-04-25,17765950.9
South Dakota,2021-05-02,19018479.55
South Dakota,2021-05-09,20271008.200000003
South Dakota,2021-05-16,42848505.89999999
South Dakota,2021-05-23,19742943.4
South Dakota,2021-05-30,19751914.9
South Dakota,2021-06-06,21278082.5
South Dakota,2021-06-13,21748015.0
South Dakota,2021-06-20,21546184.5
South Dakota,2021-06-27,21595075.5
South Dakota,2021-07-04,32787234.4
South Dakota,2021-07-11,25141436.8
South Dakota,2021-07-18,21734729.3
South Dakota,2021-07-25,22065420.3
South Dakota,2021-08-01,22140869.5
South Dakota,2021-08-08,22216318.7
South Dakota,2021-08-15,23853896.900000002
South Dakota,2021-08-22,21052542.7
South Dakota,2021-08-29,20265750.4
South Dakota,2021-09-05,18081148.0
South Dakota,2021-09-12,18650266.9
South Dakota,2021-09-19,19219385.8
South Dakota,2021-09-26,19121111.7
South Dakota,2021-10-03,15912125.1
South Dakota,2021-10-10,26411019.200000003
South Dakota,2021-10-17,25950714.000000004
South Dakota,2021-10-24,24802967.000000004
South Dakota,2021-10-31,24723617.1
South Dakota,2021-11-07,38184556.599999994
South Dakota,2021-11-14,25615141.900000002
South Dakota,2021-11-21,25404917.599999998
South Dakota,2021-11-28,24173893.5
South Dakota,2021-12-05,34396863.8
South Dakota,2021-12-12,44619834.1
South Dakota,2021-12-19,26628312.0
South Dakota,2021-12-26,25269496.3
South Dakota,2022-01-02,26515122.55
South Dakota,2022-01-09,27760748.8
South Dakota,2022-01-16,25161451.300000004
South Dakota,2022-01-23,24097439.299999997
South Dakota,2022-01-30,24745497.400000002
South Dakota,2022-02-06,24421533.9
South Dakota,2022-02-13,52780711.3
South Dakota,2022-02-20,24813223.900000002
South Dakota,2022-02-27,24932950.6
South Dakota,2022-03-06,27394215.0
South Dakota,2022-03-13,60286076.7
South Dakota,2022-03-20,27033560.700000003
South Dakota,2022-03-27,26345508.900000002
South Dakota,2022-04-03,28362651.400000002
South Dakota,2022-04-10,30379793.900000002
South Dakota,2022-04-17,53651335.300000004
South Dakota,2022-04-24,26202165.7
South Dakota,2022-05-01,28667928.4
South Dakota,2022-05-08,31133691.1
South Dakota,2022-05-15,29779175.8
South Dakota,2022-05-22,29490106.5
South Dakota,2022-05-29,30564534.200000003
South Dakota,2022-06-05,50320964.7
South Dakota,2022-06-12,26862346.200000003
South Dakota,2022-06-19,32696955.2
South Dakota,2022-06-26,32599629.0
South Dakota,2022-07-03,32858250.5
South Dakota,2022-07-10,33116872.0
South Dakota,2022-07-17,32895934.2
South Dakota,2022-07-24,32576161.599999998
South Dakota,2022-07-31,32311519.299999997
South Dakota,2022-08-07,28122314.400000002
South Dakota,2022-08-14,35828334.9
South Dakota,2022-08-21,30899092.4
South Dakota,2022-08-28,30005658.700000003
South Dakota,2022-09-04,24382755.5
South Dakota,2022-09-11,28029168.799999997
South Dakota,2022-09-18,29573605.0
South Dakota,2022-09-25,28387144.3
South Dakota,2022-10-02,43170116.699999996
South Dakota,2022-10-09,57953089.099999994
South Dakota,2022-10-16,28025865.5
South Dakota,2022-10-23,27164957.7
South Dakota,2022-10-30,26502941.6
South Dakota,2022-11-06,55056506.75
South Dakota,2022-11-13,83610071.9
South Dakota,2022-11-20,27720458.2
South Dakota,2022-11-27,26502627.8
South Dakota,2022-12-04,29346743.9
South Dakota,2022-12-11,32190860.0
South Dakota,2022-12-18,27963412.5
South Dakota,2022-12-25,28215951.1
South Dakota,2023-01-01,25916642.8
South Dakota,2023-01-08,26372134.75
South Dakota,2023-01-15,26827626.7
South Dakota,2023-01-22,25720897.0
South Dakota,2023-01-29,25917389.700000003
South Dakota,2023-02-05,27831589.4
South Dakota,2023-02-12,27406636.199999996
South Dakota,2023-02-19,26981682.999999996
South Dakota,2023-02-26,26132930.0
South Dakota,2023-03-05,27103252.266666666
South Dakota,2023-03-12,28073574.53333333
South Dakota,2023-03-19,29043896.799999997
South Dakota,2023-03-26,27328951.2
South Dakota,2023-04-02,27909951.4
South Dakota,2023-04-09,28490951.6
South Dakota,2023-04-16,29071951.8
South Dakota,2023-04-23,28914904.6
South Dakota,2023-04-30,30087803.699999996
South Dakota,2023-05-07,54181398.0
South Dakota,2023-05-14,51595086.97777778
South Dakota,2023-05-21,49008775.95555556
South Dakota,2023-05-28,46422464.93333333
South Dakota,2023-06-04,43836153.91111111
South Dakota,2023-06-11,41249842.88888889
South Dakota,2023-06-18,38663531.86666666
South Dakota,2023-06-25,36077220.84444444
South Dakota,2023-07-02,33490909.822222218
South Dakota,2023-07-09,30904598.799999997
South Dakota,2023-07-16,29449880.875
South Dakota,2023-07-23,27995162.95
South Dakota,2023-07-30,26540445.025
South Dakota,2023-08-06,25085727.1
South Dakota,2023-08-13,25842540.2
South Dakota,2023-08-20,26599353.3
South Dakota,2023-08-27,27356166.4
South Dakota,2023-09-03,28112979.5
South Dakota,2023-09-10,28869792.599999998
South Dakota,2023-09-17,31204758.65
South Dakota,2023-09-24,33539724.7
South Dakota,2023-10-01,35874690.75
South Dakota,2023-10-08,38209656.8
South Dakota,2023-10-15,40544622.85
South Dakota,2023-10-22,42879588.9
South Dakota,2023-10-29,45214554.95
South Dakota,2023-11-05,47549521.0
South Dakota,2023-11-12,49884487.05
South Dakota,2023-11-19,52219453.1
South Dakota,2023-11-26,54554419.150000006
South Dakota,2023-12-03,56889385.2
Tennessee,2019-01-13,133945172.6
Tennessee,2019-01-20,134249706.75555554
Tennessee,2019-01-27,134554240.91111112
Tennessee,2019-02-03,134858775.06666666
Tennessee,2019-02-10,135163309.2222222
Tennessee,2019-02-17,135467843.37777779
Tennessee,2019-02-24,135772377.53333333
Tennessee,2019-03-03,136076911.68888888
Tennessee,2019-03-10,136381445.84444445
Tennessee,2019-03-17,136685980.0
Tennessee,2019-03-24,138146615.2
Tennessee,2019-03-31,139607250.4
Tennessee,2019-04-07,141067885.6
Tennessee,2019-04-14,142528520.8
Tennessee,2019-04-21,143989156.0
Tennessee,2019-04-28,145449791.2
Tennessee,2019-05-05,146910426.4
Tennessee,2019-05-12,148371061.6
Tennessee,2019-05-19,149831696.79999998
Tennessee,2019-05-26,151292332.0
Tennessee,2019-06-02,152752967.2
Tennessee,2019-06-09,154213602.4
Tennessee,2019-06-16,155674237.6
Tennessee,2019-06-23,153424473.96666667
Tennessee,2019-06-30,151174710.33333334
Tennessee,2019-07-07,148924946.7
Tennessee,2019-07-14,146675183.06666666
Tennessee,2019-07-21,144425419.43333334
Tennessee,2019-07-28,142175655.8
Tennessee,2019-08-04,139925892.1666667
Tennessee,2019-08-11,137676128.53333333
Tennessee,2019-08-18,135426364.9
Tennessee,2019-08-25,153554932.3625
Tennessee,2019-09-01,171683499.82500002
Tennessee,2019-09-08,189812067.28750002
Tennessee,2019-09-15,207940634.75
Tennessee,2019-09-22,226069202.21250004
Tennessee,2019-09-29,244197769.675
Tennessee,2019-10-06,262326337.13750002
Tennessee,2019-10-13,280454904.6
Tennessee,2019-10-20,139732667.6
Tennessee,2019-10-27,134319021.9
Tennessee,2019-11-03,134609511.73333335
Tennessee,2019-11-10,134900001.56666666
Tennessee,2019-11-17,135190491.4
Tennessee,2019-11-24,139393955.3
Tennessee,2019-12-01,138012497.96666667
Tennessee,2019-12-08,136631040.63333333
Tennessee,2019-12-15,135249583.29999998
Tennessee,2019-12-22,143837603.7
Tennessee,2019-12-29,136181225.5
Tennessee,2020-01-05,139507290.70000002
Tennessee,2020-01-12,146919256.4
Tennessee,2020-01-19,133174599.8
Tennessee,2020-01-26,128870419.0
Tennessee,2020-02-02,132609604.0
Tennessee,2020-02-09,164098351.89999998
Tennessee,2020-02-16,129634554.39999999
Tennessee,2020-02-23,130792971.5
Tennessee,2020-03-01,143310295.2
Tennessee,2020-03-08,155827618.9
Tennessee,2020-03-15,158684644.20000002
Tennessee,2020-03-22,153445821.0
Tennessee,2020-03-29,140061173.70000002
Tennessee,2020-04-05,149573491.15
Tennessee,2020-04-12,159085808.6
Tennessee,2020-04-19,147343447.0
Tennessee,2020-04-26,146800271.3
Tennessee,2020-05-03,133107420.39999999
Tennessee,2020-05-10,321982717.7
Tennessee,2020-05-17,158429364.3
Tennessee,2020-05-24,165753716.29999998
Tennessee,2020-05-31,160317261.9
Tennessee,2020-06-07,316415252.5500001
Tennessee,2020-06-14,472513243.20000005
Tennessee,2020-06-21,162441172.0
Tennessee,2020-06-28,162325745.89999998
Tennessee,2020-07-05,162501079.34999996
Tennessee,2020-07-12,162676412.79999998
Tennessee,2020-07-19,168284776.0
Tennessee,2020-07-26,162653533.70000002
Tennessee,2020-08-02,154541661.15
Tennessee,2020-08-09,146429788.6
Tennessee,2020-08-16,319147145.0
Tennessee,2020-08-23,162518556.0
Tennessee,2020-08-30,160376685.0
Tennessee,2020-09-06,132141057.7
Tennessee,2020-09-13,333536491.4
Tennessee,2020-09-20,162000007.4
Tennessee,2020-09-27,153161315.3
Tennessee,2020-10-04,153872541.95
Tennessee,2020-10-11,154583768.6
Tennessee,2020-10-18,151088439.4
Tennessee,2020-10-25,149058214.6
Tennessee,2020-11-01,199770478.06666666
Tennessee,2020-11-08,250482741.53333333
Tennessee,2020-11-15,301195005.0
Tennessee,2020-11-22,152893005.6
Tennessee,2020-11-29,145806794.9
Tennessee,2020-12-06,280427320.3
Tennessee,2020-12-13,311439790.9
Tennessee,2020-12-20,151754623.2
Tennessee,2020-12-27,146242222.3
Tennessee,2021-01-03,163086955.60000002
Tennessee,2021-01-10,179931688.9
Tennessee,2021-01-17,145423790.0
Tennessee,2021-01-24,140867015.5
Tennessee,2021-01-31,141317750.3
Tennessee,2021-02-07,166154761.1
Tennessee,2021-02-14,143265220.70000002
Tennessee,2021-02-21,138443610.7
Tennessee,2021-02-28,152040541.4
Tennessee,2021-03-07,144863751.29999998
Tennessee,2021-03-14,416546219.7
Tennessee,2021-03-21,167121384.1
Tennessee,2021-03-28,152222936.1
Tennessee,2021-04-04,160816224.2
Tennessee,2021-04-11,185125331.0
Tennessee,2021-04-18,161584035.6
Tennessee,2021-04-25,158579318.5
Tennessee,2021-05-02,169804047.10000002
Tennessee,2021-05-09,181028775.70000002
Tennessee,2021-05-16,393019002.5
Tennessee,2021-05-23,175021293.4
Tennessee,2021-05-30,173529250.79999998
Tennessee,2021-06-06,174692380.3
Tennessee,2021-06-13,177318203.7
Tennessee,2021-06-20,182887171.5
Tennessee,2021-06-27,174789166.79999998
Tennessee,2021-07-04,302491705.70000005
Tennessee,2021-07-11,230197586.6
Tennessee,2021-07-18,181890342.9
Tennessee,2021-07-25,179525336.2
Tennessee,2021-08-01,181539318.29999998
Tennessee,2021-08-08,183553300.39999998
Tennessee,2021-08-15,186501515.4
Tennessee,2021-08-22,176653707.9
Tennessee,2021-08-29,179713841.20000002
Tennessee,2021-09-05,166121631.70000002
Tennessee,2021-09-12,169812878.45000002
Tennessee,2021-09-19,173504125.20000002
Tennessee,2021-09-26,164359613.6
Tennessee,2021-10-03,145534816.1
Tennessee,2021-10-10,239728177.0
Tennessee,2021-10-17,237896333.19999996
Tennessee,2021-10-24,233290614.1
Tennessee,2021-10-31,229313038.8
Tennessee,2021-11-07,340102791.9
Tennessee,2021-11-14,234007512.99999997
Tennessee,2021-11-21,238791206.10000002
Tennessee,2021-11-28,220939629.8
Tennessee,2021-12-05,312926389.54999995
Tennessee,2021-12-12,404913149.29999995
Tennessee,2021-12-19,237893228.1
Tennessee,2021-12-26,232430155.9
Tennessee,2022-01-02,244005226.15
Tennessee,2022-01-09,255580296.4
Tennessee,2022-01-16,232413351.0
Tennessee,2022-01-23,215309648.49999997
Tennessee,2022-01-30,219249546.20000002
Tennessee,2022-02-06,224767189.09999996
Tennessee,2022-02-13,493947840.40000004
Tennessee,2022-02-20,218613739.70000002
Tennessee,2022-02-27,233514025.50000003
Tennessee,2022-03-06,248168045.79999998
Tennessee,2022-03-13,522478719.2
Tennessee,2022-03-20,239039594.2
Tennessee,2022-03-27,242009531.1
Tennessee,2022-04-03,260505042.14999998
Tennessee,2022-04-10,279000553.2
Tennessee,2022-04-17,492550694.3
Tennessee,2022-04-24,247631529.89999998
Tennessee,2022-05-01,252727834.6
Tennessee,2022-05-08,257824139.3
Tennessee,2022-05-15,259908048.29999998
Tennessee,2022-05-22,274411658.90000004
Tennessee,2022-05-29,263543146.79999998
Tennessee,2022-06-05,466466681.3000001
Tennessee,2022-06-12,247831243.4
Tennessee,2022-06-19,276362609.09999996
Tennessee,2022-06-26,270841107.3
Tennessee,2022-07-03,275362587.05
Tennessee,2022-07-10,279884066.8
Tennessee,2022-07-17,269218064.2
Tennessee,2022-07-24,270085372.3
Tennessee,2022-07-31,273364369.90000004
Tennessee,2022-08-07,254369210.7
Tennessee,2022-08-14,281964916.1
Tennessee,2022-08-21,271716138.8
Tennessee,2022-08-28,273613651.49999994
Tennessee,2022-09-04,221163584.0
Tennessee,2022-09-11,258166826.7
Tennessee,2022-09-18,267283150.7
Tennessee,2022-09-25,262818392.3
Tennessee,2022-10-02,391107515.35
Tennessee,2022-10-09,519396638.40000004
Tennessee,2022-10-16,257083138.2
Tennessee,2022-10-23,249615671.20000002
Tennessee,2022-10-30,244890146.70000002
Tennessee,2022-11-06,501693586.85
Tennessee,2022-11-13,758497027.0
Tennessee,2022-11-20,252021987.89999998
Tennessee,2022-11-27,244384957.4
Tennessee,2022-12-04,252672778.3
Tennessee,2022-12-11,260960599.20000002
Tennessee,2022-12-18,255439196.2
Tennessee,2022-12-25,260271336.79999998
Tennessee,2023-01-01,238471493.99999997
Tennessee,2023-01-08,239809189.0
Tennessee,2023-01-15,241146884.0
Tennessee,2023-01-22,227700587.2
Tennessee,2023-01-29,232326867.9
Tennessee,2023-02-05,261110231.70000002
Tennessee,2023-02-12,252482764.45000002
Tennessee,2023-02-19,243855297.20000002
Tennessee,2023-02-26,246705711.5
Tennessee,2023-03-05,251636170.86666667
Tennessee,2023-03-12,256566630.23333335
Tennessee,2023-03-19,261497089.60000002
Tennessee,2023-03-26,250826660.79999998
Tennessee,2023-04-02,255209660.96666667
Tennessee,2023-04-09,259592661.13333333
Tennessee,2023-04-16,263975661.3
Tennessee,2023-04-23,264857798.7
Tennessee,2023-04-30,265892238.10000002
Tennessee,2023-05-07,501629560.6
Tennessee,2023-05-14,476281784.15555555
Tennessee,2023-05-21,450934007.7111111
Tennessee,2023-05-28,425586231.26666665
Tennessee,2023-06-04,400238454.82222223
Tennessee,2023-06-11,374890678.37777776
Tennessee,2023-06-18,349542901.9333333
Tennessee,2023-06-25,324195125.48888886
Tennessee,2023-07-02,298847349.04444444
Tennessee,2023-07-09,273499572.59999996
Tennessee,2023-07-16,263668382.62499997
Tennessee,2023-07-23,253837192.64999998
Tennessee,2023-07-30,244006002.67499998
Tennessee,2023-08-06,234174812.7
Tennessee,2023-08-13,239866431.68
Tennessee,2023-08-20,245558050.66
Tennessee,2023-08-27,251249669.64000002
Tennessee,2023-09-03,256941288.62
Tennessee,2023-09-10,262632907.60000002
Tennessee,2023-09-17,283838814.6416667
Tennessee,2023-09-24,305044721.68333334
Tennessee,2023-10-01,326250628.725
Tennessee,2023-10-08,347456535.7666667
Tennessee,2023-10-15,368662442.8083334
Tennessee,2023-10-22,389868349.85
Tennessee,2023-10-29,411074256.8916667
Tennessee,2023-11-05,432280163.9333334
Tennessee,2023-11-12,453486070.975
Tennessee,2023-11-19,474691978.0166667
Tennessee,2023-11-26,495897885.0583334
Tennessee,2023-12-03,517103792.1
Texas,2019-01-13,472848726.3
Texas,2019-01-20,473807571.43333334
Texas,2019-01-27,474766416.56666666
Texas,2019-02-03,475725261.7
Texas,2019-02-10,476684106.8333333
Texas,2019-02-17,477642951.9666667
Texas,2019-02-24,478601797.1
Texas,2019-03-03,479560642.23333335
Texas,2019-03-10,480519487.3666667
Texas,2019-03-17,481478332.5
Texas,2019-03-24,486062992.0923077
Texas,2019-03-31,490647651.6846154
Texas,2019-04-07,495232311.27692306
Texas,2019-04-14,499816970.86923075
Texas,2019-04-21,504401630.46153843
Texas,2019-04-28,508986290.0538461
Texas,2019-05-05,513570949.6461538
Texas,2019-05-12,518155609.2384615
Texas,2019-05-19,522740268.8307692
Texas,2019-05-26,527324928.42307687
Texas,2019-06-02,531909588.01538455
Texas,2019-06-09,536494247.60769224
Texas,2019-06-16,541078907.1999999
Texas,2019-06-23,533371321.3666666
Texas,2019-06-30,525663735.5333333
Texas,2019-07-07,517956149.6999999
Texas,2019-07-14,510248563.8666666
Texas,2019-07-21,502540978.0333333
Texas,2019-07-28,494833392.2
Texas,2019-08-04,487125806.3666667
Texas,2019-08-11,479418220.5333333
Texas,2019-08-18,471710634.7
Texas,2019-08-25,537493449.825
Texas,2019-09-01,603276264.95
Texas,2019-09-08,669059080.075
Texas,2019-09-15,734841895.2
Texas,2019-09-22,800624710.325
Texas,2019-09-29,866407525.45
Texas,2019-10-06,932190340.575
Texas,2019-10-13,997973155.7
Texas,2019-10-20,484212181.2
Texas,2019-10-27,483599434.59999996
Texas,2019-11-03,481767832.8666666
Texas,2019-11-10,479936231.1333333
Texas,2019-11-17,478104629.4
Texas,2019-11-24,490235898.70000005
Texas,2019-12-01,487345591.1
Texas,2019-12-08,484455283.5
Texas,2019-12-15,481564975.9
Texas,2019-12-22,507804111.7
Texas,2019-12-29,467525421.5
Texas,2020-01-05,492419825.5
Texas,2020-01-12,499850543.9
Texas,2020-01-19,461142927.40000004
Texas,2020-01-26,452238816.5
Texas,2020-02-02,471958589.5
Texas,2020-02-09,566934224.8
Texas,2020-02-16,458900855.09999996
Texas,2020-02-23,457236539.8
Texas,2020-03-01,497757057.35
Texas,2020-03-08,538277574.9
Texas,2020-03-15,587593531.4
Texas,2020-03-22,553455242.6999999
Texas,2020-03-29,498719329.1
Texas,2020-04-05,527356459.0
Texas,2020-04-12,555993588.9
Texas,2020-04-19,511736396.4
Texas,2020-04-26,515487729.8
Texas,2020-05-03,452390588.70000005
Texas,2020-05-10,1091744319.9
Texas,2020-05-17,542776799.5
Texas,2020-05-24,579200968.3000001
Texas,2020-05-31,544491664.1999999
Texas,2020-06-07,1097030931.25
Texas,2020-06-14,1649570198.3
Texas,2020-06-21,575978458.1999999
Texas,2020-06-28,558015179.1
Texas,2020-07-05,567791356.0
Texas,2020-07-12,577567532.9000001
Texas,2020-07-19,586136878.3
Texas,2020-07-26,558759619.6
Texas,2020-08-02,536373554.5
Texas,2020-08-09,513987489.40000004
Texas,2020-08-16,1127743263.6
Texas,2020-08-23,594962351.0
Texas,2020-08-30,587830950.8000001
Texas,2020-09-06,461755209.1
Texas,2020-09-13,1156527417.7
Texas,2020-09-20,552604068.7
Texas,2020-09-27,535440642.9
Texas,2020-10-04,534725809.85
Texas,2020-10-11,534010976.8
Texas,2020-10-18,537675845.5
Texas,2020-10-25,517086066.70000005
Texas,2020-11-01,700844929.5
Texas,2020-11-08,884603792.3
Texas,2020-11-15,1068362655.0999999
Texas,2020-11-22,539488247.5999999
Texas,2020-11-29,496499364.8
Texas,2020-12-06,969253878.8
Texas,2020-12-13,1095831688.0
Texas,2020-12-20,524094562.79999995
Texas,2020-12-27,499021080.6
Texas,2021-01-03,556295852.3
Texas,2021-01-10,613570624.0
Texas,2021-01-17,492394555.4
Texas,2021-01-24,481922319.7
Texas,2021-01-31,494403061.7
Texas,2021-02-07,562123904.9
Texas,2021-02-14,498618693.2
Texas,2021-02-21,505144380.4
Texas,2021-02-28,544512376.5
Texas,2021-03-07,485954921.4
Texas,2021-03-14,1473151160.3999999
Texas,2021-03-21,593057395.8000001
Texas,2021-03-28,530931011.90000004
Texas,2021-04-04,532237092.7
Texas,2021-04-11,639236238.0
Texas,2021-04-18,534217660.5
Texas,2021-04-25,546096314.1999999
Texas,2021-05-02,593506207.3
Texas,2021-05-09,640916100.4
Texas,2021-05-16,1337536366.6999998
Texas,2021-05-23,583267375.8
Texas,2021-05-30,593132908.9
Texas,2021-06-06,606902920.0
Texas,2021-06-13,635379158.1
Texas,2021-06-20,644970852.1
Texas,2021-06-27,611761164.4000001
Texas,2021-07-04,1055812342.0999999
Texas,2021-07-11,798078686.2
Texas,2021-07-18,626723671.5
Texas,2021-07-25,607071959.7
Texas,2021-08-01,617904733.8
Texas,2021-08-08,628737507.9
Texas,2021-08-15,654731719.9
Texas,2021-08-22,643350116.9
Texas,2021-08-29,633347096.0
Texas,2021-09-05,585712657.5999999
Texas,2021-09-12,595419784.55
Texas,2021-09-19,605126911.5
Texas,2021-09-26,576513741.4
Texas,2021-10-03,495592761.09999996
Texas,2021-10-10,860378788.0
Texas,2021-10-17,821470951.3
Texas,2021-10-24,816123888.0999999
Texas,2021-10-31,803785397.5000001
Texas,2021-11-07,1147636662.5
Texas,2021-11-14,813596079.7000002
Texas,2021-11-21,825496999.4
Texas,2021-11-28,753648978.6
Texas,2021-12-05,1078455318.45
Texas,2021-12-12,1403261658.3000002
Texas,2021-12-19,818184291.3000001
Texas,2021-12-26,790855957.2
Texas,2022-01-02,820511921.95
Texas,2022-01-09,850167886.7
Texas,2022-01-16,773239165.0999999
Texas,2022-01-23,757025431.4000001
Texas,2022-01-30,765830589.8000001
Texas,2022-02-06,756947880.9
Texas,2022-02-13,1701896179.3000002
Texas,2022-02-20,782777958.4
Texas,2022-02-27,802452110.0
Texas,2022-03-06,850032373.9
Texas,2022-03-13,1778925505.6
Texas,2022-03-20,833042209.5999999
Texas,2022-03-27,827095884.5
Texas,2022-04-03,899091146.95
Texas,2022-04-10,971086409.4000001
Texas,2022-04-17,1698826344.2
Texas,2022-04-24,839737382.2
Texas,2022-05-01,874695883.0999999
Texas,2022-05-08,909654383.9999999
Texas,2022-05-15,898767553.8
Texas,2022-05-22,895583946.8999999
Texas,2022-05-29,920017258.3000001
Texas,2022-06-05,1594373817.6999998
Texas,2022-06-12,847475436.3000001
Texas,2022-06-19,969023692.4
Texas,2022-06-26,940907761.5999999
Texas,2022-07-03,959962296.05
Texas,2022-07-10,979016830.5
Texas,2022-07-17,948093409.6
Texas,2022-07-24,941450752.5
Texas,2022-07-31,963109909.1
Texas,2022-08-07,890296798.9000001
Texas,2022-08-14,985374558.9
Texas,2022-08-21,956650830.4
Texas,2022-08-28,950231655.4000001
Texas,2022-09-04,762413549.3
Texas,2022-09-11,922684371.0
Texas,2022-09-18,931076823.3999999
Texas,2022-09-25,929950135.5
Texas,2022-10-02,1368930378.5
Texas,2022-10-09,1807910621.5
Texas,2022-10-16,901641946.3000001
Texas,2022-10-23,871009109.7
Texas,2022-10-30,850515309.8000001
Texas,2022-11-06,1755299155.6
Texas,2022-11-13,2660083001.4
Texas,2022-11-20,877944513.2
Texas,2022-11-27,817175268.9
Texas,2022-12-04,883522829.75
Texas,2022-12-11,949870390.5999999
Texas,2022-12-18,890163695.9
Texas,2022-12-25,883142797.3000001
Texas,2023-01-01,809153466.3
Texas,2023-01-08,820083596.8
Texas,2023-01-15,831013727.3000001
Texas,2023-01-22,803963606.1
Texas,2023-01-29,805963645.3
Texas,2023-02-05,877605066.2
Texas,2023-02-12,850902276.75
Texas,2023-02-19,824199487.3
Texas,2023-02-26,848193678.6999999
Texas,2023-03-05,872697377.5
Texas,2023-03-12,897201076.3000001
Texas,2023-03-19,921704775.1000001
Texas,2023-03-26,866642461.3000001
Texas,2023-04-02,880461131.0666667
Texas,2023-04-09,894279800.8333334
Texas,2023-04-16,908098470.6
Texas,2023-04-23,902732385.2
Texas,2023-04-30,913290166.7
Texas,2023-05-07,1708107931.7
Texas,2023-05-14,1625209497.788889
Texas,2023-05-21,1542311063.8777778
Texas,2023-05-28,1459412629.9666667
Texas,2023-06-04,1376514196.0555556
Texas,2023-06-11,1293615762.1444445
Texas,2023-06-18,1210717328.2333333
Texas,2023-06-25,1127818894.3222222
Texas,2023-07-02,1044920460.4111111
Texas,2023-07-09,962022026.5
Texas,2023-07-16,924410759.075
Texas,2023-07-23,886799491.6500001
Texas,2023-07-30,849188224.225
Texas,2023-08-06,811576956.8000001
Texas,2023-08-13,828805127.82
Texas,2023-08-20,846033298.84
Texas,2023-08-27,863261469.8600001
Texas,2023-09-03,880489640.8800001
Texas,2023-09-10,897717811.9000001
Texas,2023-09-17,973728023.4583334
Texas,2023-09-24,1049738235.0166668
Texas,2023-10-01,1125748446.575
Texas,2023-10-08,1201758658.1333334
Texas,2023-10-15,1277768869.6916666
Texas,2023-10-22,1353779081.25
Texas,2023-10-29,1429789292.8083334
Texas,2023-11-05,1505799504.3666668
Texas,2023-11-12,1581809715.925
Texas,2023-11-19,1657819927.4833333
Texas,2023-11-26,1733830139.0416665
Texas,2023-12-03,1809840350.6
Utah,2019-01-13,42799315.6
Utah,2019-01-20,42859867.58888889
Utah,2019-01-27,42920419.57777778
Utah,2019-02-03,42980971.56666667
Utah,2019-02-10,43041523.55555556
Utah,2019-02-17,43102075.54444444
Utah,2019-02-24,43162627.53333333
Utah,2019-03-03,43223179.52222222
Utah,2019-03-10,43283731.51111111
Utah,2019-03-17,43344283.5
Utah,2019-03-24,43548725.853846155
Utah,2019-03-31,43753168.20769231
Utah,2019-04-07,43957610.561538465
Utah,2019-04-14,44162052.91538461
Utah,2019-04-21,44366495.26923077
Utah,2019-04-28,44570937.62307692
Utah,2019-05-05,44775379.97692308
Utah,2019-05-12,44979822.33076923
Utah,2019-05-19,45184264.68461539
Utah,2019-05-26,45388707.038461536
Utah,2019-06-02,45593149.39230769
Utah,2019-06-09,45797591.74615385
Utah,2019-06-16,46002034.1
Utah,2019-06-23,45667459.08888889
Utah,2019-06-30,45332884.07777778
Utah,2019-07-07,44998309.06666667
Utah,2019-07-14,44663734.05555556
Utah,2019-07-21,44329159.04444444
Utah,2019-07-28,43994584.03333333
Utah,2019-08-04,43660009.02222222
Utah,2019-08-11,43325434.01111111
Utah,2019-08-18,42990859.0
Utah,2019-08-25,48643063.675
Utah,2019-09-01,54295268.35
Utah,2019-09-08,59947473.025000006
Utah,2019-09-15,65599677.7
Utah,2019-09-22,71251882.375
Utah,2019-09-29,76904087.05000001
Utah,2019-10-06,82556291.72500001
Utah,2019-10-13,88208496.4
Utah,2019-10-20,45862185.5
Utah,2019-10-27,45883522.3
Utah,2019-11-03,45952697.266666666
Utah,2019-11-10,46021872.23333333
Utah,2019-11-17,46091047.199999996
Utah,2019-11-24,46655269.0
Utah,2019-12-01,46282091.733333334
Utah,2019-12-08,45908914.46666666
Utah,2019-12-15,45535737.199999996
Utah,2019-12-22,50629210.900000006
Utah,2019-12-29,45035394.4
Utah,2020-01-05,46708924.0
Utah,2020-01-12,47922674.199999996
Utah,2020-01-19,42668744.5
Utah,2020-01-26,43123444.6
Utah,2020-02-02,46361418.8
Utah,2020-02-09,55710475.1
Utah,2020-02-16,43844393.8
Utah,2020-02-23,44119026.0
Utah,2020-03-01,48398015.2
Utah,2020-03-08,52677004.4
Utah,2020-03-15,55451153.400000006
Utah,2020-03-22,50908406.0
Utah,2020-03-29,47066271.4
Utah,2020-04-05,48771913.599999994
Utah,2020-04-12,50477555.8
Utah,2020-04-19,49273340.1
Utah,2020-04-26,50139846.6
Utah,2020-05-03,42867211.099999994
Utah,2020-05-10,106710967.9
Utah,2020-05-17,52220029.0
Utah,2020-05-24,53426619.8
Utah,2020-05-31,52132626.7
Utah,2020-06-07,103440814.1
Utah,2020-06-14,154749001.5
Utah,2020-06-21,53991955.400000006
Utah,2020-06-28,57756299.6
Utah,2020-07-05,56264045.150000006
Utah,2020-07-12,54771790.7
Utah,2020-07-19,58560317.1
Utah,2020-07-26,55499838.0
Utah,2020-08-02,52291384.1
Utah,2020-08-09,49082930.2
Utah,2020-08-16,105099688.5
Utah,2020-08-23,55895034.9
Utah,2020-08-30,55317886.400000006
Utah,2020-09-06,42266558.699999996
Utah,2020-09-13,106187677.0
Utah,2020-09-20,51048791.4
Utah,2020-09-27,50455449.9
Utah,2020-10-04,51898442.599999994
Utah,2020-10-11,53341435.3
Utah,2020-10-18,49473220.9
Utah,2020-10-25,48951557.800000004
Utah,2020-11-01,64925612.7
Utah,2020-11-08,80899667.6
Utah,2020-11-15,96873722.5
Utah,2020-11-22,49897853.699999996
Utah,2020-11-29,46779679.5
Utah,2020-12-06,90635391.5
Utah,2020-12-13,103135876.80000001
Utah,2020-12-20,51023829.8
Utah,2020-12-27,49514486.0
Utah,2021-01-03,54454367.2
Utah,2021-01-10,59394248.4
Utah,2021-01-17,47076790.0
Utah,2021-01-24,46429621.199999996
Utah,2021-01-31,47480593.800000004
Utah,2021-02-07,56007115.4
Utah,2021-02-14,47015915.300000004
Utah,2021-02-21,46635433.300000004
Utah,2021-02-28,49120500.0
Utah,2021-03-07,46487223.199999996
Utah,2021-03-14,137014851.2
Utah,2021-03-21,54636093.5
Utah,2021-03-28,49923058.1
Utah,2021-04-04,52632057.5
Utah,2021-04-11,64984991.3
Utah,2021-04-18,50219773.400000006
Utah,2021-04-25,52949841.9
Utah,2021-05-02,56557728.45
Utah,2021-05-09,60165615.0
Utah,2021-05-16,127308317.20000002
Utah,2021-05-23,57643999.5
Utah,2021-05-30,59459476.699999996
Utah,2021-06-06,60565269.6
Utah,2021-06-13,58920404.3
Utah,2021-06-20,62263406.6
Utah,2021-06-27,60996359.8
Utah,2021-07-04,101255209.9
Utah,2021-07-11,73559786.89999999
Utah,2021-07-18,61593658.199999996
Utah,2021-07-25,61069517.2
Utah,2021-08-01,60199748.900000006
Utah,2021-08-08,59329980.6
Utah,2021-08-15,60656350.6
Utah,2021-08-22,58497124.5
Utah,2021-08-29,57573623.4
Utah,2021-09-05,57583432.3
Utah,2021-09-12,57290812.0
Utah,2021-09-19,56998191.699999996
Utah,2021-09-26,56100568.5
Utah,2021-10-03,45720489.5
Utah,2021-10-10,75874140.59999998
Utah,2021-10-17,75271622.5
Utah,2021-10-24,74602835.20000002
Utah,2021-10-31,74405506.8
Utah,2021-11-07,112878259.1
Utah,2021-11-14,74020917.7
Utah,2021-11-21,76822261.69999999
Utah,2021-11-28,70963540.6
Utah,2021-12-05,100479436.25
Utah,2021-12-12,129995331.89999999
Utah,2021-12-19,79281414.5
Utah,2021-12-26,77692275.19999999
Utah,2022-01-02,79610207.94999999
Utah,2022-01-09,81528140.7
Utah,2022-01-16,72737608.20000002
Utah,2022-01-23,70837610.80000001
Utah,2022-01-30,73468047.5
Utah,2022-02-06,70611522.89999999
Utah,2022-02-13,156731468.7
Utah,2022-02-20,72603083.80000001
Utah,2022-02-27,73960835.7
Utah,2022-03-06,81837858.00000001
Utah,2022-03-13,174122632.3
Utah,2022-03-20,78357862.50000001
Utah,2022-03-27,79620270.40000002
Utah,2022-04-03,85208260.0
Utah,2022-04-10,90796249.6
Utah,2022-04-17,154442667.39999998
Utah,2022-04-24,78729129.80000001
Utah,2022-05-01,83191881.05000001
Utah,2022-05-08,87654632.3
Utah,2022-05-15,82901429.5
Utah,2022-05-22,84186908.4
Utah,2022-05-29,86852590.4
Utah,2022-06-05,151005258.1
Utah,2022-06-12,76788217.8
Utah,2022-06-19,90948762.19999999
Utah,2022-06-26,90996914.80000001
Utah,2022-07-03,89371574.2
Utah,2022-07-10,87746233.6
Utah,2022-07-17,93370301.10000001
Utah,2022-07-24,92176631.29999998
Utah,2022-07-31,88275946.3
Utah,2022-08-07,84612637.3
Utah,2022-08-14,89318533.10000001
Utah,2022-08-21,87263409.5
Utah,2022-08-28,88644859.4
Utah,2022-09-04,70280804.5
Utah,2022-09-11,80715550.0
Utah,2022-09-18,82578747.4
Utah,2022-09-25,81583654.4
Utah,2022-10-02,125564193.55000001
Utah,2022-10-09,169544732.70000002
Utah,2022-10-16,79051881.49999999
Utah,2022-10-23,78997314.5
Utah,2022-10-30,76819842.5
Utah,2022-11-06,158241734.29999998
Utah,2022-11-13,239663626.09999996
Utah,2022-11-20,80800177.30000001
Utah,2022-11-27,78027637.60000001
Utah,2022-12-04,84054041.55000001
Utah,2022-12-11,90080445.5
Utah,2022-12-18,82619797.4
Utah,2022-12-25,85948631.0
Utah,2023-01-01,72618035.39999999
Utah,2023-01-08,73808001.44999999
Utah,2023-01-15,74997967.5
Utah,2023-01-22,74262693.69999999
Utah,2023-01-29,75155901.10000001
Utah,2023-02-05,80784702.1
Utah,2023-02-12,79211673.44999999
Utah,2023-02-19,77638644.8
Utah,2023-02-26,77673269.0
Utah,2023-03-05,80074226.36666667
Utah,2023-03-12,82475183.73333333
Utah,2023-03-19,84876141.10000001
Utah,2023-03-26,80341382.39999999
Utah,2023-04-02,81211213.2
Utah,2023-04-09,82081044.0
Utah,2023-04-16,82950874.80000001
Utah,2023-04-23,83207752.10000001
Utah,2023-04-30,87151460.50000001
Utah,2023-05-07,160142258.7
Utah,2023-05-14,152387186.86666664
Utah,2023-05-21,144632115.03333333
Utah,2023-05-28,136877043.2
Utah,2023-06-04,129121971.36666666
Utah,2023-06-11,121366899.53333333
Utah,2023-06-18,113611827.69999999
Utah,2023-06-25,105856755.86666666
Utah,2023-07-02,98101684.03333333
Utah,2023-07-09,90346612.2
Utah,2023-07-16,85846734.6
Utah,2023-07-23,81346857.0
Utah,2023-07-30,76846979.4
Utah,2023-08-06,72347101.8
Utah,2023-08-13,74616440.72
Utah,2023-08-20,76885779.64
Utah,2023-08-27,79155118.56
Utah,2023-09-03,81424457.48
Utah,2023-09-10,83693796.4
Utah,2023-09-17,90792718.38333334
Utah,2023-09-24,97891640.36666667
Utah,2023-10-01,104990562.35
Utah,2023-10-08,112089484.33333333
Utah,2023-10-15,119188406.31666666
Utah,2023-10-22,126287328.3
Utah,2023-10-29,133386250.28333333
Utah,2023-11-05,140485172.26666665
Utah,2023-11-12,147584094.25
Utah,2023-11-19,154683016.23333332
Utah,2023-11-26,161781938.21666664
Utah,2023-12-03,168880860.2
Vermont,2019-01-13,10140664.299999999
Vermont,2019-01-20,10124846.799999999
Vermont,2019-01-27,10109029.299999999
Vermont,2019-02-03,10093211.799999999
Vermont,2019-02-10,10077394.299999999
Vermont,2019-02-17,10061576.8
Vermont,2019-02-24,10045759.3
Vermont,2019-03-03,10029941.8
Vermont,2019-03-10,10014124.3
Vermont,2019-03-17,9998306.8
Vermont,2019-03-24,10048754.615384616
Vermont,2019-03-31,10099202.430769231
Vermont,2019-04-07,10149650.246153846
Vermont,2019-04-14,10200098.061538462
Vermont,2019-04-21,10250545.876923077
Vermont,2019-04-28,10300993.692307692
Vermont,2019-05-05,10351441.507692307
Vermont,2019-05-12,10401889.323076922
Vermont,2019-05-19,10452337.138461538
Vermont,2019-05-26,10502784.953846153
Vermont,2019-06-02,10553232.769230768
Vermont,2019-06-09,10603680.584615383
Vermont,2019-06-16,10654128.399999999
Vermont,2019-06-23,10592423.31111111
Vermont,2019-06-30,10530718.22222222
Vermont,2019-07-07,10469013.133333333
Vermont,2019-07-14,10407308.044444444
Vermont,2019-07-21,10345602.955555554
Vermont,2019-07-28,10283897.866666665
Vermont,2019-08-04,10222192.777777778
Vermont,2019-08-11,10160487.688888889
Vermont,2019-08-18,10098782.6
Vermont,2019-08-25,11387466.4125
Vermont,2019-09-01,12676150.225
Vermont,2019-09-08,13964834.037500001
Vermont,2019-09-15,15253517.850000001
Vermont,2019-09-22,16542201.662500001
Vermont,2019-09-29,17830885.475
Vermont,2019-10-06,19119569.2875
Vermont,2019-10-13,20408253.1
Vermont,2019-10-20,10034765.8
Vermont,2019-10-27,9732838.7
Vermont,2019-11-03,9763540.5
Vermont,2019-11-10,9794242.3
Vermont,2019-11-17,9824944.100000001
Vermont,2019-11-24,10234925.7
Vermont,2019-12-01,10190070.233333332
Vermont,2019-12-08,10145214.766666666
Vermont,2019-12-15,10100359.299999999
Vermont,2019-12-22,10840313.100000001
Vermont,2019-12-29,11284136.8
Vermont,2020-01-05,10321603.4
Vermont,2020-01-12,10550546.1
Vermont,2020-01-19,10459226.4
Vermont,2020-01-26,10013202.4
Vermont,2020-02-02,10422771.200000001
Vermont,2020-02-09,13621460.4
Vermont,2020-02-16,10251653.0
Vermont,2020-02-23,10627026.5
Vermont,2020-03-01,10935701.2
Vermont,2020-03-08,11244375.899999999
Vermont,2020-03-15,11435654.3
Vermont,2020-03-22,11830940.5
Vermont,2020-03-29,10444062.100000001
Vermont,2020-04-05,10921213.150000002
Vermont,2020-04-12,11398364.200000001
Vermont,2020-04-19,10470686.4
Vermont,2020-04-26,10511675.1
Vermont,2020-05-03,11286677.0
Vermont,2020-05-10,25089141.099999998
Vermont,2020-05-17,11248781.3
Vermont,2020-05-24,12564024.600000001
Vermont,2020-05-31,12529765.9
Vermont,2020-06-07,23561608.550000004
Vermont,2020-06-14,34593451.2
Vermont,2020-06-21,12877303.4
Vermont,2020-06-28,13067928.600000001
Vermont,2020-07-05,12789545.0
Vermont,2020-07-12,12511161.4
Vermont,2020-07-19,13160168.1
Vermont,2020-07-26,13076993.6
Vermont,2020-08-02,12039841.6
Vermont,2020-08-09,11002689.6
Vermont,2020-08-16,23762452.6
Vermont,2020-08-23,12018680.799999999
Vermont,2020-08-30,11781951.5
Vermont,2020-09-06,10245582.5
Vermont,2020-09-13,24241255.0
Vermont,2020-09-20,10928516.2
Vermont,2020-09-27,11274683.9
Vermont,2020-10-04,11263419.0
Vermont,2020-10-11,11252154.1
Vermont,2020-10-18,10964926.4
Vermont,2020-10-25,10672287.4
Vermont,2020-11-01,14429863.933333334
Vermont,2020-11-08,18187440.46666667
Vermont,2020-11-15,21945017.0
Vermont,2020-11-22,10874180.4
Vermont,2020-11-29,10819020.0
Vermont,2020-12-06,20506925.700000003
Vermont,2020-12-13,24176555.799999997
Vermont,2020-12-20,10830189.7
Vermont,2020-12-27,11761643.9
Vermont,2021-01-03,12612884.899999999
Vermont,2021-01-10,13464125.899999999
Vermont,2021-01-17,10703796.0
Vermont,2021-01-24,10635882.5
Vermont,2021-01-31,10799388.8
Vermont,2021-02-07,11912435.0
Vermont,2021-02-14,10792892.1
Vermont,2021-02-21,11079749.5
Vermont,2021-02-28,10854414.4
Vermont,2021-03-07,11494780.9
Vermont,2021-03-14,29218518.400000002
Vermont,2021-03-21,12539025.6
Vermont,2021-03-28,11222142.899999999
Vermont,2021-04-04,11275936.600000001
Vermont,2021-04-11,14328350.3
Vermont,2021-04-18,11028639.200000001
Vermont,2021-04-25,11336823.4
Vermont,2021-05-02,11995515.35
Vermont,2021-05-09,12654207.299999999
Vermont,2021-05-16,28586830.5
Vermont,2021-05-23,13910947.799999999
Vermont,2021-05-30,13487131.9
Vermont,2021-06-06,13043593.0
Vermont,2021-06-13,13342856.7
Vermont,2021-06-20,13908879.8
Vermont,2021-06-27,13628238.2
Vermont,2021-07-04,22510653.9
Vermont,2021-07-11,16450799.200000001
Vermont,2021-07-18,13433530.9
Vermont,2021-07-25,13661363.2
Vermont,2021-08-01,13698201.95
Vermont,2021-08-08,13735040.7
Vermont,2021-08-15,14357893.3
Vermont,2021-08-22,13064025.100000001
Vermont,2021-08-29,12916089.799999999
Vermont,2021-09-05,11994925.799999999
Vermont,2021-09-12,11924490.5
Vermont,2021-09-19,11854055.200000001
Vermont,2021-09-26,12191093.5
Vermont,2021-10-03,10942795.899999999
Vermont,2021-10-10,17238408.799999997
Vermont,2021-10-17,16867635.5
Vermont,2021-10-24,16095629.6
Vermont,2021-10-31,15986865.4
Vermont,2021-11-07,25087737.6
Vermont,2021-11-14,16477179.7
Vermont,2021-11-21,16714317.700000001
Vermont,2021-11-28,16052503.6
Vermont,2021-12-05,22244350.0
Vermont,2021-12-12,28436196.4
Vermont,2021-12-19,17427391.6
Vermont,2021-12-26,17740467.9
Vermont,2022-01-02,17662422.75
Vermont,2022-01-09,17584377.6
Vermont,2022-01-16,16914501.5
Vermont,2022-01-23,16263821.500000002
Vermont,2022-01-30,16366357.700000001
Vermont,2022-02-06,17602152.0
Vermont,2022-02-13,34470118.9
Vermont,2022-02-20,16725384.299999999
Vermont,2022-02-27,16700358.6
Vermont,2022-03-06,17273731.7
Vermont,2022-03-13,39648982.300000004
Vermont,2022-03-20,17123995.400000002
Vermont,2022-03-27,16939632.5
Vermont,2022-04-03,18064176.85
Vermont,2022-04-10,19188721.200000003
Vermont,2022-04-17,34488154.2
Vermont,2022-04-24,16530616.500000002
Vermont,2022-05-01,18387000.3
Vermont,2022-05-08,20243384.099999998
Vermont,2022-05-15,19138994.3
Vermont,2022-05-22,20057254.2
Vermont,2022-05-29,19462027.5
Vermont,2022-06-05,34091370.3
Vermont,2022-06-12,17483212.0
Vermont,2022-06-19,20105332.7
Vermont,2022-06-26,20273984.500000004
Vermont,2022-07-03,20925050.0
Vermont,2022-07-10,21576115.5
Vermont,2022-07-17,21496520.500000004
Vermont,2022-07-24,21507023.599999998
Vermont,2022-07-31,21055278.5
Vermont,2022-08-07,18223423.6
Vermont,2022-08-14,20866310.8
Vermont,2022-08-21,19885723.7
Vermont,2022-08-28,19708102.2
Vermont,2022-09-04,16658675.3
Vermont,2022-09-11,18224034.1
Vermont,2022-09-18,18198309.6
Vermont,2022-09-25,17772235.2
Vermont,2022-10-02,27891444.4
Vermont,2022-10-09,38010653.6
Vermont,2022-10-16,17842758.3
Vermont,2022-10-23,17253871.9
Vermont,2022-10-30,17001669.7
Vermont,2022-11-06,34545445.5
Vermont,2022-11-13,52089221.3
Vermont,2022-11-20,17076820.2
Vermont,2022-11-27,17415650.7
Vermont,2022-12-04,18655015.299999997
Vermont,2022-12-11,19894379.9
Vermont,2022-12-18,17867736.9
Vermont,2022-12-25,19232543.599999998
Vermont,2023-01-01,18254415.4
Vermont,2023-01-08,17651477.25
Vermont,2023-01-15,17048539.1
Vermont,2023-01-22,17196042.100000005
Vermont,2023-01-29,17032340.3
Vermont,2023-02-05,17377273.3
Vermont,2023-02-12,17499504.1
Vermont,2023-02-19,17621734.900000002
Vermont,2023-02-26,17333835.0
Vermont,2023-03-05,17926377.53333333
Vermont,2023-03-12,18518920.066666666
Vermont,2023-03-19,19111462.599999998
Vermont,2023-03-26,17260096.400000002
Vermont,2023-04-02,17560747.366666667
Vermont,2023-04-09,17861398.333333336
Vermont,2023-04-16,18162049.3
Vermont,2023-04-23,17623202.9
Vermont,2023-04-30,18276857.2
Vermont,2023-05-07,35863776.099999994
Vermont,2023-05-14,34045015.02222222
Vermont,2023-05-21,32226253.94444444
Vermont,2023-05-28,30407492.866666663
Vermont,2023-06-04,28588731.788888887
Vermont,2023-06-11,26769970.71111111
Vermont,2023-06-18,24951209.633333333
Vermont,2023-06-25,23132448.555555556
Vermont,2023-07-02,21313687.47777778
Vermont,2023-07-09,19494926.400000002
Vermont,2023-07-16,18977733.750000004
Vermont,2023-07-23,18460541.1
Vermont,2023-07-30,17943348.450000003
Vermont,2023-08-06,17426155.800000004
Vermont,2023-08-13,17575639.660000004
Vermont,2023-08-20,17725123.520000003
Vermont,2023-08-27,17874607.38
Vermont,2023-09-03,18024091.24
Vermont,2023-09-10,18173575.099999998
Vermont,2023-09-17,19678582.825
Vermont,2023-09-24,21183590.549999997
Vermont,2023-10-01,22688598.275
Vermont,2023-10-08,24193606.0
Vermont,2023-10-15,25698613.725
Vermont,2023-10-22,27203621.450000003
Vermont,2023-10-29,28708629.175
Vermont,2023-11-05,30213636.900000002
Vermont,2023-11-12,31718644.625000004
Vermont,2023-11-19,33223652.35
Vermont,2023-11-26,34728660.075
Vermont,2023-12-03,36233667.800000004
Virginia,2019-01-13,153170304.29999998
Virginia,2019-01-20,153592287.75555554
Virginia,2019-01-27,154014271.2111111
Virginia,2019-02-03,154436254.66666666
Virginia,2019-02-10,154858238.12222221
Virginia,2019-02-17,155280221.57777777
Virginia,2019-02-24,155702205.03333333
Virginia,2019-03-03,156124188.4888889
Virginia,2019-03-10,156546171.94444445
Virginia,2019-03-17,156968155.4
Virginia,2019-03-24,158129560.57692307
Virginia,2019-03-31,159290965.75384617
Virginia,2019-04-07,160452370.93076923
Virginia,2019-04-14,161613776.1076923
Virginia,2019-04-21,162775181.2846154
Virginia,2019-04-28,163936586.46153846
Virginia,2019-05-05,165097991.63846153
Virginia,2019-05-12,166259396.8153846
Virginia,2019-05-19,167420801.9923077
Virginia,2019-05-26,168582207.16923076
Virginia,2019-06-02,169743612.34615383
Virginia,2019-06-09,170905017.52307692
Virginia,2019-06-16,172066422.7
Virginia,2019-06-23,170268509.58888888
Virginia,2019-06-30,168470596.47777778
Virginia,2019-07-07,166672683.36666667
Virginia,2019-07-14,164874770.25555557
Virginia,2019-07-21,163076857.14444444
Virginia,2019-07-28,161278944.03333333
Virginia,2019-08-04,159481030.92222223
Virginia,2019-08-11,157683117.81111112
Virginia,2019-08-18,155885204.70000002
Virginia,2019-08-25,176023671.0875
Virginia,2019-09-01,196162137.475
Virginia,2019-09-08,216300603.8625
Virginia,2019-09-15,236439070.25
Virginia,2019-09-22,256577536.6375
Virginia,2019-09-29,276716003.025
Virginia,2019-10-06,296854469.41249996
Virginia,2019-10-13,316992935.79999995
Virginia,2019-10-20,153893495.0
Virginia,2019-10-27,150809621.79999998
Virginia,2019-11-03,151166570.06666666
Virginia,2019-11-10,151523518.3333333
Virginia,2019-11-17,151880466.6
Virginia,2019-11-24,154500701.4
Virginia,2019-12-01,153387113.6
Virginia,2019-12-08,152273525.8
Virginia,2019-12-15,151159938.0
Virginia,2019-12-22,163692374.70000002
Virginia,2019-12-29,151352892.8
Virginia,2020-01-05,158527801.4
Virginia,2020-01-12,165112481.29999998
Virginia,2020-01-19,145982251.8
Virginia,2020-01-26,144337569.20000002
Virginia,2020-02-02,150953056.5
Virginia,2020-02-09,187624235.0
Virginia,2020-02-16,148167205.1
Virginia,2020-02-23,148804132.9
Virginia,2020-03-01,162754652.7
Virginia,2020-03-08,176705172.5
Virginia,2020-03-15,188754727.9
Virginia,2020-03-22,176342493.4
Virginia,2020-03-29,161690146.10000002
Virginia,2020-04-05,168953617.60000002
Virginia,2020-04-12,176217089.1
Virginia,2020-04-19,166221230.20000002
Virginia,2020-04-26,166146355.1
Virginia,2020-05-03,152001836.8
Virginia,2020-05-10,366467174.79999995
Virginia,2020-05-17,175645454.60000002
Virginia,2020-05-24,181602898.79999998
Virginia,2020-05-31,180652170.4
Virginia,2020-06-07,354257603.0
Virginia,2020-06-14,527863035.6
Virginia,2020-06-21,177589600.8
Virginia,2020-06-28,190019011.60000002
Virginia,2020-07-05,187767541.55
Virginia,2020-07-12,185516071.5
Virginia,2020-07-19,191619754.3
Virginia,2020-07-26,183961729.5
Virginia,2020-08-02,173685489.1
Virginia,2020-08-09,163409248.7
Virginia,2020-08-16,347296963.1
Virginia,2020-08-23,178591805.79999998
Virginia,2020-08-30,182383627.1
Virginia,2020-09-06,152055733.1
Virginia,2020-09-13,357430316.4
Virginia,2020-09-20,168928097.1
Virginia,2020-09-27,168797589.6
Virginia,2020-10-04,171980459.75
Virginia,2020-10-11,175163329.9
Virginia,2020-10-18,163050881.9
Virginia,2020-10-25,165623747.6
Virginia,2020-11-01,221532290.43333334
Virginia,2020-11-08,277440833.26666665
Virginia,2020-11-15,333349376.1
Virginia,2020-11-22,168158834.7
Virginia,2020-11-29,163619179.0
Virginia,2020-12-06,318167316.8
Virginia,2020-12-13,349801596.70000005
Virginia,2020-12-20,168096272.5
Virginia,2020-12-27,160600535.8
Virginia,2021-01-03,180310502.60000002
Virginia,2021-01-10,200020469.4
Virginia,2021-01-17,159488852.9
Virginia,2021-01-24,156698362.4
Virginia,2021-01-31,160272674.4
Virginia,2021-02-07,187739402.8
Virginia,2021-02-14,155848250.2
Virginia,2021-02-21,157894230.20000002
Virginia,2021-02-28,163796228.70000002
Virginia,2021-03-07,161285295.3
Virginia,2021-03-14,471127936.5
Virginia,2021-03-21,188758958.4
Virginia,2021-03-28,173111525.0
Virginia,2021-04-04,178524304.7
Virginia,2021-04-11,211924902.29999998
Virginia,2021-04-18,176271630.89999998
Virginia,2021-04-25,175065613.5
Virginia,2021-05-02,187470959.15
Virginia,2021-05-09,199876304.8
Virginia,2021-05-16,437343572.70000005
Virginia,2021-05-23,190347000.8
Virginia,2021-05-30,191434283.7
Virginia,2021-06-06,197856116.10000002
Virginia,2021-06-13,195582842.3
Virginia,2021-06-20,191339932.1
Virginia,2021-06-27,195554733.4
Virginia,2021-07-04,335175785.7
Virginia,2021-07-11,254210851.2
Virginia,2021-07-18,204653907.8
Virginia,2021-07-25,199486534.7
Virginia,2021-08-01,196858170.0
Virginia,2021-08-08,194229805.29999998
Virginia,2021-08-15,196460320.6
Virginia,2021-08-22,192954390.2
Virginia,2021-08-29,200620477.5
Virginia,2021-09-05,187731620.7
Virginia,2021-09-12,187368847.95
Virginia,2021-09-19,187006075.20000002
Virginia,2021-09-26,178228310.2
Virginia,2021-10-03,158932758.6
Virginia,2021-10-10,264267112.70000002
Virginia,2021-10-17,257032021.4
Virginia,2021-10-24,256856675.9
Virginia,2021-10-31,255221501.8
Virginia,2021-11-07,379508226.5
Virginia,2021-11-14,257365909.8
Virginia,2021-11-21,260709600.4
Virginia,2021-11-28,246183598.0
Virginia,2021-12-05,342492260.3
Virginia,2021-12-12,438800922.6
Virginia,2021-12-19,262572652.70000002
Virginia,2021-12-26,252987751.2
Virginia,2022-01-02,271857549.55
Virginia,2022-01-09,290727347.90000004
Virginia,2022-01-16,250857872.1
Virginia,2022-01-23,240630000.29999998
Virginia,2022-01-30,246332113.3
Virginia,2022-02-06,247570917.39999998
Virginia,2022-02-13,536661166.1
Virginia,2022-02-20,245704581.4
Virginia,2022-02-27,254539797.20000002
Virginia,2022-03-06,272520470.1999999
Virginia,2022-03-13,579633666.5
Virginia,2022-03-20,267757776.7
Virginia,2022-03-27,269389621.6
Virginia,2022-04-03,289448149.25
Virginia,2022-04-10,309506676.90000004
Virginia,2022-04-17,547608157.7
Virginia,2022-04-24,274802222.4
Virginia,2022-05-01,285318898.95
Virginia,2022-05-08,295835575.5
Virginia,2022-05-15,279296129.8
Virginia,2022-05-22,302860488.3
Virginia,2022-05-29,292593331.2
Virginia,2022-06-05,511525040.90000004
Virginia,2022-06-12,273249495.40000004
Virginia,2022-06-19,299528810.59999996
Virginia,2022-06-26,296107450.2
Virginia,2022-07-03,299288171.45
Virginia,2022-07-10,302468892.7
Virginia,2022-07-17,302418266.40000004
Virginia,2022-07-24,298574849.8000001
Virginia,2022-07-31,298870972.99999994
Virginia,2022-08-07,284854596.6
Virginia,2022-08-14,302020483.4
Virginia,2022-08-21,295293415.1
Virginia,2022-08-28,306222918.99999994
Virginia,2022-09-04,248898889.2
Virginia,2022-09-11,278024414.0
Virginia,2022-09-18,291679545.1999999
Virginia,2022-09-25,287218014.59999996
Virginia,2022-10-02,429996646.2499999
Virginia,2022-10-09,572775277.8999999
Virginia,2022-10-16,276442480.4
Virginia,2022-10-23,270821530.1
Virginia,2022-10-30,270254956.59999996
Virginia,2022-11-06,550776151.1499999
Virginia,2022-11-13,831297345.6999999
Virginia,2022-11-20,276320016.9
Virginia,2022-11-27,267855342.70000002
Virginia,2022-12-04,279020436.75
Virginia,2022-12-11,290185530.8
Virginia,2022-12-18,281170584.40000004
Virginia,2022-12-25,279780285.2
Virginia,2023-01-01,262853193.7
Virginia,2023-01-08,265513928.15
Virginia,2023-01-15,268174662.60000002
Virginia,2023-01-22,255636482.70000002
Virginia,2023-01-29,257988852.7
Virginia,2023-02-05,286229976.5
Virginia,2023-02-12,278679933.20000005
Virginia,2023-02-19,271129889.90000004
Virginia,2023-02-26,274063688.9
Virginia,2023-03-05,281776699.0333333
Virginia,2023-03-12,289489709.1666667
Virginia,2023-03-19,297202719.3
Virginia,2023-03-26,279532595.2
Virginia,2023-04-02,285475052.43333334
Virginia,2023-04-09,291417509.6666666
Virginia,2023-04-16,297359966.9
Virginia,2023-04-23,294647608.6
Virginia,2023-04-30,295973428.20000005
Virginia,2023-05-07,554180286.0999999
Virginia,2023-05-14,526134994.0999999
Virginia,2023-05-21,498089702.0999999
Virginia,2023-05-28,470044410.0999999
Virginia,2023-06-04,441999118.0999999
Virginia,2023-06-11,413953826.0999999
Virginia,2023-06-18,385908534.09999996
Virginia,2023-06-25,357863242.09999996
Virginia,2023-07-02,329817950.09999996
Virginia,2023-07-09,301772658.09999996
Virginia,2023-07-16,292182456.875
Virginia,2023-07-23,282592255.65
Virginia,2023-07-30,273002054.42499995
Virginia,2023-08-06,263411853.2
Virginia,2023-08-13,269497431.3
Virginia,2023-08-20,275583009.4
Virginia,2023-08-27,281668587.5
Virginia,2023-09-03,287754165.59999996
Virginia,2023-09-10,293839743.7
Virginia,2023-09-17,317533876.625
Virginia,2023-09-24,341228009.54999995
Virginia,2023-10-01,364922142.47499996
Virginia,2023-10-08,388616275.4
Virginia,2023-10-15,412310408.325
Virginia,2023-10-22,436004541.25
Virginia,2023-10-29,459698674.17499995
Virginia,2023-11-05,483392807.09999996
Virginia,2023-11-12,507086940.025
Virginia,2023-11-19,530781072.9499999
Virginia,2023-11-26,554475205.875
Virginia,2023-12-03,578169338.8
Washington,2019-01-13,100959341.5
Washington,2019-01-20,101013312.15555556
Washington,2019-01-27,101067282.81111111
Washington,2019-02-03,101121253.46666667
Washington,2019-02-10,101175224.12222223
Washington,2019-02-17,101229194.77777778
Washington,2019-02-24,101283165.43333334
Washington,2019-03-03,101337136.0888889
Washington,2019-03-10,101391106.74444444
Washington,2019-03-17,101445077.4
Washington,2019-03-24,101777295.13076924
Washington,2019-03-31,102109512.86153847
Washington,2019-04-07,102441730.5923077
Washington,2019-04-14,102773948.32307692
Washington,2019-04-21,103106166.05384615
Washington,2019-04-28,103438383.78461538
Washington,2019-05-05,103770601.51538461
Washington,2019-05-12,104102819.24615385
Washington,2019-05-19,104435036.97692308
Washington,2019-05-26,104767254.7076923
Washington,2019-06-02,105099472.43846153
Washington,2019-06-09,105431690.16923076
Washington,2019-06-16,105763907.89999999
Washington,2019-06-23,105401943.43333332
Washington,2019-06-30,105039978.96666665
Washington,2019-07-07,104678014.49999999
Washington,2019-07-14,104316050.03333332
Washington,2019-07-21,103954085.56666666
Washington,2019-07-28,103592121.1
Washington,2019-08-04,103230156.63333333
Washington,2019-08-11,102868192.16666666
Washington,2019-08-18,102506227.69999999
Washington,2019-08-25,115547089.85
Washington,2019-09-01,128587952.0
Washington,2019-09-08,141628814.14999998
Washington,2019-09-15,154669676.3
Washington,2019-09-22,167710538.45
Washington,2019-09-29,180751400.6
Washington,2019-10-06,193792262.75
Washington,2019-10-13,206833124.9
Washington,2019-10-20,102402217.1
Washington,2019-10-27,99549902.8
Washington,2019-11-03,100979480.16666667
Washington,2019-11-10,102409057.53333333
Washington,2019-11-17,103838634.9
Washington,2019-11-24,103657674.3
Washington,2019-12-01,104037837.16666667
Washington,2019-12-08,104418000.03333333
Washington,2019-12-15,104798162.9
Washington,2019-12-22,113080402.6
Washington,2019-12-29,100706539.0
Washington,2020-01-05,107477573.0
Washington,2020-01-12,108548730.0
Washington,2020-01-19,99153199.0
Washington,2020-01-26,99473246.3
Washington,2020-02-02,104126832.2
Washington,2020-02-09,133188124.7
Washington,2020-02-16,97362062.8
Washington,2020-02-23,99950409.39999999
Washington,2020-03-01,109025693.15
Washington,2020-03-08,118100976.9
Washington,2020-03-15,121698993.39999999
Washington,2020-03-22,119323648.7
Washington,2020-03-29,105643795.6
Washington,2020-04-05,109234516.9
Washington,2020-04-12,112825238.2
Washington,2020-04-19,113724188.0
Washington,2020-04-26,109935674.8
Washington,2020-05-03,101422957.2
Washington,2020-05-10,233842594.0
Washington,2020-05-17,117697089.2
Washington,2020-05-24,120918669.30000001
Washington,2020-05-31,119281232.4
Washington,2020-06-07,237788026.05
Washington,2020-06-14,356294819.70000005
Washington,2020-06-21,120673195.0
Washington,2020-06-28,124796648.10000001
Washington,2020-07-05,122589483.75
Washington,2020-07-12,120382319.4
Washington,2020-07-19,126359720.8
Washington,2020-07-26,127771348.19999999
Washington,2020-08-02,119579941.69999999
Washington,2020-08-09,111388535.2
Washington,2020-08-16,234858874.0
Washington,2020-08-23,122110121.5
Washington,2020-08-30,124259318.1
Washington,2020-09-06,104104167.2
Washington,2020-09-13,243615360.9
Washington,2020-09-20,111632321.5
Washington,2020-09-27,108526971.4
Washington,2020-10-04,118223729.65
Washington,2020-10-11,127920487.89999999
Washington,2020-10-18,106590823.60000001
Washington,2020-10-25,104835484.39999999
Washington,2020-11-01,142687296.3
Washington,2020-11-08,180539108.20000002
Washington,2020-11-15,218390920.10000002
Washington,2020-11-22,112227699.6
Washington,2020-11-29,105174025.0
Washington,2020-12-06,213305120.1
Washington,2020-12-13,230845433.7
Washington,2020-12-20,116309572.0
Washington,2020-12-27,107114656.3
Washington,2021-01-03,124819097.4
Washington,2021-01-10,142523538.5
Washington,2021-01-17,106760567.2
Washington,2021-01-24,105331133.8
Washington,2021-01-31,106648446.0
Washington,2021-02-07,124200173.30000001
Washington,2021-02-14,106007768.7
Washington,2021-02-21,105673903.7
Washington,2021-02-28,111021561.3
Washington,2021-03-07,108217572.2
Washington,2021-03-14,300365836.4
Washington,2021-03-21,123748906.30000001
Washington,2021-03-28,109799217.10000001
Washington,2021-04-04,116874861.3
Washington,2021-04-11,142870873.89999998
Washington,2021-04-18,124594635.60000001
Washington,2021-04-25,120861513.10000001
Washington,2021-05-02,128097491.15
Washington,2021-05-09,135333469.2
Washington,2021-05-16,295118733.9
Washington,2021-05-23,126138210.9
Washington,2021-05-30,128402099.7
Washington,2021-06-06,130216902.7
Washington,2021-06-13,125357944.4
Washington,2021-06-20,134192933.10000001
Washington,2021-06-27,145342545.20000002
Washington,2021-07-04,226123681.6
Washington,2021-07-11,164199928.1
Washington,2021-07-18,137489727.5
Washington,2021-07-25,137360142.20000002
Washington,2021-08-01,136876595.4
Washington,2021-08-08,136393048.6
Washington,2021-08-15,140790143.29999998
Washington,2021-08-22,131807622.1
Washington,2021-08-29,128473712.8
Washington,2021-09-05,130700688.8
Washington,2021-09-12,125965947.9
Washington,2021-09-19,121231207.0
Washington,2021-09-26,119610947.0
Washington,2021-10-03,109823464.5
Washington,2021-10-10,170162892.9
Washington,2021-10-17,167421377.39999998
Washington,2021-10-24,163190222.70000002
Washington,2021-10-31,165155956.0
Washington,2021-11-07,251083213.1
Washington,2021-11-14,168652229.9
Washington,2021-11-21,170098807.70000002
Washington,2021-11-28,158370542.1
Washington,2021-12-05,228328479.85000002
Washington,2021-12-12,298286417.6
Washington,2021-12-19,177080923.29999998
Washington,2021-12-26,166593895.7
Washington,2022-01-02,175938137.09999996
Washington,2022-01-09,185282378.49999997
Washington,2022-01-16,167157716.6
Washington,2022-01-23,164346105.6
Washington,2022-01-30,164024826.6
Washington,2022-02-06,161762010.2
Washington,2022-02-13,344932946.20000005
Washington,2022-02-20,160798544.60000002
Washington,2022-02-27,165041501.10000002
Washington,2022-03-06,177811518.70000002
Washington,2022-03-13,385774935.0
Washington,2022-03-20,174739184.70000002
Washington,2022-03-27,172332059.8
Washington,2022-04-03,186795119.20000002
Washington,2022-04-10,201258178.60000002
Washington,2022-04-17,356526296.1
Washington,2022-04-24,177382652.00000003
Washington,2022-05-01,184761377.10000002
Washington,2022-05-08,192140102.20000002
Washington,2022-05-15,189038307.5
Washington,2022-05-22,187445495.20000002
Washington,2022-05-29,191419159.5
Washington,2022-06-05,341971838.3
Washington,2022-06-12,172511051.2
Washington,2022-06-19,194298028.00000003
Washington,2022-06-26,213212071.5
Washington,2022-07-03,209674442.7
Washington,2022-07-10,206136813.9
Washington,2022-07-17,202846647.50000003
Washington,2022-07-24,205218551.0
Washington,2022-07-31,216107722.7
Washington,2022-08-07,191812754.49999997
Washington,2022-08-14,207721410.7
Washington,2022-08-21,197668601.89999998
Washington,2022-08-28,198708266.3
Washington,2022-09-04,166032158.8
Washington,2022-09-11,181190006.6
Washington,2022-09-18,183687055.4
Washington,2022-09-25,181678982.0
Washington,2022-10-02,277669446.75
Washington,2022-10-09,373659911.5
Washington,2022-10-16,177515318.3
Washington,2022-10-23,172848241.5
Washington,2022-10-30,171748532.6
Washington,2022-11-06,356697925.29999995
Washington,2022-11-13,541647317.9999999
Washington,2022-11-20,180770465.99999997
Washington,2022-11-27,172251421.2
Washington,2022-12-04,183897131.55
Washington,2022-12-11,195542841.9
Washington,2022-12-18,185957278.0
Washington,2022-12-25,180973701.70000002
Washington,2023-01-01,167220716.90000004
Washington,2023-01-08,170172752.60000002
Washington,2023-01-15,173124788.30000004
Washington,2023-01-22,169139519.89999998
Washington,2023-01-29,170124244.29999998
Washington,2023-02-05,180139569.20000002
Washington,2023-02-12,176027788.8
Washington,2023-02-19,171916008.4
Washington,2023-02-26,174541337.0
Washington,2023-03-05,179748458.43333334
Washington,2023-03-12,184955579.86666667
Washington,2023-03-19,190162701.3
Washington,2023-03-26,177118420.2
Washington,2023-04-02,180104995.36666664
Washington,2023-04-09,183091570.53333333
Washington,2023-04-16,186078145.7
Washington,2023-04-23,183827307.6
Washington,2023-04-30,195255995.7
Washington,2023-05-07,355381683.70000005
Washington,2023-05-14,338248105.4111112
Washington,2023-05-21,321114527.12222224
Washington,2023-05-28,303980948.8333334
Washington,2023-06-04,286847370.54444444
Washington,2023-06-11,269713792.25555557
Washington,2023-06-18,252580213.9666667
Washington,2023-06-25,235446635.6777778
Washington,2023-07-02,218313057.3888889
Washington,2023-07-09,201179479.1
Washington,2023-07-16,194356784.05
Washington,2023-07-23,187534089.0
Washington,2023-07-30,180711393.95
Washington,2023-08-06,173888698.9
Washington,2023-08-13,177004627.38
Washington,2023-08-20,180120555.86
Washington,2023-08-27,183236484.34
Washington,2023-09-03,186352412.82000002
Washington,2023-09-10,189468341.3
Washington,2023-09-17,204648027.48333335
Washington,2023-09-24,219827713.6666667
Washington,2023-10-01,235007399.85000002
Washington,2023-10-08,250187086.03333333
Washington,2023-10-15,265366772.21666667
Washington,2023-10-22,280546458.4
Washington,2023-10-29,295726144.5833333
Washington,2023-11-05,310905830.76666665
Washington,2023-11-12,326085516.95
Washington,2023-11-19,341265203.1333333
Washington,2023-11-26,356444889.31666666
Washington,2023-12-03,371624575.5
West Virginia,2019-01-13,38228549.6
West Virginia,2019-01-20,38360036.45555556
West Virginia,2019-01-27,38491523.311111115
West Virginia,2019-02-03,38623010.16666667
West Virginia,2019-02-10,38754497.02222223
West Virginia,2019-02-17,38885983.87777778
West Virginia,2019-02-24,39017470.733333334
West Virginia,2019-03-03,39148957.58888889
West Virginia,2019-03-10,39280444.44444445
West Virginia,2019-03-17,39411931.300000004
West Virginia,2019-03-24,39870608.03846154
West Virginia,2019-03-31,40329284.77692308
West Virginia,2019-04-07,40787961.51538462
West Virginia,2019-04-14,41246638.25384615
West Virginia,2019-04-21,41705314.99230769
West Virginia,2019-04-28,42163991.73076923
West Virginia,2019-05-05,42622668.46923077
West Virginia,2019-05-12,43081345.20769231
West Virginia,2019-05-19,43540021.94615385
West Virginia,2019-05-26,43998698.68461539
West Virginia,2019-06-02,44457375.42307692
West Virginia,2019-06-09,44916052.16153846
West Virginia,2019-06-16,45374728.9
West Virginia,2019-06-23,44763821.61111111
West Virginia,2019-06-30,44152914.322222225
West Virginia,2019-07-07,43542007.03333333
West Virginia,2019-07-14,42931099.744444445
West Virginia,2019-07-21,42320192.45555556
West Virginia,2019-07-28,41709285.16666667
West Virginia,2019-08-04,41098377.877777785
West Virginia,2019-08-11,40487470.58888889
West Virginia,2019-08-18,39876563.300000004
West Virginia,2019-08-25,45208524.5125
West Virginia,2019-09-01,50540485.725
West Virginia,2019-09-08,55872446.9375
West Virginia,2019-09-15,61204408.150000006
West Virginia,2019-09-22,66536369.3625
West Virginia,2019-09-29,71868330.575
West Virginia,2019-10-06,77200291.7875
West Virginia,2019-10-13,82532253.0
West Virginia,2019-10-20,38465748.6
West Virginia,2019-10-27,37769049.8
West Virginia,2019-11-03,37901294.36666667
West Virginia,2019-11-10,38033538.93333333
West Virginia,2019-11-17,38165783.5
West Virginia,2019-11-24,38850553.3
West Virginia,2019-12-01,38907123.766666666
West Virginia,2019-12-08,38963694.233333334
West Virginia,2019-12-15,39020264.7
West Virginia,2019-12-22,39733872.0
West Virginia,2019-12-29,37371772.0
West Virginia,2020-01-05,41365081.5
West Virginia,2020-01-12,40916620.5
West Virginia,2020-01-19,37593550.300000004
West Virginia,2020-01-26,37000482.7
West Virginia,2020-02-02,37965136.9
West Virginia,2020-02-09,46797382.0
West Virginia,2020-02-16,37831285.0
West Virginia,2020-02-23,37679972.2
West Virginia,2020-03-01,41533172.2
West Virginia,2020-03-08,45386372.2
West Virginia,2020-03-15,46329093.2
West Virginia,2020-03-22,45742605.0
West Virginia,2020-03-29,39704239.6
West Virginia,2020-04-05,42482922.0
West Virginia,2020-04-12,45261604.4
West Virginia,2020-04-19,42088578.6
West Virginia,2020-04-26,41845670.5
West Virginia,2020-05-03,39515529.5
West Virginia,2020-05-10,94386535.80000001
West Virginia,2020-05-17,45314230.4
West Virginia,2020-05-24,47497210.300000004
West Virginia,2020-05-31,47049172.6
West Virginia,2020-06-07,91687775.9
West Virginia,2020-06-14,136326379.2
West Virginia,2020-06-21,45134452.0
West Virginia,2020-06-28,46802342.099999994
West Virginia,2020-07-05,48074598.849999994
West Virginia,2020-07-12,49346855.6
West Virginia,2020-07-19,48445591.4
West Virginia,2020-07-26,46086420.4
West Virginia,2020-08-02,44314383.95
West Virginia,2020-08-09,42542347.5
West Virginia,2020-08-16,90969963.4
West Virginia,2020-08-23,45580541.699999996
West Virginia,2020-08-30,45367765.300000004
West Virginia,2020-09-06,40027527.3
West Virginia,2020-09-13,95939970.0
West Virginia,2020-09-20,43912689.699999996
West Virginia,2020-09-27,43194334.0
West Virginia,2020-10-04,44929827.4
West Virginia,2020-10-11,46665320.8
West Virginia,2020-10-18,41723664.9
West Virginia,2020-10-25,41389497.3
West Virginia,2020-11-01,56504201.333333336
West Virginia,2020-11-08,71618905.36666667
West Virginia,2020-11-15,86733609.4
West Virginia,2020-11-22,41861133.6
West Virginia,2020-11-29,40189418.5
West Virginia,2020-12-06,85092472.0
West Virginia,2020-12-13,90391040.8
West Virginia,2020-12-20,40782924.4
West Virginia,2020-12-27,39476417.3
West Virginia,2021-01-03,45032405.199999996
West Virginia,2021-01-10,50588393.099999994
West Virginia,2021-01-17,41657172.699999996
West Virginia,2021-01-24,38830024.9
West Virginia,2021-01-31,39954308.900000006
West Virginia,2021-02-07,47731132.5
West Virginia,2021-02-14,40975558.300000004
West Virginia,2021-02-21,39287973.199999996
West Virginia,2021-02-28,41951629.1
West Virginia,2021-03-07,40991524.599999994
West Virginia,2021-03-14,117526445.29999998
West Virginia,2021-03-21,49317076.9
West Virginia,2021-03-28,43325117.5
West Virginia,2021-04-04,45228377.5
West Virginia,2021-04-11,53976212.9
West Virginia,2021-04-18,44790016.6
West Virginia,2021-04-25,45503831.7
West Virginia,2021-05-02,47401298.45
West Virginia,2021-05-09,49298765.199999996
West Virginia,2021-05-16,112838372.4
West Virginia,2021-05-23,50637719.199999996
West Virginia,2021-05-30,51141617.2
West Virginia,2021-06-06,52005187.400000006
West Virginia,2021-06-13,52441621.4
West Virginia,2021-06-20,49020131.8
West Virginia,2021-06-27,48647522.6
West Virginia,2021-07-04,88495775.9
West Virginia,2021-07-11,67251490.00000001
West Virginia,2021-07-18,51619194.9
West Virginia,2021-07-25,50587312.599999994
West Virginia,2021-08-01,51185926.4
West Virginia,2021-08-08,51784540.2
West Virginia,2021-08-15,51606383.0
West Virginia,2021-08-22,48217705.3
West Virginia,2021-08-29,49288111.699999996
West Virginia,2021-09-05,49087004.800000004
West Virginia,2021-09-12,48555522.25
West Virginia,2021-09-19,48024039.7
West Virginia,2021-09-26,45557692.9
West Virginia,2021-10-03,43127643.0
West Virginia,2021-10-10,70399280.4
West Virginia,2021-10-17,66043677.9
West Virginia,2021-10-24,63842048.699999996
West Virginia,2021-10-31,63324231.099999994
West Virginia,2021-11-07,100648550.1
West Virginia,2021-11-14,66612659.9
West Virginia,2021-11-21,65121440.4
West Virginia,2021-11-28,60973906.49999999
West Virginia,2021-12-05,87799778.55
West Virginia,2021-12-12,114625650.60000001
West Virginia,2021-12-19,65395193.8
West Virginia,2021-12-26,62894154.0
West Virginia,2022-01-02,67878704.0
West Virginia,2022-01-09,72863254.0
West Virginia,2022-01-16,65977530.0
West Virginia,2022-01-23,59321561.7
West Virginia,2022-01-30,60682205.8
West Virginia,2022-02-06,62574613.1
West Virginia,2022-02-13,137013625.6
West Virginia,2022-02-20,61789070.800000004
West Virginia,2022-02-27,66154613.1
West Virginia,2022-03-06,69274026.0
West Virginia,2022-03-13,148523262.40000004
West Virginia,2022-03-20,67501869.8
West Virginia,2022-03-27,67529121.80000001
West Virginia,2022-04-03,72439474.85
West Virginia,2022-04-10,77349827.89999998
West Virginia,2022-04-17,139128228.6
West Virginia,2022-04-24,68168617.60000001
West Virginia,2022-05-01,71784401.5
West Virginia,2022-05-08,75400185.39999999
West Virginia,2022-05-15,73227904.2
West Virginia,2022-05-22,75824753.69999999
West Virginia,2022-05-29,72996965.7
West Virginia,2022-06-05,134755305.10000002
West Virginia,2022-06-12,70416470.0
West Virginia,2022-06-19,73102633.9
West Virginia,2022-06-26,72747321.19999999
West Virginia,2022-07-03,75515133.25
West Virginia,2022-07-10,78282945.3
West Virginia,2022-07-17,75992653.2
West Virginia,2022-07-24,73511309.5
West Virginia,2022-07-31,74698082.1
West Virginia,2022-08-07,74749668.89999999
West Virginia,2022-08-14,77673202.80000001
West Virginia,2022-08-21,73275468.69999999
West Virginia,2022-08-28,76344247.7
West Virginia,2022-09-04,65536847.2
West Virginia,2022-09-11,74190181.9
West Virginia,2022-09-18,74104003.80000001
West Virginia,2022-09-25,70874506.29999998
West Virginia,2022-10-02,110616610.85
West Virginia,2022-10-09,150358715.4
West Virginia,2022-10-16,70746845.19999999
West Virginia,2022-10-23,67673966.5
West Virginia,2022-10-30,67504383.39999999
West Virginia,2022-11-06,142218047.2
West Virginia,2022-11-13,216931711.0
West Virginia,2022-11-20,67479594.6
West Virginia,2022-11-27,66490665.199999996
West Virginia,2022-12-04,70714097.7
West Virginia,2022-12-11,74937530.2
West Virginia,2022-12-18,69850626.1
West Virginia,2022-12-25,70641050.0
West Virginia,2023-01-01,65687268.1
West Virginia,2023-01-08,67820082.0
West Virginia,2023-01-15,69952895.9
West Virginia,2023-01-22,63364499.0
West Virginia,2023-01-29,65045342.599999994
West Virginia,2023-02-05,71158237.5
West Virginia,2023-02-12,70125347.8
West Virginia,2023-02-19,69092458.1
West Virginia,2023-02-26,69679103.8
West Virginia,2023-03-05,71488408.46666667
West Virginia,2023-03-12,73297713.13333334
West Virginia,2023-03-19,75107017.80000001
West Virginia,2023-03-26,69340958.3
West Virginia,2023-04-02,71591980.96666667
West Virginia,2023-04-09,73843003.63333333
West Virginia,2023-04-16,76094026.3
West Virginia,2023-04-23,74040229.2
West Virginia,2023-04-30,75759703.0
West Virginia,2023-05-07,144361304.60000002
West Virginia,2023-05-14,137131949.6777778
West Virginia,2023-05-21,129902594.75555557
West Virginia,2023-05-28,122673239.83333334
West Virginia,2023-06-04,115443884.91111112
West Virginia,2023-06-11,108214529.98888889
West Virginia,2023-06-18,100985175.06666666
West Virginia,2023-06-25,93755820.14444444
West Virginia,2023-07-02,86526465.22222221
West Virginia,2023-07-09,79297110.29999998
West Virginia,2023-07-16,76962820.85
West Virginia,2023-07-23,74628531.39999999
West Virginia,2023-07-30,72294241.94999999
West Virginia,2023-08-06,69959952.5
West Virginia,2023-08-13,71660212.8
West Virginia,2023-08-20,73360473.1
West Virginia,2023-08-27,75060733.39999999
West Virginia,2023-09-03,76760993.69999999
West Virginia,2023-09-10,78461253.99999999
West Virginia,2023-09-17,84403741.46666665
West Virginia,2023-09-24,90346228.93333332
West Virginia,2023-10-01,96288716.39999999
West Virginia,2023-10-08,102231203.86666666
West Virginia,2023-10-15,108173691.33333333
West Virginia,2023-10-22,114116178.79999998
West Virginia,2023-10-29,120058666.26666665
West Virginia,2023-11-05,126001153.73333332
West Virginia,2023-11-12,131943641.19999999
West Virginia,2023-11-19,137886128.66666666
West Virginia,2023-11-26,143828616.13333333
West Virginia,2023-12-03,149771103.6
Wisconsin,2019-01-13,84291415.5
Wisconsin,2019-01-20,84306858.21111111
Wisconsin,2019-01-27,84322300.92222223
Wisconsin,2019-02-03,84337743.63333334
Wisconsin,2019-02-10,84353186.34444445
Wisconsin,2019-02-17,84368629.05555555
Wisconsin,2019-02-24,84384071.76666667
Wisconsin,2019-03-03,84399514.47777778
Wisconsin,2019-03-10,84414957.18888889
Wisconsin,2019-03-17,84430399.9
Wisconsin,2019-03-24,84605581.17692308
Wisconsin,2019-03-31,84780762.45384616
Wisconsin,2019-04-07,84955943.73076923
Wisconsin,2019-04-14,85131125.0076923
Wisconsin,2019-04-21,85306306.28461538
Wisconsin,2019-04-28,85481487.56153846
Wisconsin,2019-05-05,85656668.83846155
Wisconsin,2019-05-12,85831850.11538462
Wisconsin,2019-05-19,86007031.3923077
Wisconsin,2019-05-26,86182212.66923077
Wisconsin,2019-06-02,86357393.94615385
Wisconsin,2019-06-09,86532575.22307692
Wisconsin,2019-06-16,86707756.5
Wisconsin,2019-06-23,86535477.31111111
Wisconsin,2019-06-30,86363198.12222221
Wisconsin,2019-07-07,86190918.93333334
Wisconsin,2019-07-14,86018639.74444444
Wisconsin,2019-07-21,85846360.55555555
Wisconsin,2019-07-28,85674081.36666666
Wisconsin,2019-08-04,85501802.17777778
Wisconsin,2019-08-11,85329522.98888889
Wisconsin,2019-08-18,85157243.8
Wisconsin,2019-08-25,96012304.825
Wisconsin,2019-09-01,106867365.85
Wisconsin,2019-09-08,117722426.875
Wisconsin,2019-09-15,128577487.9
Wisconsin,2019-09-22,139432548.925
Wisconsin,2019-09-29,150287609.95
Wisconsin,2019-10-06,161142670.975
Wisconsin,2019-10-13,171997732.0
Wisconsin,2019-10-20,86378291.5
Wisconsin,2019-10-27,84847392.39999999
Wisconsin,2019-11-03,85466335.06666666
Wisconsin,2019-11-10,86085277.73333333
Wisconsin,2019-11-17,86704220.4
Wisconsin,2019-11-24,88143657.10000001
Wisconsin,2019-12-01,88007829.66666667
Wisconsin,2019-12-08,87872002.23333333
Wisconsin,2019-12-15,87736174.8
Wisconsin,2019-12-22,94516988.0
Wisconsin,2019-12-29,86541497.0
Wisconsin,2020-01-05,87040925.9
Wisconsin,2020-01-12,88525014.2
Wisconsin,2020-01-19,82278527.2
Wisconsin,2020-01-26,83227978.60000001
Wisconsin,2020-02-02,83991229.89999999
Wisconsin,2020-02-09,103478200.3
Wisconsin,2020-02-16,84046257.3
Wisconsin,2020-02-23,85512527.6
Wisconsin,2020-03-01,91024845.45
Wisconsin,2020-03-08,96537163.30000001
Wisconsin,2020-03-15,99213110.60000001
Wisconsin,2020-03-22,99225508.8
Wisconsin,2020-03-29,85948011.0
Wisconsin,2020-04-05,88201690.0
Wisconsin,2020-04-12,90455369.0
Wisconsin,2020-04-19,94645462.6
Wisconsin,2020-04-26,93598195.9
Wisconsin,2020-05-03,83982215.3
Wisconsin,2020-05-10,206456091.60000002
Wisconsin,2020-05-17,100460330.80000001
Wisconsin,2020-05-24,104290444.69999999
Wisconsin,2020-05-31,102166025.1
Wisconsin,2020-06-07,196686876.0
Wisconsin,2020-06-14,291207726.9
Wisconsin,2020-06-21,104650455.60000001
Wisconsin,2020-06-28,105545957.0
Wisconsin,2020-07-05,107051078.6
Wisconsin,2020-07-12,108556200.19999999
Wisconsin,2020-07-19,106809376.0
Wisconsin,2020-07-26,103471927.2
Wisconsin,2020-08-02,97355171.2
Wisconsin,2020-08-09,91238415.2
Wisconsin,2020-08-16,195635866.3
Wisconsin,2020-08-23,101400233.89999999
Wisconsin,2020-08-30,101921349.5
Wisconsin,2020-09-06,84231045.8
Wisconsin,2020-09-13,194463826.9
Wisconsin,2020-09-20,93763065.89999999
Wisconsin,2020-09-27,93904748.7
Wisconsin,2020-10-04,96793997.3
Wisconsin,2020-10-11,99683245.89999999
Wisconsin,2020-10-18,91154751.2
Wisconsin,2020-10-25,87616974.9
Wisconsin,2020-11-01,119897241.96666668
Wisconsin,2020-11-08,152177509.03333336
Wisconsin,2020-11-15,184457776.10000002
Wisconsin,2020-11-22,94058185.60000001
Wisconsin,2020-11-29,90350458.1
Wisconsin,2020-12-06,174620724.6
Wisconsin,2020-12-13,197849933.70000002
Wisconsin,2020-12-20,96028971.3
Wisconsin,2020-12-27,93388621.19999999
Wisconsin,2021-01-03,102079016.1
Wisconsin,2021-01-10,110769411.0
Wisconsin,2021-01-17,88841230.0
Wisconsin,2021-01-24,87496019.0
Wisconsin,2021-01-31,91152283.9
Wisconsin,2021-02-07,104492143.8
Wisconsin,2021-02-14,87410704.1
Wisconsin,2021-02-21,89602439.7
Wisconsin,2021-02-28,92603138.7
Wisconsin,2021-03-07,88536900.89999999
Wisconsin,2021-03-14,250135612.90000004
Wisconsin,2021-03-21,104751734.6
Wisconsin,2021-03-28,91098857.2
Wisconsin,2021-04-04,97437646.9
Wisconsin,2021-04-11,124132664.2
Wisconsin,2021-04-18,96311140.7
Wisconsin,2021-04-25,98740462.1
Wisconsin,2021-05-02,105136477.25
Wisconsin,2021-05-09,111532492.4
Wisconsin,2021-05-16,242225399.89999998
Wisconsin,2021-05-23,110768073.6
Wisconsin,2021-05-30,111868989.7
Wisconsin,2021-06-06,116249338.5
Wisconsin,2021-06-13,117237118.0
Wisconsin,2021-06-20,116460895.8
Wisconsin,2021-06-27,108722468.30000001
Wisconsin,2021-07-04,185334470.4
Wisconsin,2021-07-11,140427907.90000004
Wisconsin,2021-07-18,110798378.60000001
Wisconsin,2021-07-25,111772603.4
Wisconsin,2021-08-01,109978375.9
Wisconsin,2021-08-08,108184148.4
Wisconsin,2021-08-15,111276410.7
Wisconsin,2021-08-22,111059082.7
Wisconsin,2021-08-29,110814558.4
Wisconsin,2021-09-05,106201020.7
Wisconsin,2021-09-12,104353365.4
Wisconsin,2021-09-19,102505710.10000001
Wisconsin,2021-09-26,102265248.7
Wisconsin,2021-10-03,88958124.7
Wisconsin,2021-10-10,144063094.6
Wisconsin,2021-10-17,141440058.2
Wisconsin,2021-10-24,139449132.4
Wisconsin,2021-10-31,138373769.39999998
Wisconsin,2021-11-07,208585063.5
Wisconsin,2021-11-14,144043738.00000003
Wisconsin,2021-11-21,144661079.1
Wisconsin,2021-11-28,137384512.1
Wisconsin,2021-12-05,190355659.45
Wisconsin,2021-12-12,243326806.8
Wisconsin,2021-12-19,148776920.9
Wisconsin,2021-12-26,145243900.70000002
Wisconsin,2022-01-02,148870048.05
Wisconsin,2022-01-09,152496195.39999998
Wisconsin,2022-01-16,138091774.1
Wisconsin,2022-01-23,138088476.5
Wisconsin,2022-01-30,139017541.1
Wisconsin,2022-02-06,137051596.7
Wisconsin,2022-02-13,291380266.1
Wisconsin,2022-02-20,140249085.3
Wisconsin,2022-02-27,141695532.3
Wisconsin,2022-03-06,148790634.79999998
Wisconsin,2022-03-13,324487256.1
Wisconsin,2022-03-20,144371737.9
Wisconsin,2022-03-27,143698515.4
Wisconsin,2022-04-03,155887355.3
Wisconsin,2022-04-10,168076195.2
Wisconsin,2022-04-17,296771747.7
Wisconsin,2022-04-24,146967859.0
Wisconsin,2022-05-01,158629649.15
Wisconsin,2022-05-08,170291439.3
Wisconsin,2022-05-15,164745921.8
Wisconsin,2022-05-22,165614106.79999998
Wisconsin,2022-05-29,165984430.7
Wisconsin,2022-06-05,282883216.4
Wisconsin,2022-06-12,145964567.70000002
Wisconsin,2022-06-19,173919687.1
Wisconsin,2022-06-26,170159445.4
Wisconsin,2022-07-03,168730220.90000004
Wisconsin,2022-07-10,167300996.40000004
Wisconsin,2022-07-17,169197845.6
Wisconsin,2022-07-24,171737768.5
Wisconsin,2022-07-31,168619059.89999998
Wisconsin,2022-08-07,156608948.7
Wisconsin,2022-08-14,163347700.10000002
Wisconsin,2022-08-21,163579799.1
Wisconsin,2022-08-28,164951299.3
Wisconsin,2022-09-04,133988048.00000001
Wisconsin,2022-09-11,152510845.8
Wisconsin,2022-09-18,156284474.1
Wisconsin,2022-09-25,153506963.50000003
Wisconsin,2022-10-02,234110195.40000004
Wisconsin,2022-10-09,314713427.3
Wisconsin,2022-10-16,149052271.6
Wisconsin,2022-10-23,149625337.9
Wisconsin,2022-10-30,146529935.49999997
Wisconsin,2022-11-06,299714449.65
Wisconsin,2022-11-13,452898963.8
Wisconsin,2022-11-20,152474912.4
Wisconsin,2022-11-27,150635815.60000002
Wisconsin,2022-12-04,160012062.85000002
Wisconsin,2022-12-11,169388310.1
Wisconsin,2022-12-18,155791297.3
Wisconsin,2022-12-25,161068988.2
Wisconsin,2023-01-01,142641457.5
Wisconsin,2023-01-08,142760553.95
Wisconsin,2023-01-15,142879650.4
Wisconsin,2023-01-22,141574071.70000002
Wisconsin,2023-01-29,144952624.10000002
Wisconsin,2023-02-05,148877958.69999996
Wisconsin,2023-02-12,149116832.74999997
Wisconsin,2023-02-19,149355706.79999998
Wisconsin,2023-02-26,147986204.89999998
Wisconsin,2023-03-05,152323330.2
Wisconsin,2023-03-12,156660455.49999997
Wisconsin,2023-03-19,160997580.79999998
Wisconsin,2023-03-26,146433104.1
Wisconsin,2023-04-02,151797149.1
Wisconsin,2023-04-09,157161194.1
Wisconsin,2023-04-16,162525239.1
Wisconsin,2023-04-23,155482743.1
Wisconsin,2023-04-30,162200446.0
Wisconsin,2023-05-07,298798971.0
Wisconsin,2023-05-14,284180541.35555553
Wisconsin,2023-05-21,269562111.7111111
Wisconsin,2023-05-28,254943682.06666666
Wisconsin,2023-06-04,240325252.42222223
Wisconsin,2023-06-11,225706822.7777778
Wisconsin,2023-06-18,211088393.13333333
Wisconsin,2023-06-25,196469963.4888889
Wisconsin,2023-07-02,181851533.84444445
Wisconsin,2023-07-09,167233104.20000002
Wisconsin,2023-07-16,160563961.82500002
Wisconsin,2023-07-23,153894819.45000002
Wisconsin,2023-07-30,147225677.07500002
Wisconsin,2023-08-06,140556534.70000002
Wisconsin,2023-08-13,144243809.12
Wisconsin,2023-08-20,147931083.54
Wisconsin,2023-08-27,151618357.96
Wisconsin,2023-09-03,155305632.38
Wisconsin,2023-09-10,158992906.79999998
Wisconsin,2023-09-17,171732360.60833332
Wisconsin,2023-09-24,184471814.41666666
Wisconsin,2023-10-01,197211268.225
Wisconsin,2023-10-08,209950722.03333333
Wisconsin,2023-10-15,222690175.84166667
Wisconsin,2023-10-22,235429629.64999998
Wisconsin,2023-10-29,248169083.4583333
Wisconsin,2023-11-05,260908537.26666665
Wisconsin,2023-11-12,273647991.075
Wisconsin,2023-11-19,286387444.8833333
Wisconsin,2023-11-26,299126898.69166666
Wisconsin,2023-12-03,311866352.5
Wyoming,2019-01-13,11479224.7
Wyoming,2019-01-20,11516724.1
Wyoming,2019-01-27,11554223.5
Wyoming,2019-02-03,11591722.899999999
Wyoming,2019-02-10,11629222.299999999
Wyoming,2019-02-17,11666721.7
Wyoming,2019-02-24,11704221.1
Wyoming,2019-03-03,11741720.499999998
Wyoming,2019-03-10,11779219.899999999
Wyoming,2019-03-17,11816719.299999999
Wyoming,2019-03-24,11900541.415384615
Wyoming,2019-03-31,11984363.53076923
Wyoming,2019-04-07,12068185.646153845
Wyoming,2019-04-14,12152007.76153846
Wyoming,2019-04-21,12235829.876923077
Wyoming,2019-04-28,12319651.992307693
Wyoming,2019-05-05,12403474.107692307
Wyoming,2019-05-12,12487296.223076923
Wyoming,2019-05-19,12571118.338461539
Wyoming,2019-05-26,12654940.453846155
Wyoming,2019-06-02,12738762.569230769
Wyoming,2019-06-09,12822584.684615385
Wyoming,2019-06-16,12906406.8
Wyoming,2019-06-23,12785717.433333334
Wyoming,2019-06-30,12665028.066666666
Wyoming,2019-07-07,12544338.700000001
Wyoming,2019-07-14,12423649.333333334
Wyoming,2019-07-21,12302959.966666667
Wyoming,2019-07-28,12182270.6
Wyoming,2019-08-04,12061581.233333334
Wyoming,2019-08-11,11940891.866666667
Wyoming,2019-08-18,11820202.5
Wyoming,2019-08-25,13368111.8875
Wyoming,2019-09-01,14916021.275
Wyoming,2019-09-08,16463930.662500001
Wyoming,2019-09-15,18011840.05
Wyoming,2019-09-22,19559749.4375
Wyoming,2019-09-29,21107658.825000003
Wyoming,2019-10-06,22655568.212500002
Wyoming,2019-10-13,24203477.6
Wyoming,2019-10-20,12461447.200000001
Wyoming,2019-10-27,12136073.4
Wyoming,2019-11-03,12106916.866666667
Wyoming,2019-11-10,12077760.333333334
Wyoming,2019-11-17,12048603.8
Wyoming,2019-11-24,11965099.0
Wyoming,2019-12-01,12002831.033333333
Wyoming,2019-12-08,12040563.066666668
Wyoming,2019-12-15,12078295.100000001
Wyoming,2019-12-22,12814748.4
Wyoming,2019-12-29,11653245.299999999
Wyoming,2020-01-05,12575446.3
Wyoming,2020-01-12,12429955.8
Wyoming,2020-01-19,11686722.600000001
Wyoming,2020-01-26,11777731.7
Wyoming,2020-02-02,12232546.5
Wyoming,2020-02-09,15876121.200000001
Wyoming,2020-02-16,11769943.4
Wyoming,2020-02-23,11856643.0
Wyoming,2020-03-01,12844269.600000001
Wyoming,2020-03-08,13831896.200000001
Wyoming,2020-03-15,13765268.6
Wyoming,2020-03-22,13280267.9
Wyoming,2020-03-29,12158058.200000001
Wyoming,2020-04-05,12997624.45
Wyoming,2020-04-12,13837190.7
Wyoming,2020-04-19,12815882.5
Wyoming,2020-04-26,13110749.100000001
Wyoming,2020-05-03,11764975.1
Wyoming,2020-05-10,29563695.4
Wyoming,2020-05-17,13754300.0
Wyoming,2020-05-24,14021483.5
Wyoming,2020-05-31,14228463.799999999
Wyoming,2020-06-07,28572291.65
Wyoming,2020-06-14,42916119.5
Wyoming,2020-06-21,14818330.1
Wyoming,2020-06-28,16040049.7
Wyoming,2020-07-05,15788030.149999999
Wyoming,2020-07-12,15536010.6
Wyoming,2020-07-19,16371052.5
Wyoming,2020-07-26,16038079.3
Wyoming,2020-08-02,14532163.35
Wyoming,2020-08-09,13026247.399999999
Wyoming,2020-08-16,28917887.8
Wyoming,2020-08-23,15464858.600000001
Wyoming,2020-08-30,14990102.8
Wyoming,2020-09-06,11651381.4
Wyoming,2020-09-13,30010675.299999997
Wyoming,2020-09-20,14227153.399999999
Wyoming,2020-09-27,13709820.0
Wyoming,2020-10-04,13625928.25
Wyoming,2020-10-11,13542036.5
Wyoming,2020-10-18,13060878.899999999
Wyoming,2020-10-25,12396055.1
Wyoming,2020-11-01,16942416.133333333
Wyoming,2020-11-08,21488777.166666664
Wyoming,2020-11-15,26035138.2
Wyoming,2020-11-22,12776668.399999999
Wyoming,2020-11-29,11916095.9
Wyoming,2020-12-06,24270687.7
Wyoming,2020-12-13,28520711.4
Wyoming,2020-12-20,12978665.100000001
Wyoming,2020-12-27,12368153.8
Wyoming,2021-01-03,14416632.55
Wyoming,2021-01-10,16465111.299999999
Wyoming,2021-01-17,12324835.5
Wyoming,2021-01-24,12243266.6
Wyoming,2021-01-31,12380808.5
Wyoming,2021-02-07,14533146.9
Wyoming,2021-02-14,11857724.8
Wyoming,2021-02-21,12206507.1
Wyoming,2021-02-28,12722268.1
Wyoming,2021-03-07,12255352.4
Wyoming,2021-03-14,35598153.6
Wyoming,2021-03-21,13373539.399999999
Wyoming,2021-03-28,12786513.4
Wyoming,2021-04-04,13424498.899999999
Wyoming,2021-04-11,17873033.3
Wyoming,2021-04-18,13013595.100000001
Wyoming,2021-04-25,13628281.0
Wyoming,2021-05-02,14813378.0
Wyoming,2021-05-09,15998475.0
Wyoming,2021-05-16,33087384.9
Wyoming,2021-05-23,14893982.799999999
Wyoming,2021-05-30,15279758.700000001
Wyoming,2021-06-06,16692899.8
Wyoming,2021-06-13,16682966.4
Wyoming,2021-06-20,16736238.0
Wyoming,2021-06-27,16368764.600000001
Wyoming,2021-07-04,26237031.8
Wyoming,2021-07-11,19442597.6
Wyoming,2021-07-18,17100528.599999998
Wyoming,2021-07-25,17069849.3
Wyoming,2021-08-01,17045499.0
Wyoming,2021-08-08,17021148.7
Wyoming,2021-08-15,16898618.099999998
Wyoming,2021-08-22,16109258.799999999
Wyoming,2021-08-29,15228529.299999999
Wyoming,2021-09-05,14375411.100000001
Wyoming,2021-09-12,14686708.75
Wyoming,2021-09-19,14998006.4
Wyoming,2021-09-26,14524620.200000001
Wyoming,2021-10-03,12464568.700000001
Wyoming,2021-10-10,20630873.900000002
Wyoming,2021-10-17,19626613.9
Wyoming,2021-10-24,19280840.3
Wyoming,2021-10-31,19126431.900000002
Wyoming,2021-11-07,30278284.7
Wyoming,2021-11-14,18964164.099999998
Wyoming,2021-11-21,19314002.900000002
Wyoming,2021-11-28,18555035.8
Wyoming,2021-12-05,26243810.4
Wyoming,2021-12-12,33932585.0
Wyoming,2021-12-19,19943648.499999996
Wyoming,2021-12-26,19421554.8
Wyoming,2022-01-02,20259193.65
Wyoming,2022-01-09,21096832.5
Wyoming,2022-01-16,19293883.799999997
Wyoming,2022-01-23,18742366.0
Wyoming,2022-01-30,19087434.900000002
Wyoming,2022-02-06,18558114.399999995
Wyoming,2022-02-13,40454825.1
Wyoming,2022-02-20,18726524.8
Wyoming,2022-02-27,19316739.4
Wyoming,2022-03-06,20758232.700000003
Wyoming,2022-03-13,45920064.7
Wyoming,2022-03-20,19868981.899999995
Wyoming,2022-03-27,19955137.4
Wyoming,2022-04-03,22064007.549999997
Wyoming,2022-04-10,24172877.699999996
Wyoming,2022-04-17,39793823.5
Wyoming,2022-04-24,20089692.5
Wyoming,2022-05-01,22094925.299999997
Wyoming,2022-05-08,24100158.099999998
Wyoming,2022-05-15,21616612.5
Wyoming,2022-05-22,21585248.1
Wyoming,2022-05-29,22541743.6
Wyoming,2022-06-05,40139621.0
Wyoming,2022-06-12,20495110.5
Wyoming,2022-06-19,24740090.499999996
Wyoming,2022-06-26,24498523.400000002
Wyoming,2022-07-03,24849786.9
Wyoming,2022-07-10,25201050.4
Wyoming,2022-07-17,25693764.299999997
Wyoming,2022-07-24,26000871.2
Wyoming,2022-07-31,25244640.9
Wyoming,2022-08-07,21531689.1
Wyoming,2022-08-14,24566756.9
Wyoming,2022-08-21,23638623.8
Wyoming,2022-08-28,22936351.799999997
Wyoming,2022-09-04,19060213.1
Wyoming,2022-09-11,21604743.3
Wyoming,2022-09-18,22254098.5
Wyoming,2022-09-25,21497706.599999998
Wyoming,2022-10-02,33653757.99999999
Wyoming,2022-10-09,45809809.39999999
Wyoming,2022-10-16,20696539.2
Wyoming,2022-10-23,20298615.400000002
Wyoming,2022-10-30,19606306.000000004
Wyoming,2022-11-06,41124904.55
Wyoming,2022-11-13,62643503.099999994
Wyoming,2022-11-20,20184986.099999998
Wyoming,2022-11-27,19548922.2
Wyoming,2022-12-04,22106775.95
Wyoming,2022-12-11,24664629.7
Wyoming,2022-12-18,20651204.299999997
Wyoming,2022-12-25,21015452.599999998
Wyoming,2023-01-01,19128635.2
Wyoming,2023-01-08,19502494.6
Wyoming,2023-01-15,19876354.0
Wyoming,2023-01-22,19709726.700000003
Wyoming,2023-01-29,19594504.6
Wyoming,2023-02-05,20543373.099999998
Wyoming,2023-02-12,20319896.95
Wyoming,2023-02-19,20096420.8
Wyoming,2023-02-26,19972750.599999998
Wyoming,2023-03-05,20481604.93333333
Wyoming,2023-03-12,20990459.266666666
Wyoming,2023-03-19,21499313.599999998
Wyoming,2023-03-26,20230807.099999998
Wyoming,2023-04-02,20473467.9
Wyoming,2023-04-09,20716128.7
Wyoming,2023-04-16,20958789.5
Wyoming,2023-04-23,21367216.6
Wyoming,2023-04-30,22511772.2
Wyoming,2023-05-07,42099584.8
Wyoming,2023-05-14,40008166.63333333
Wyoming,2023-05-21,37916748.46666666
Wyoming,2023-05-28,35825330.3
Wyoming,2023-06-04,33733912.13333333
Wyoming,2023-06-11,31642493.966666665
Wyoming,2023-06-18,29551075.799999997
Wyoming,2023-06-25,27459657.633333333
Wyoming,2023-07-02,25368239.46666667
Wyoming,2023-07-09,23276821.3
Wyoming,2023-07-16,22340370.0
Wyoming,2023-07-23,21403918.7
Wyoming,2023-07-30,20467467.4
Wyoming,2023-08-06,19531016.099999998
Wyoming,2023-08-13,19862560.02
Wyoming,2023-08-20,20194103.94
Wyoming,2023-08-27,20525647.86
Wyoming,2023-09-03,20857191.78
Wyoming,2023-09-10,21188735.700000003
Wyoming,2023-09-17,22961814.275000002
Wyoming,2023-09-24,24734892.85
Wyoming,2023-10-01,26507971.425000004
Wyoming,2023-10-08,28281050.000000004
Wyoming,2023-10-15,30054128.575000003
Wyoming,2023-10-22,31827207.150000002
Wyoming,2023-10-29,33600285.725
Wyoming,2023-11-05,35373364.300000004
Wyoming,2023-11-12,37146442.875
Wyoming,2023-11-19,38919521.45
Wyoming,2023-11-26,40692600.025000006
Wyoming,2023-12-03,42465678.6
